sdk_va	sdk_names	verdict	repaired_va	method	confidence	changes_classification	classification_delta	evidence
00410330	App::Property::GetInt32	repaired-contained	0040fe00	containing-function-fallback	medium	True	UNKNOWN|P3|UNKNOWN->ENGINE_INTERFACE|P1|CONFIRMED	sdk=App::Property::GetInt32; containing=0040fe00(off+1328,tail-58,0040fe00..0041036a,FUN_0040fe00); xrefs_to=0; bytes=08ffffff6a006a00689eeb2d058b8d08; prologue=False padding=False; neighbors=0040fe00|00410370
0041dc60	Math::MultiplyVectorScalar	repaired-contained	0041dc10	containing-function-fallback	medium	True	UNKNOWN|P3|UNKNOWN->ENGINE_INTERFACE|P1|CONFIRMED	sdk=Math::MultiplyVectorScalar; containing=0041dc10(off+80,tail-61,0041dc10..0041dc9d,FUN_0041dc10); xrefs_to=0; bytes=45ecf30f1145f8f30f1045f0f30f1145; prologue=False padding=False; neighbors=0041dc10|0041dca0
0041e8e0	App::Property::GetValueBool	repaired-contained	0041e8b0	containing-function-fallback	medium	True	UNKNOWN|P3|UNKNOWN->ENGINE_INTERFACE|P1|CONFIRMED	sdk=App::Property::GetValueBool; containing=0041e8b0(off+48,tail-61,0041e8b0..0041e91d,FUN_0041e8b0); xrefs_to=0; bytes=55f88955fc837dfc0074118b4508508b; prologue=False padding=False; neighbors=0041e8b0|0041e920
0041e950	App::Property::GetValueInt32	repaired-contained	0041e920	containing-function-fallback	medium	True	UNKNOWN|P3|UNKNOWN->ENGINE_INTERFACE|P1|CONFIRMED	sdk=App::Property::GetValueInt32; containing=0041e920(off+48,tail-48,0041e920..0041e980,FUN_0041e920); xrefs_to=0; bytes=8b08894dfceb1ceb138b55f80fb74212; prologue=False padding=False; neighbors=0041e920|0041e990
0041e9c0	App::Property::GetValueUInt32	repaired-contained	0041e990	containing-function-fallback	medium	True	UNKNOWN|P3|UNKNOWN->ENGINE_INTERFACE|P1|CONFIRMED	sdk=App::Property::GetValueUInt32; containing=0041e990(off+48,tail-48,0041e990..0041e9f0,FUN_0041e990); xrefs_to=0; bytes=8b08894dfceb1ceb138b55f80fb74212; prologue=False padding=False; neighbors=0041e990|0041ea00
0041ea30	App::Property::GetValueFloat	repaired-contained	0041ea00	containing-function-fallback	medium	True	UNKNOWN|P3|UNKNOWN->ENGINE_INTERFACE|P1|CONFIRMED	sdk=App::Property::GetValueFloat; containing=0041ea00(off+48,tail-48,0041ea00..0041ea60,FUN_0041ea00); xrefs_to=0; bytes=8b08894dfceb1ceb138b55f80fb74212; prologue=False padding=False; neighbors=0041ea00|0041ea70
00427a10	App::Property::SetValueString16	repaired-contained	004279d0	containing-function-fallback	medium	True	UNKNOWN|P3|UNKNOWN->ENGINE_INTERFACE|P1|CONFIRMED	sdk=App::Property::SetValueString16; containing=004279d0(off+64,tail-60,004279d0..00427a4c,FUN_004279d0); xrefs_to=0; bytes=0000008b45fc668950128b4dfc0fb751; prologue=False padding=False; neighbors=004279d0|00427a50
00428010	App::Property::SetValueUInt32	repaired-contained	00427fd0	containing-function-fallback	medium	True	UNKNOWN|P3|UNKNOWN->ENGINE_INTERFACE|P1|CONFIRMED	sdk=App::Property::SetValueUInt32; containing=00427fd0(off+64,tail-67,00427fd0..00428053,FUN_00427fd0); xrefs_to=0; bytes=fc8b55088b028901b90a0000008b55fc; prologue=False padding=False; neighbors=00427fd0|00428060
004280a0	App::Property::SetValueFloat	repaired-contained	00428060	containing-function-fallback	medium	True	UNKNOWN|P3|UNKNOWN->ENGINE_INTERFACE|P1|CONFIRMED	sdk=App::Property::SetValueFloat; containing=00428060(off+64,tail-67,00428060..004280e3,FUN_00428060); xrefs_to=0; bytes=fc8b5508d902d919b80d0000008b4dfc; prologue=False padding=False; neighbors=00428060|004280f0
00436390	Audio::PlayAudio	repaired-contained	00436380	containing-function-fallback	medium	True	UNKNOWN|P3|UNKNOWN->ENGINE_INTERFACE|P1|CONFIRMED	sdk=Audio::PlayAudio; containing=00436380(off+16,tail-55,00436380..004363c7,FUN_00436380); xrefs_to=0; bytes=4dfc837dfc00741f8b55888b42108945; prologue=False padding=False; neighbors=00436380|004363d0
00436400	Audio::SetProperty	repaired-contained	004363d0	containing-function-fallback	medium	True	UNKNOWN|P3|UNKNOWN->ENGINE_INTERFACE|P1|CONFIRMED	sdk=Audio::SetProperty; containing=004363d0(off+48,tail-156,004363d0..0043649c,FUN_004363d0); xrefs_to=0; bytes=f8837df8000f84810000008b4df4898d; prologue=False padding=False; neighbors=004363d0|004364a0
0043acf0	Editors::EditorRigblock::SetShadedDisplay	repaired-contained	0043ac40	containing-function-fallback	medium	True	UNKNOWN|P3|UNKNOWN->GAMEPLAY_LOGIC|P1|CONFIRMED	sdk=Editors::EditorRigblock::SetShadedDisplay; containing=0043ac40(off+176,tail-3757,0043ac40..0043bb9d,FUN_0043ac40); xrefs_to=0; bytes=ff8b483c898dc0feffff83bdc0feffff; prologue=False padding=False; neighbors=0043ac40|0043bbc0
004474c0	App::Property::GetValue	repaired-contained	00447150	containing-function-fallback	medium	True	UNKNOWN|P3|UNKNOWN->ENGINE_INTERFACE|P1|CONFIRMED	sdk=App::Property::GetValue; containing=00447150(off+880,tail-3772,00447150..0044837c,FUN_00447150); xrefs_to=0; bytes=0fb7511285d2740cc78580feffff0100; prologue=False padding=False; neighbors=00447150|00448380
00453df0	Math::EulerToMatrix	repaired-contained	00453dc0	containing-function-fallback	medium	True	UNKNOWN|P3|UNKNOWN->ENGINE_INTERFACE|P1|CONFIRMED	sdk=Math::EulerToMatrix; containing=00453dc0(off+48,tail-37,00453dc0..00453e15,FUN_00453dc0); xrefs_to=0; bytes=e85ba4050033c083e001740c8b4dfc51; prologue=False padding=False; neighbors=00453dc0|00453e20
00478800	App::Property::SetValueBBox	repaired-contained	004786e0	containing-function-fallback	medium	True	UNKNOWN|P3|UNKNOWN->ENGINE_INTERFACE|P1|CONFIRMED	sdk=App::Property::SetValueBBox; containing=004786e0(off+288,tail-296,004786e0..00478928,FUN_004786e0); xrefs_to=0; bytes=52e8da56fbff83c4108945a4eb07c745; prologue=False padding=False; neighbors=004786e0|00478930
004ad850	Editors::EditorModel::Dispose	repaired-contained	004ad6f0	containing-function-fallback	medium	True	UNKNOWN|P3|UNKNOWN->GAMEPLAY_LOGIC|P1|CONFIRMED	sdk=Editors::EditorModel::Dispose; containing=004ad6f0(off+352,tail-485,004ad6f0..004ada35,FUN_004ad6f0); xrefs_to=0; bytes=f88d1488899554ffffff8b8554ffffff; prologue=False padding=False; neighbors=004ad6f0|004ada40
004ae280	Editors::EditorModel::SetName	repaired-contained	004ae260	containing-function-fallback	medium	True	UNKNOWN|P3|UNKNOWN->GAMEPLAY_LOGIC|P1|CONFIRMED	sdk=Editors::EditorModel::SetName; containing=004ae260(off+32,tail-289,004ae260..004ae3a1,FUN_004ae260); xrefs_to=0; bytes=02743f8b4de08b118955f0837d0c0074; prologue=False padding=False; neighbors=004ae260|004ae3b0
004ae440	Editors::EditorModel::SetDescription	repaired-contained	004ae3b0	containing-function-fallback	medium	True	UNKNOWN|P3|UNKNOWN->GAMEPLAY_LOGIC|P1|CONFIRMED	sdk=Editors::EditorModel::SetDescription; containing=004ae3b0(off+144,tail-3531,004ae3b0..004af20b,FUN_004ae3b0); xrefs_to=0; bytes=837df0ff7476c745d46ae31c05c745d8; prologue=False padding=False; neighbors=004ae3b0|004af210
004ae520	Editors::EditorModel::GetCreationName	repaired-contained	004ae3b0	containing-function-fallback	medium	True	UNKNOWN|P3|UNKNOWN->GAMEPLAY_LOGIC|P1|CONFIRMED	sdk=Editors::EditorModel::GetCreationName; containing=004ae3b0(off+368,tail-3307,004ae3b0..004af20b,FUN_004ae3b0); xrefs_to=0; bytes=38fdffff8b0233c96689088b9538fdff; prologue=False padding=False; neighbors=004ae3b0|004af210
004ae8d0	Editors::EditorModel::Load	repaired-contained	004ae3b0	containing-function-fallback	medium	True	UNKNOWN|P3|UNKNOWN->GAMEPLAY_LOGIC|P1|CONFIRMED	sdk=Editors::EditorModel::Load; containing=004ae3b0(off+1312,tail-2363,004ae3b0..004af20b,FUN_004ae3b0); xrefs_to=0; bytes=fcffffeb0ac78520fcffff000000008b; prologue=False padding=False; neighbors=004ae3b0|004af210
004af730	App::Property::GetUInt32	repaired-contained	004af260	containing-function-fallback	medium	True	UNKNOWN|P3|UNKNOWN->ENGINE_INTERFACE|P1|CONFIRMED	sdk=App::Property::GetUInt32; containing=004af260(off+1232,tail-1213,004af260..004afbed,FUN_004af260); xrefs_to=0; bytes=f3a58b75c481c6f00000008b7dd083c7; prologue=False padding=False; neighbors=004af260|004afbf0
004af780	Editors::EditorModel::Save	repaired-contained	004af260	containing-function-fallback	medium	True	UNKNOWN|P3|UNKNOWN->GAMEPLAY_LOGIC|P1|CONFIRMED	sdk=Editors::EditorModel::Save; containing=004af260(off+1312,tail-1133,004af260..004afbed,FUN_004af260); xrefs_to=0; bytes=4908894a088b55d08b45c48b88cc0100; prologue=False padding=False; neighbors=004af260|004afbf0
004b62f0	App::Property::SetValueString8	repaired-contained	004b62a0	containing-function-fallback	medium	True	UNKNOWN|P3|UNKNOWN->ENGINE_INTERFACE|P1|CONFIRMED	sdk=App::Property::SetValueString8; containing=004b62a0(off+80,tail-71,004b62a0..004b6337,FUN_004b62a0); xrefs_to=0; bytes=8b4de48b510489108b45e48b0881c100; prologue=False padding=False; neighbors=004b62a0|004b6340
004bc5b0	App::cPropManager::CreateResourceAsync	repaired-contained	004bc540	containing-function-fallback	medium	True	ENGINE_IMPLEMENTATION|P1|INFERRED->ENGINE_INTERFACE|P3|CONFIRMED	sdk=App::cPropManager::CreateResourceAsync; containing=004bc540(off+112,tail-107,004bc540..004bc61b,FUN_004bc540); xrefs_to=0; bytes=65817d14e4a8973d742d817d14468c97; prologue=False padding=False; neighbors=004bc540|004bc620
004bf970	Editors::cCreatureDataResource::Read	repaired-contained	004bf770	containing-function-fallback	medium	True	UNKNOWN|P3|UNKNOWN->GAMEPLAY_LOGIC|P1|CONFIRMED	sdk=Editors::cCreatureDataResource::Read; containing=004bf770(off+512,tail-116,004bf770..004bf9e4,FUN_004bf770); xrefs_to=0; bytes=8b55c0528b45088b108b4d088b4238ff; prologue=False padding=False; neighbors=004bf770|004bf9f0
004bfcb0	Editors::cCreatureDataResource::Write	repaired-contained	004bfc40	containing-function-fallback	medium	True	UNKNOWN|P3|UNKNOWN->GAMEPLAY_LOGIC|P1|CONFIRMED	sdk=Editors::cCreatureDataResource::Write; containing=004bfc40(off+112,tail-872,004bfc40..004c0018,FUN_004bfc40); xrefs_to=0; bytes=0300008b4dcc8b118b420c8945f4c745; prologue=False padding=False; neighbors=004bfc40|004c0020
004c4a50	Editors::cEditorSkin::GetMesh	repaired-contained	004c4a30	containing-function-fallback	medium	True	UNKNOWN|P3|UNKNOWN->GAMEPLAY_LOGIC|P1|CONFIRMED	sdk=Editors::cEditorSkin::GetMesh; containing=004c4a30(off+32,tail-725,004c4a30..004c4d25,FUN_004c4a30); xrefs_to=0; bytes=1f83bd70ffffff010f84a500000083bd; prologue=False padding=False; neighbors=004c4a30|004c4d30
004c5270	Editors::cEditorSkin::PaintSkin	repaired-contained	004c5200	containing-function-fallback	medium	True	UNKNOWN|P3|UNKNOWN->GAMEPLAY_LOGIC|P1|CONFIRMED	sdk=Editors::cEditorSkin::PaintSkin; containing=004c5200(off+112,tail-1593,004c5200..004c58a9,FUN_004c5200); xrefs_to=0; bytes=c25c8955ac8b45ac833800743e8b4dac; prologue=False padding=False; neighbors=004c5200|004c58b0
004c5920	Editors::cEditorSkin::IsPainting	repaired-contained	004c5910	containing-function-fallback	medium	True	UNKNOWN|P3|UNKNOWN->GAMEPLAY_LOGIC|P1|CONFIRMED	sdk=Editors::cEditorSkin::IsPainting; containing=004c5910(off+16,tail-90,004c5910..004c597a,FUN_004c5910); xrefs_to=0; bytes=45ec8b4870894dfc8b55088b45fc8902; prologue=False padding=False; neighbors=004c5910|004c5980
004c7460	Editors::cEditorSkinMeshBase::FromRigblocks	repaired-contained	004c73f0	containing-function-fallback	medium	True	UNKNOWN|P3|UNKNOWN->GAMEPLAY_LOGIC|P1|CONFIRMED	sdk=Editors::cEditorSkinMeshBase::FromRigblocks; containing=004c73f0(off+112,tail-12229,004c73f0..004ca425,FUN_004c73f0); xrefs_to=0; bytes=2430190000000f85cb0000006a006a00; prologue=False padding=False; neighbors=004c73f0|004ca430
004d3d30	Simulator::cCreatureAbility::GetAnimationID	adjudicated-tail-alias	NULL	tail-bytes-no-callers	medium	False	no-triage-row-affected	sdk=Simulator::cCreatureAbility::GetAnimationID; containing=004d3d20(off+16,tail-3,004d3d20..004d3d33,FUN_004d3d20); xrefs_to=0; bytes=8be55dc3cccccccccccccccccccccccc; prologue=False padding=False; neighbors=004d3d20|004d3d40
004d9310	Simulator::cCreatureAbility::Parse	repaired-contained	004d92b0	containing-function-fallback	medium	True	UNKNOWN|P3|UNKNOWN->GAMEPLAY_LOGIC|P1|CONFIRMED	sdk=Simulator::cCreatureAbility::Parse; containing=004d92b0(off+96,tail-4030,004d92b0..004da2ce,FUN_004d92b0); xrefs_to=0; bytes=8b4d0c51e847801c0083c40cc745f400; prologue=False padding=False; neighbors=004d92b0|004da330
004da390	Simulator::cSpeciesProfile::GetSpeciesName	adjudicated-tail-alias	NULL	tail-bytes-no-callers	medium	False	no-triage-row-affected	sdk=Simulator::cSpeciesProfile::GetSpeciesName; containing=004da330(off+96,tail-8,004da330..004da398,FUN_004da330); xrefs_to=0; bytes=83c40c8be55dc20400cccccccccccccc; prologue=False padding=False; neighbors=004da330|004da3a0
004df5c0	Editors::cSpeciesManager::GetSpeciesProfile	repaired-contained	004df550	containing-function-fallback	medium	True	UNKNOWN|P3|UNKNOWN->GAMEPLAY_LOGIC|P1|CONFIRMED	sdk=Editors::cSpeciesManager::GetSpeciesProfile; containing=004df550(off+112,tail-260,004df550..004df6c4,FUN_004df550); xrefs_to=0; bytes=ffffff81c2a40000008b028945f08b4a; prologue=False padding=False; neighbors=004df550|004df6d0
00506630	Skinner::cSkinPainter::CreateTextures	repaired-contained	00506590	containing-function-fallback	medium	True	UNKNOWN|P3|UNKNOWN->GAMEPLAY_LOGIC|P1|CONFIRMED	sdk=Skinner::cSkinPainter::CreateTextures; containing=00506590(off+160,tail-150,00506590..005066c6,FUN_00506590); xrefs_to=0; bytes=6a64e8690da40083c4188945f4837df4; prologue=False padding=False; neighbors=00506590|005066d0
005171b0	Skinner::cSkinPainterJob::DrawLayer	repaired-contained	00517160	containing-function-fallback	medium	True	ENGINE_IMPLEMENTATION|P1|INFERRED->GAMEPLAY_LOGIC|P3|CONFIRMED	sdk=Skinner::cSkinPainterJob::DrawLayer; containing=00517160(off+80,tail-141,00517160..0051723d,FUN_00517160); xrefs_to=0; bytes=d91bc983e10383c101894df8c745f400; prologue=False padding=False; neighbors=00517160|00517240
00518310	Skinner::cSkinPainterJobApplyBrushes::Execute	repaired-contained	005182f0	containing-function-fallback	medium	True	ENGINE_IMPLEMENTATION|P1|INFERRED->GAMEPLAY_LOGIC|P3|CONFIRMED	sdk=Skinner::cSkinPainterJobApplyBrushes::Execute; containing=005182f0(off+32,tail-160,005182f0..005183b0,FUN_005182f0); xrefs_to=0; bytes=c885c9743cc745fc00000000eb098b55; prologue=False padding=False; neighbors=005182f0|005183c0
005183e0	Skinner::cSkinPainterJobColorDilateRepeat::Execute	repaired-contained	005183c0	containing-function-fallback	medium	True	UNKNOWN|P3|UNKNOWN->GAMEPLAY_LOGIC|P1|CONFIRMED	sdk=Skinner::cSkinPainterJobColorDilateRepeat::Execute; containing=005183c0(off+32,tail-1812,005183c0..00518af4,FUN_005183c0); xrefs_to=0; bytes=78534801f30f1145f8f30f1005785348; prologue=False padding=False; neighbors=005183c0|00518b00
00518c10	Skinner::cSkinPainterJobCopyTex1AlphaToTex0::Execute	repaired-contained	00518bf0	containing-function-fallback	medium	True	UNKNOWN|P3|UNKNOWN->GAMEPLAY_LOGIC|P1|CONFIRMED	sdk=Skinner::cSkinPainterJobCopyTex1AlphaToTex0::Execute; containing=00518bf0(off+32,tail-212,00518bf0..00518ce4,FUN_00518bf0); xrefs_to=0; bytes=8945f8e86884eeff8945dc8b4ddc8b51; prologue=False padding=False; neighbors=00518bf0|00518cf0
00518d10	Skinner::cSkinPainterJobBumpToNormal::Execute	repaired-contained	00518cf0	containing-function-fallback	medium	True	UNKNOWN|P3|UNKNOWN->GAMEPLAY_LOGIC|P1|CONFIRMED	sdk=Skinner::cSkinPainterJobBumpToNormal::Execute; containing=00518cf0(off+32,tail-495,00518cf0..00518eff,FUN_00518cf0); xrefs_to=0; bytes=8b4db0e8f8991800d95de0f30f1045e0; prologue=False padding=False; neighbors=00518cf0|00518f10
00518f20	Skinner::cSkinPainterJobAmbientOcclusion::Execute	repaired-contained	00518f10	containing-function-fallback	medium	True	UNKNOWN|P3|UNKNOWN->GAMEPLAY_LOGIC|P1|CONFIRMED	sdk=Skinner::cSkinPainterJobAmbientOcclusion::Execute; containing=00518f10(off+16,tail-1815,00518f10..00519637,FUN_00518f10); xrefs_to=0; bytes=010000e85881eeff898424080100008b; prologue=False padding=False; neighbors=00518f10|00519640
00519650	Skinner::cSkinPainterJobPaintParts::Execute	repaired-contained	00519640	containing-function-fallback	medium	True	UNKNOWN|P3|UNKNOWN->GAMEPLAY_LOGIC|P1|CONFIRMED	sdk=Skinner::cSkinPainterJobPaintParts::Execute; containing=00519640(off+16,tail-3314,00519640..0051a342,FUN_00519640); xrefs_to=0; bytes=2c7aeeff89851cffffff8b851cffffff; prologue=False padding=False; neighbors=00519640|0051a350
0051a360	Skinner::cSkinPainterJobCopyRigblocksTintMaskAlpha::Execute	repaired-contained	0051a350	containing-function-fallback	medium	True	UNKNOWN|P3|UNKNOWN->GAMEPLAY_LOGIC|P1|CONFIRMED	sdk=Skinner::cSkinPainterJobCopyRigblocksTintMaskAlpha::Execute; containing=0051a350(off+16,tail-817,0051a350..0051a691,FUN_0051a350); xrefs_to=0; bytes=1c6deeff8945b08b45b08b480c894dac; prologue=False padding=False; neighbors=0051a350|0051a6a0
0051a9b0	Skinner::cSkinPainterPipeline::Initialize	repaired-contained	0051a9a0	containing-function-fallback	medium	True	UNKNOWN|P3|UNKNOWN->GAMEPLAY_LOGIC|P1|CONFIRMED	sdk=Skinner::cSkinPainterPipeline::Initialize; containing=0051a9a0(off+16,tail-239,0051a9a0..0051aa9f,FUN_0051a9a0); xrefs_to=0; bytes=0000000000008b4dcc83c108894dd88b; prologue=False padding=False; neighbors=0051a9a0|0051aaa0
0051ab60	Skinner::cSkinPainterPipeline::PreloadTextures	repaired-contained	0051ab50	containing-function-fallback	medium	True	UNKNOWN|P3|UNKNOWN->GAMEPLAY_LOGIC|P1|CONFIRMED	sdk=Skinner::cSkinPainterPipeline::PreloadTextures; containing=0051ab50(off+16,tail-1122,0051ab50..0051afc2,FUN_0051ab50); xrefs_to=0; bytes=1c65eeff8945a88b45a88b480c894da4; prologue=False padding=False; neighbors=0051ab50|0051afd0
0051afe0	Skinner::cSkinPainterPipeline::ExecutePipeline	repaired-contained	0051afd0	containing-function-fallback	medium	True	UNKNOWN|P3|UNKNOWN->GAMEPLAY_LOGIC|P1|CONFIRMED	sdk=Skinner::cSkinPainterPipeline::ExecutePipeline; containing=0051afd0(off+16,tail-5193,0051afd0..0051c429,FUN_0051afd0); xrefs_to=0; bytes=9c60eeff8945fc8b8534feffff8b8844; prologue=False padding=False; neighbors=0051afd0|0051c470
00530280	IO::ReadCString	repaired-contained	005300d0	containing-function-fallback	medium	True	UNKNOWN|P3|UNKNOWN->ENGINE_INTERFACE|P1|CONFIRMED	sdk=IO::ReadCString; containing=005300d0(off+432,tail-33,005300d0..005302a1,FUN_005300d0); xrefs_to=0; bytes=51e8faa4400083c410eba68b551083c2; prologue=False padding=False; neighbors=005300d0|005302b0
005a2030	Editors::EditorCamera::Cast	repaired-contained	005a2010	containing-function-fallback	medium	True	UNKNOWN|P3|UNKNOWN->GAMEPLAY_LOGIC|P1|CONFIRMED	sdk=Editors::EditorCamera::Cast; containing=005a2010(off+32,tail-18,005a2010..005a2042,FUN_005a2010); xrefs_to=0; bytes=88000000740989417489517889717c5e; prologue=False padding=False; neighbors=005a2010|005a2050
005a2060	Editors::EditorCamera::OnKeyDown	adjudicated-tail-alias	NULL	tail-bytes-no-callers	medium	False	no-triage-row-affected	sdk=Editors::EditorCamera::OnKeyDown; containing=005a2050(off+16,tail-2,005a2050..005a2062,Editors::EditorCamera::func24h); xrefs_to=0; bytes=c20400cccccccccccccccccccccccccc; prologue=False padding=False; neighbors=005a2050|005a2200
005a2100	Editors::EditorCamera::OnKeyUp	adjudicated-dead-address	NULL	no-container-no-callers-no-prologue	low	False	no-triage-row-affected	sdk=Editors::EditorCamera::OnKeyUp; containing=NONE(No function found for 0x005a2100); xrefs_to=0; bytes=01010101010101010101010101010101; prologue=False padding=False; neighbors=005a2050|005a2200
005a21a0	Editors::EditorCamera::OnMouseUp	adjudicated-dead-address	NULL	no-container-no-callers-no-prologue	low	False	no-triage-row-affected	sdk=Editors::EditorCamera::OnMouseUp; containing=NONE(No function found for 0x005a21a0); xrefs_to=0; bytes=01010101010101010101010101010101; prologue=False padding=False; neighbors=005a2050|005a2200
005a22f0	Editors::EditorCamera::OnEnter	adjudicated-tail-alias	NULL	tail-bytes-no-callers	medium	False	no-triage-row-affected	sdk=Editors::EditorCamera::OnEnter; containing=005a22d0(off+32,tail-3,005a22d0..005a22f3,FUN_005a22d0); xrefs_to=0; bytes=d95954c3cccccccccccccccccccccccc; prologue=False padding=False; neighbors=005a22d0|005a2300
005a2560	Editors::EditorCamera::OnMouseWheel	repaired-contained	005a24c0	containing-function-fallback	medium	True	UNKNOWN|P3|UNKNOWN->GAMEPLAY_LOGIC|P1|CONFIRMED	sdk=Editors::EditorCamera::OnMouseWheel; containing=005a24c0(off+160,tail-27,005a24c0..005a257b,FUN_005a24c0); xrefs_to=0; bytes=3074098b08d901d95e405ec30fb7c9f7; prologue=False padding=False; neighbors=005a24c0|005a2600
005a25e0	Editors::EditorCamera::Initialize	adjudicated-dead-address	NULL	no-container-no-callers-no-prologue	low	False	no-triage-row-affected	sdk=Editors::EditorCamera::Initialize; containing=NONE(No function found for 0x005a25e0); xrefs_to=0; bytes=7605f30f114e385fc6869c0000000132; prologue=False padding=False; neighbors=005a24c0|005a2600
005a2f00	Editors::EditorCamera::OnMouseDown	repaired-contained	005a2ed0	containing-function-fallback	medium	True	ENGINE_IMPLEMENTATION|P1|INFERRED->GAMEPLAY_LOGIC|P3|CONFIRMED	sdk=Editors::EditorCamera::OnMouseDown; containing=005a2ed0(off+48,tail-30,005a2ed0..005a2f1e,FUN_005a2ed0); xrefs_to=0; bytes=01c7460494b33e01c70638b93e017409; prologue=False padding=False; neighbors=005a2ed0|005a3080
005a2f70	Editors::EditorCamera::OnMouseMove	adjudicated-dead-address	NULL	no-container-no-callers-no-prologue	low	False	no-triage-row-affected	sdk=Editors::EditorCamera::OnMouseMove; containing=NONE(No function found for 0x005a2f70); xrefs_to=0; bytes=01f30f114624b0015ec21000cccccccc; prologue=False padding=False; neighbors=005a2ed0|005a3080
005a3e00	Editors::EditorCamera::Update	adjudicated-tail-alias	NULL	tail-bytes-no-callers	medium	False	no-triage-row-affected	sdk=Editors::EditorCamera::Update; containing=005a33c0(off+2624,tail-13,005a33c0..005a3e0d,FUN_005a33c0); xrefs_to=0; bytes=385f5e5b5d81c4b0020000c20800cccc; prologue=False padding=False; neighbors=005a33c0|005a41e0
005a41f0	Palettes::ColorPickerUI::SetVisible	adjudicated-tail-alias	NULL	tail-bytes-no-callers	medium	False	no-triage-row-affected	sdk=Palettes::ColorPickerUI::SetVisible; containing=005a41e0(off+16,tail-6,005a41e0..005a41f6,FUN_005a41e0); xrefs_to=0; bytes=83e001c332c0c3cccccccccccccccccc; prologue=False padding=False; neighbors=005a41e0|005a4200
005a44f0	Palettes::ColorSwatchUI::SetArea	adjudicated-tail-alias	NULL	tail-bytes-no-callers	medium	False	no-triage-row-affected	sdk=Palettes::ColorSwatchUI::SetArea; containing=005a4250(off+672,tail-6,005a4250..005a44f6,FUN_005a4250); xrefs_to=0; bytes=5e83c42cc21800cccccccccccccccccc; prologue=False padding=False; neighbors=005a4250|005a4500
005a4620	Palettes::ColorSwatchUI::Hide	adjudicated-tail-alias	NULL	tail-bytes-no-callers	medium	False	no-triage-row-affected	sdk=Palettes::ColorSwatchUI::Hide; containing=005a45d0(off+80,tail-0,005a45d0..005a4620,FUN_005a45d0); xrefs_to=0; bytes=00cccccccccccccccccccccccccccccc; prologue=False padding=False; neighbors=005a45d0|005a4630
005a4670	Palettes::ColorSwatchUI::AddTooltip	adjudicated-tail-alias	NULL	tail-bytes-no-callers	medium	False	no-triage-row-affected	sdk=Palettes::ColorSwatchUI::AddTooltip; containing=005a4630(off+64,tail-11,005a4630..005a467b,FUN_005a4630); xrefs_to=0; bytes=7c536a01ffd2885e0f5e5bc3cccccccc; prologue=False padding=False; neighbors=005a4630|005a4680
005a4740	Palettes::ColorPickerUI::GetSwatchArea	adjudicated-tail-alias	NULL	tail-bytes-no-callers	medium	False	no-triage-row-affected	sdk=Palettes::ColorPickerUI::GetSwatchArea; containing=005a4680(off+192,tail-15,005a4680..005a474f,FUN_005a4680); xrefs_to=0; bytes=2414e8f90a11005f5e5b83c41cc20400; prologue=False padding=False; neighbors=005a4680|005a4750
005a4980	Palettes::ColorSwatchUI::GenerateExpansionArea	adjudicated-tail-alias	NULL	tail-bytes-no-callers	medium	False	no-triage-row-affected	sdk=Palettes::ColorSwatchUI::GenerateExpansionArea; containing=005a4970(off+16,tail-9,005a4970..005a4989,FUN_005a4970); xrefs_to=0; bytes=a56cb203ffd0c333c0c3cccccccccccc; prologue=False padding=False; neighbors=005a4970|005a4990
005a4e10	Palettes::ColorPickerUI::SetColor	adjudicated-tail-alias	NULL	tail-bytes-no-callers	medium	False	no-triage-row-affected	sdk=Palettes::ColorPickerUI::SetColor; containing=005a4b80(off+656,tail-11,005a4b80..005a4e1b,FUN_005a4b80); xrefs_to=0; bytes=0ce8eaf6ffff5f5e83c428c3cccccccc; prologue=False padding=False; neighbors=005a4b80|005a4e20
005a51b0	Palettes::ColorSwatchUI::Load	adjudicated-tail-alias	NULL	tail-bytes-no-callers	medium	False	no-triage-row-affected	sdk=Palettes::ColorSwatchUI::Load; containing=005a51a0(off+16,tail-13,005a51a0..005a51bd,FUN_005a51a0); xrefs_to=0; bytes=e8cb219a0083c4048bc65ec20400cccc; prologue=False padding=False; neighbors=005a51a0|005a51c0
005a5b60	Palettes::ColorSwatchUI::HandleUIMessage	adjudicated-tail-alias	NULL	tail-bytes-no-callers	medium	False	no-triage-row-affected	sdk=Palettes::ColorSwatchUI::HandleUIMessage; containing=005a5b10(off+80,tail-6,005a5b10..005a5b66,FUN_005a5b10); xrefs_to=0; bytes=048bc65ec20400cccccccccccccccccc; prologue=False padding=False; neighbors=005a5b10|005a5b70
005a5da0	Palettes::ColorSwatchUI::Destroy	adjudicated-tail-alias	NULL	tail-bytes-no-callers	medium	False	no-triage-row-affected	sdk=Palettes::ColorSwatchUI::Destroy; containing=005a5b70(off+560,tail-4,005a5b70..005a5da4,FUN_005a5b70); xrefs_to=0; bytes=c05bc20800cccccccccccccccccccccc; prologue=False padding=False; neighbors=005a5b70|005a5db0
005a5eb0	Palettes::ColorPickerUI::Load	adjudicated-tail-alias	NULL	tail-bytes-no-callers	medium	False	no-triage-row-affected	sdk=Palettes::ColorPickerUI::Load; containing=005a5db0(off+256,tail-3,005a5db0..005a5eb3,FUN_005a5db0); xrefs_to=0; bytes=5e5d5bc3cccccccccccccccccccccccc; prologue=False padding=False; neighbors=005a5db0|005a5ec0
005a63c0	Palettes::ColorSwatchUI::Update	adjudicated-tail-alias	NULL	tail-bytes-no-callers	medium	False	no-triage-row-affected	sdk=Palettes::ColorSwatchUI::Update; containing=005a6390(off+48,tail-5,005a6390..005a63c5,FUN_005a6390); xrefs_to=0; bytes=87005f5e5bc3cccccccccccccccccccc; prologue=False padding=False; neighbors=005a6390|005a63d0
005a6da0	Palettes::ColorPickerUI::Update	adjudicated-tail-alias	NULL	tail-bytes-no-callers	medium	False	no-triage-row-affected	sdk=Palettes::ColorPickerUI::Update; containing=005a63d0(off+2512,tail-4,005a63d0..005a6da4,FUN_005a63d0); xrefs_to=0; bytes=c454c20800cccccccccccccccccccccc; prologue=False padding=False; neighbors=005a63d0|005a6db0
005a92c0	Editors::EditorRequest::Submit	repaired-contained	005a9200	containing-function-fallback	medium	True	UNKNOWN|P3|UNKNOWN->GAMEPLAY_LOGIC|P1|CONFIRMED	sdk=Editors::EditorRequest::Submit; containing=005a9200(off+192,tail-512,005a9200..005a94c0,FUN_005a9200); xrefs_to=0; bytes=8b4204ffd06a00c743303213e1006a00; prologue=False padding=False; neighbors=005a9200|005a94d0
005a9c70	App::cMouseCamera::OnMouseUp	repaired-contained	005a9c40	containing-function-fallback	medium	True	UNKNOWN|P3|UNKNOWN->ENGINE_INTERFACE|P1|CONFIRMED	sdk=App::cMouseCamera::OnMouseUp; containing=005a9c40(off+48,tail-202,005a9c40..005a9d3a,FUN_005a9c40); xrefs_to=0; bytes=08f30f5c61080f28c8f30f59c8f30f59; prologue=False padding=False; neighbors=005a9c40|005a9d40
005aadb0	UTFWin::Window::GetWindowManager	adjudicated-dead-address	NULL	no-container-no-callers-no-prologue	low	False	no-triage-row-affected	sdk=UTFWin::Window::GetWindowManager; containing=NONE(No function found for 0x005aadb0); xrefs_to=0; bytes=745083b93c0300000074478d44246450; prologue=False padding=False; neighbors=005aad00|005ab1b0
005aca30	UTFWin::VariableWidthDrawable::IsColliding	repaired-contained	005ac9f0	containing-function-fallback	medium	True	UNKNOWN|P3|UNKNOWN->ENGINE_INTERFACE|P1|CONFIRMED	sdk=UTFWin::VariableWidthDrawable::IsColliding; containing=005ac9f0(off+64,tail-33,005ac9f0..005aca51,FUN_005ac9f0); xrefs_to=0; bytes=0f114630894648884604f30f114640f3; prologue=False padding=False; neighbors=005ac9f0|005acc90
005bfad0	UI::EditorNamePanel::HandleMessage	repaired-contained	005bf9d0	containing-function-fallback	medium	True	ENGINE_IMPLEMENTATION|P1|INFERRED->GAMEPLAY_LOGIC|P3|CONFIRMED	sdk=UI::EditorNamePanel::HandleMessage; containing=005bf9d0(off+256,tail-148,005bf9d0..005bfb64,FUN_005bf9d0); xrefs_to=0; bytes=4210ffd03bc375ef5b5fb0015e83c408; prologue=False padding=False; neighbors=005bf9d0|005bfb70
005bfe40	UI::EditorNamePanel::Initialize	repaired-contained	005bfd40	containing-function-fallback	medium	True	UNKNOWN|P3|UNKNOWN->GAMEPLAY_LOGIC|P1|CONFIRMED	sdk=UI::EditorNamePanel::Initialize; containing=005bfd40(off+256,tail-408,005bfd40..005bffd8,FUN_005bfd40); xrefs_to=0; bytes=0168485e4105e86507250085c07414e8; prologue=False padding=False; neighbors=005bfd40|005bfff0
005c01f0	UI::EditorNamePanel::HandleUIMessage	repaired-contained	005c0100	containing-function-fallback	medium	True	ENGINE_IMPLEMENTATION|P1|INFERRED->GAMEPLAY_LOGIC|P3|CONFIRMED	sdk=UI::EditorNamePanel::HandleUIMessage; containing=005c0100(off+240,tail-299,005c0100..005c031b,FUN_005c0100); xrefs_to=0; bytes=1e0100008b40048b108bc88b421cffd0; prologue=False padding=False; neighbors=005c0100|005c0320
005c0470	UI::EditorNamePanel::SetExtended	repaired-contained	005c0380	containing-function-fallback	medium	True	ENGINE_IMPLEMENTATION|P1|INFERRED->GAMEPLAY_SUPPORT|P3|CONFIRMED	sdk=UI::EditorNamePanel::SetExtended; containing=005c0380(off+240,tail-712,005c0380..005c0738,FUN_005c0380); xrefs_to=0; bytes=e82bc60b008b10578bc88b424c6a00ff; prologue=False padding=False; neighbors=005c0380|005c0770
005c0930	Palettes::PageArrowsUI::Load	repaired-contained	005c0840	containing-function-fallback	medium	True	UNKNOWN|P3|UNKNOWN->GAMEPLAY_LOGIC|P1|CONFIRMED	sdk=Palettes::PageArrowsUI::Load; containing=005c0840(off+240,tail-92,005c0840..005c098c,FUN_005c0840); xrefs_to=0; bytes=24243bdf74198b138b42088bcbffd089; prologue=False padding=False; neighbors=005c0840|005c0990
005c0af0	Palettes::PageArrowsUI::HandleUIMessage	repaired-contained	005c0a60	containing-function-fallback	medium	True	UNKNOWN|P3|UNKNOWN->GAMEPLAY_LOGIC|P1|CONFIRMED	sdk=Palettes::PageArrowsUI::HandleUIMessage; containing=005c0a60(off+144,tail-133,005c0a60..005c0b75,FUN_005c0a60); xrefs_to=0; bytes=8b118b427c6a016a01ffd08b74241039; prologue=False padding=False; neighbors=005c0a60|005c0ba0
005c0b50	Palettes::PageArrowsUI::Update	repaired-contained	005c0a60	containing-function-fallback	medium	True	UNKNOWN|P3|UNKNOWN->GAMEPLAY_LOGIC|P1|CONFIRMED	sdk=Palettes::PageArrowsUI::Update; containing=005c0a60(off+240,tail-37,005c0a60..005c0b75,FUN_005c0a60); xrefs_to=0; bytes=c883e1fe83f902897720896f247e0d85; prologue=False padding=False; neighbors=005c0a60|005c0ba0
005c1e30	Palettes::PaletteCategory::HasCategory	repaired-contained	005c1e20	containing-function-fallback	medium	True	UNKNOWN|P3|UNKNOWN->GAMEPLAY_LOGIC|P1|CONFIRMED	sdk=Palettes::PaletteCategory::HasCategory; containing=005c1e20(off+16,tail-490,005c1e20..005c201a,FUN_005c1e20); xrefs_to=0; bytes=441dd04d5101578bf1c7442410000000; prologue=False padding=False; neighbors=005c1e20|005c2020
005c1e60	Palettes::PaletteCategory::GetCategory	repaired-contained	005c1e20	containing-function-fallback	medium	True	UNKNOWN|P3|UNKNOWN->GAMEPLAY_LOGIC|P1|CONFIRMED	sdk=Palettes::PaletteCategory::GetCategory; containing=005c1e20(off+64,tail-442,005c1e20..005c201a,FUN_005c1e20); xrefs_to=0; bytes=078b55008b402c8d4c24105153528bcf; prologue=False padding=False; neighbors=005c1e20|005c2020
005c1f10	Palettes::PaletteCategory::ReadProp	repaired-contained	005c1e20	containing-function-fallback	medium	True	UNKNOWN|P3|UNKNOWN->GAMEPLAY_LOGIC|P1|CONFIRMED	sdk=Palettes::PaletteCategory::ReadProp; containing=005c1e20(off+240,tail-266,005c1e20..005c201a,FUN_005c1e20); xrefs_to=0; bytes=64a5e003ffd084c074148b4c24286639; prologue=False padding=False; neighbors=005c1e20|005c2020
005c2e20	Palettes::PaletteCategoryUI::GetSelectedRigblockPaint	repaired-contained	005c2e00	containing-function-fallback	medium	True	UNKNOWN|P3|UNKNOWN->GAMEPLAY_LOGIC|P1|CONFIRMED	sdk=Palettes::PaletteCategoryUI::GetSelectedRigblockPaint; containing=005c2e00(off+32,tail-33,005c2e00..005c2e41,FUN_005c2e00); xrefs_to=0; bytes=c074178b8e9c000000e8026a00008bf0; prologue=False padding=False; neighbors=005c2e00|005c2e50
005c30f0	Palettes::PaletteCategoryUI::LayoutPagePanel	repaired-contained	005c3000	containing-function-fallback	medium	True	UNKNOWN|P3|UNKNOWN->GAMEPLAY_LOGIC|P1|CONFIRMED	sdk=Palettes::PaletteCategoryUI::LayoutPagePanel; containing=005c3000(off+240,tail-198,005c3000..005c31b6,FUN_005c3000); xrefs_to=0; bytes=14f30f1144241c8b118b526c8d442410; prologue=False padding=False; neighbors=005c3000|005c31c0
005c37e0	Palettes::PaletteCategoryUI::HandleMessage	adjudicated-dead-address	NULL	no-container-no-callers-no-prologue	low	False	no-triage-row-affected	sdk=Palettes::PaletteCategoryUI::HandleMessage; containing=NONE(No function found for 0x005c37e0); xrefs_to=0; bytes=168b522c8d44244c508b87c800000051; prologue=False padding=False; neighbors=005c3680|005c3a50
005c3d10	Palettes::PaletteCategoryUI::FlipPage	repaired-contained	005c3cb0	containing-function-fallback	medium	True	UNKNOWN|P3|UNKNOWN->GAMEPLAY_LOGIC|P1|CONFIRMED	sdk=Palettes::PaletteCategoryUI::FlipPage; containing=005c3cb0(off+96,tail-127,005c3cb0..005c3d8f,FUN_005c3cb0); xrefs_to=0; bytes=8b0caa8b018b50286a006a04ffd28b46; prologue=False padding=False; neighbors=005c3cb0|005c3d90
005c41a0	Palettes::PaletteCategoryUI::HandleUIMessage	adjudicated-tail-alias	NULL	tail-bytes-no-callers	medium	False	no-triage-row-affected	sdk=Palettes::PaletteCategoryUI::HandleUIMessage; containing=005c4190(off+16,tail-13,005c4190..005c41ad,FUN_005c4190); xrefs_to=0; bytes=e8db31980083c4048bc65ec20400cccc; prologue=False padding=False; neighbors=005c4190|005c41b0
005c52d0	Palettes::PaletteCategoryUI::LoadPages	repaired-contained	005c51e0	containing-function-fallback	medium	True	UNKNOWN|P3|UNKNOWN->GAMEPLAY_LOGIC|P1|CONFIRMED	sdk=Palettes::PaletteCategoryUI::LoadPages; containing=005c51e0(off+240,tail-232,005c51e0..005c53b8,FUN_005c51e0); xrefs_to=0; bytes=241901c644241a003b7908732d8d4708; prologue=False padding=False; neighbors=005c51e0|005c53c0
005c54b0	Palettes::PaletteCategoryUI::Load	repaired-contained	005c53c0	containing-function-fallback	medium	True	UNKNOWN|P3|UNKNOWN->GAMEPLAY_LOGIC|P1|CONFIRMED	sdk=Palettes::PaletteCategoryUI::Load; containing=005c53c0(off+240,tail-1840,005c53c0..005c5be0,FUN_005c53c0); xrefs_to=0; bytes=106a0168d86fdf92e8f3b024008b6e1c; prologue=False padding=False; neighbors=005c53c0|005c5c20
005c5d10	Palettes::PaletteMain::Unload	repaired-contained	005c5cc0	containing-function-fallback	medium	True	UNKNOWN|P3|UNKNOWN->GAMEPLAY_LOGIC|P1|CONFIRMED	sdk=Palettes::PaletteMain::Unload; containing=005c5cc0(off+80,tail-192,005c5cc0..005c5dd0,FUN_005c5cc0); xrefs_to=0; bytes=2885c00f8490000000ff44241033f68d; prologue=False padding=False; neighbors=005c5cc0|005c5de0
005c6100	Palettes::PaletteMain::ReadModuleProp	repaired-contained	005c6010	containing-function-fallback	medium	True	UNKNOWN|P3|UNKNOWN->GAMEPLAY_LOGIC|P1|CONFIRMED	sdk=Palettes::PaletteMain::ReadModuleProp; containing=005c6010(off+240,tail-567,005c6010..005c6337,FUN_005c6010); xrefs_to=0; bytes=ca8b4b64894c242c8b5368895424308b; prologue=False padding=False; neighbors=005c6010|005c6340
005c6430	Palettes::PaletteMain::ReadProp	repaired-contained	005c6340	containing-function-fallback	medium	True	UNKNOWN|P3|UNKNOWN->GAMEPLAY_LOGIC|P1|CONFIRMED	sdk=Palettes::PaletteMain::ReadProp; containing=005c6340(off+240,tail-171,005c6340..005c64db,FUN_005c6340); xrefs_to=0; bytes=24345189542440896c2424896c242889; prologue=False padding=False; neighbors=005c6340|005c64e0
005c6900	Palettes::PaletteItem::Load	repaired-contained	005c6810	containing-function-fallback	medium	True	UNKNOWN|P3|UNKNOWN->GAMEPLAY_LOGIC|P1|CONFIRMED	sdk=Palettes::PaletteItem::Load; containing=005c6810(off+240,tail-303,005c6810..005c6a2f,FUN_005c6810); xrefs_to=0; bytes=241085c00f84190100008d4e245168d5; prologue=False padding=False; neighbors=005c6810|005c6a30
005c7350	Palettes::StandardItemUI::HandleUIMessage	repaired-contained	005c7320	containing-function-fallback	medium	True	UNKNOWN|P3|UNKNOWN->GAMEPLAY_LOGIC|P1|CONFIRMED	sdk=Palettes::StandardItemUI::HandleUIMessage; containing=005c7320(off+48,tail-18,005c7320..005c7362,FUN_005c7320); xrefs_to=0; bytes=c9740e8b118d4608508b8208010000ff; prologue=False padding=False; neighbors=005c7320|005c7370
005c7cb0	Palettes::PaletteIterator::Init	repaired-contained	005c7c10	containing-function-fallback	medium	True	UNKNOWN|P3|UNKNOWN->GAMEPLAY_LOGIC|P1|CONFIRMED	sdk=Palettes::PaletteIterator::Init; containing=005c7c10(off+160,tail-79,005c7c10..005c7cff,FUN_005c7c10); xrefs_to=0; bytes=c1f8023946147c98895e148b4d102b4d; prologue=False padding=False; neighbors=005c7c10|005c7d00
005c7f70	Palettes::PaletteIterator::Start	repaired-contained	005c7f50	containing-function-fallback	medium	True	UNKNOWN|P3|UNKNOWN->GAMEPLAY_LOGIC|P1|CONFIRMED	sdk=Palettes::PaletteIterator::Start; containing=005c7f50(off+32,tail-103,005c7f50..005c7fd7,FUN_005c7f50); xrefs_to=0; bytes=f30f114020f30f114024f30f114028f3; prologue=False padding=False; neighbors=005c7f50|005c7ff0
005c80e0	Palettes::PalettePage::ReadItemsModule	repaired-contained	005c7ff0	containing-function-fallback	medium	True	UNKNOWN|P3|UNKNOWN->GAMEPLAY_LOGIC|P1|CONFIRMED	sdk=Palettes::PalettePage::ReadItemsModule; containing=005c7ff0(off+240,tail-863,005c7ff0..005c843f,FUN_005c7ff0); xrefs_to=0; bytes=528d442414506834d7eaee51e8ef890d; prologue=False padding=False; neighbors=005c7ff0|005c8440
005c86c0	Palettes::PalettePage::ReadProp	repaired-contained	005c85d0	containing-function-fallback	medium	True	UNKNOWN|P3|UNKNOWN->GAMEPLAY_LOGIC|P1|CONFIRMED	sdk=Palettes::PalettePage::ReadProp; containing=005c85d0(off+240,tail-1031,005c85d0..005c8ac7,FUN_005c85d0); xrefs_to=0; bytes=00008b118b52248d44242850680961a1; prologue=False padding=False; neighbors=005c85d0|005c8ad0
005c8e60	Palettes::PalettePageUI::GetItemArea	repaired-contained	005c8d70	containing-function-fallback	medium	True	UNKNOWN|P3|UNKNOWN->GAMEPLAY_LOGIC|P1|CONFIRMED	sdk=Palettes::PalettePageUI::GetItemArea; containing=005c8d70(off+240,tail-351,005c8d70..005c8fbf,FUN_005c8d70); xrefs_to=0; bytes=14eb558d4c241051e833d023008b7614; prologue=False padding=False; neighbors=005c8d70|005c8fc0
005c9320	Palettes::PalettePageUI::Load	repaired-contained	005c9230	containing-function-fallback	medium	True	UNKNOWN|P3|UNKNOWN->GAMEPLAY_LOGIC|P1|CONFIRMED	sdk=Palettes::PalettePageUI::Load; containing=005c9230(off+240,tail-1203,005c9230..005c97d3,FUN_005c9230); xrefs_to=0; bytes=d08b4b0c68fa98b5056a018d54242489; prologue=False padding=False; neighbors=005c9230|005c9810
005caa70	Palettes::PaletteUI::Update	repaired-contained	005ca9f0	containing-function-fallback	medium	True	UNKNOWN|P3|UNKNOWN->GAMEPLAY_LOGIC|P1|CONFIRMED	sdk=Palettes::PaletteUI::Update; containing=005ca9f0(off+128,tail-824,005ca9f0..005cada8,FUN_005ca9f0); xrefs_to=0; bytes=f80285c07e168b7e648b56348d642400; prologue=False padding=False; neighbors=005ca9f0|005cadb0
005cb2a0	Palettes::PaletteUI::GetSelectedRigblockPaint	repaired-contained	005cb240	containing-function-fallback	medium	True	UNKNOWN|P3|UNKNOWN->GAMEPLAY_LOGIC|P1|CONFIRMED	sdk=Palettes::PaletteUI::GetSelectedRigblockPaint; containing=005cb240(off+96,tail-211,005cb240..005cb373,FUN_005cb240); xrefs_to=0; bytes=ff8b46348b0cb86a01894e64e8af76ff; prologue=False padding=False; neighbors=005cb240|005cb380
005cb330	Palettes::PaletteUI::SetActiveCategory	repaired-contained	005cb240	containing-function-fallback	medium	True	UNKNOWN|P3|UNKNOWN->GAMEPLAY_LOGIC|P1|CONFIRMED	sdk=Palettes::PaletteUI::SetActiveCategory; containing=005cb240(off+240,tail-67,005cb240..005cb373,FUN_005cb240); xrefs_to=0; bytes=05785348019fc744240c01000000f6c4; prologue=False padding=False; neighbors=005cb240|005cb380
005cb590	Palettes::PaletteUI::HandleUIMessage	adjudicated-dead-address	NULL	no-container-no-callers-no-prologue	low	False	no-triage-row-affected	sdk=Palettes::PaletteUI::HandleUIMessage; containing=NONE(No function found for 0x005cb590); xrefs_to=0; bytes=0032c05ec20800cccccccccccccccccc; prologue=False padding=False; neighbors=005cb480|005cb5a0
005cb690	Palettes::PaletteUI::Load	repaired-contained	005cb5a0	containing-function-fallback	medium	True	UNKNOWN|P3|UNKNOWN->GAMEPLAY_LOGIC|P1|CONFIRMED	sdk=Palettes::PaletteUI::Load; containing=005cb5a0(off+240,tail-1010,005cb5a0..005cba82,FUN_005cb5a0); xrefs_to=0; bytes=0c6a016affe8164f240089472885c074; prologue=False padding=False; neighbors=005cb5a0|005cba90
005ddda0	Editors::EditorUI::Load	adjudicated-dead-address	NULL	no-container-no-callers-no-prologue	low	False	no-triage-row-affected	sdk=Editors::EditorUI::Load; containing=NONE(No function found for 0x005ddda0); xrefs_to=0; bytes=89442414c74424185ba910058974241c; prologue=False padding=False; neighbors=005dda30|005de450
005deeb0	Editors::EditorUI::HandleMessage	adjudicated-dead-address	NULL	no-container-no-callers-no-prologue	low	False	no-triage-row-affected	sdk=Editors::EditorUI::HandleMessage; containing=NONE(No function found for 0x005deeb0); xrefs_to=0; bytes=c208008b96c400000085d2746a8d4ef8; prologue=False padding=False; neighbors=005dec10|005def30
005e0040	Editors::EditorUI::HandleUIMessage	repaired-contained	005e0000	containing-function-fallback	medium	True	ENGINE_IMPLEMENTATION|P1|INFERRED->GAMEPLAY_LOGIC|P3|CONFIRMED	sdk=Editors::EditorUI::HandleUIMessage; containing=005e0000(off+64,tail-802,005e0000..005e0362,FUN_005e0000); xrefs_to=0; bytes=173550753e8b4e708b018b80a4000000; prologue=False padding=False; neighbors=005e0000|005e0370
005ed000	Simulator::cSpaceNames::GenerateRandomName	repaired-contained	005ecf80	containing-function-fallback	medium	True	UNKNOWN|P3|UNKNOWN->GAMEPLAY_LOGIC|P1|CONFIRMED	sdk=Simulator::cSpaceNames::GenerateRandomName; containing=005ecf80(off+128,tail-793,005ecf80..005ed319,FUN_005ecf80); xrefs_to=0; bytes=80b9be030000008d5178528d81a40300; prologue=False padding=False; neighbors=005ecf80|005ed320
005f0ce0	Palettes::cSwatchManager::SetUnloadTime	repaired-contained	005f0ca0	containing-function-fallback	medium	True	UNKNOWN|P3|UNKNOWN->GAMEPLAY_LOGIC|P1|CONFIRMED	sdk=Palettes::cSwatchManager::SetUnloadTime; containing=005f0ca0(off+64,tail-112,005f0ca0..005f0d50,FUN_005f0ca0); xrefs_to=0; bytes=08e85afeffff8be88b5d003bf3741c85; prologue=False padding=False; neighbors=005f0ca0|005f0d80
005f0d20	Palettes::cSwatchManager::AddViewer	repaired-contained	005f0ca0	containing-function-fallback	medium	True	UNKNOWN|P3|UNKNOWN->GAMEPLAY_LOGIC|P1|CONFIRMED	sdk=Palettes::cSwatchManager::AddViewer; containing=005f0ca0(off+128,tail-48,005f0ca0..005f0d50,FUN_005f0ca0); xrefs_to=0; bytes=d08d4c2418518b4c241483c124e88efe; prologue=False padding=False; neighbors=005f0ca0|005f0d80
005f2370	Palettes::AdvancedItemViewer::SetZoom	repaired-contained	005f2350	containing-function-fallback	medium	True	UNKNOWN|P3|UNKNOWN->GAMEPLAY_LOGIC|P1|CONFIRMED	sdk=Palettes::AdvancedItemViewer::SetZoom; containing=005f2350(off+32,tail-24,005f2350..005f2388,FUN_005f2350); xrefs_to=0; bytes=7612f30f10490c0f2fc87608b8010000; prologue=False padding=False; neighbors=005f2350|005f2390
005f23a0	App::Property::GetValueBBox	repaired-contained	005f2390	containing-function-fallback	medium	True	GAMEPLAY_LOGIC|P3|CONFIRMED->ENGINE_INTERFACE|P3|CONFIRMED	sdk=App::Property::GetValueBBox; containing=005f2390(off+16,tail-315,005f2390..005f24db,Palettes::AdvancedItemViewer::func58h); xrefs_to=0; bytes=568b74243485f60f842901000057e85d; prologue=True padding=False; neighbors=005f2390|005f24e0
005f2840	Palettes::AdvancedItemViewer::HandleUIMessage	repaired-contained	005f27c0	containing-function-fallback	medium	True	ENGINE_IMPLEMENTATION|P1|INFERRED->GAMEPLAY_LOGIC|P3|CONFIRMED	sdk=Palettes::AdvancedItemViewer::HandleUIMessage; containing=005f27c0(off+128,tail-789,005f27c0..005f2b55,FUN_005f27c0); xrefs_to=0; bytes=0f84160200008b7c24188b47084883f8; prologue=False padding=False; neighbors=005f27c0|005f2bf0
005f2e80	Palettes::AdvancedItemViewer::func6Ch	repaired-contained	005f2e00	containing-function-fallback	medium	True	ENGINE_IMPLEMENTATION|P1|INFERRED->GAMEPLAY_LOGIC|P3|CONFIRMED	sdk=Palettes::AdvancedItemViewer::func6Ch; containing=005f2e00(off+128,tail-32,005f2e00..005f2ea0,FUN_005f2e00); xrefs_to=0; bytes=4e348b11508b8288000000ffd0c64610; prologue=False padding=False; neighbors=005f2e00|005f2ee0
005f2f30	Palettes::AdvancedItemViewer::func70h	repaired-contained	005f2ee0	containing-function-fallback	medium	True	UNKNOWN|P3|UNKNOWN->GAMEPLAY_LOGIC|P1|CONFIRMED	sdk=Palettes::AdvancedItemViewer::func70h; containing=005f2ee0(off+80,tail-19,005f2ee0..005f2f43,FUN_005f2ee0); xrefs_to=0; bytes=246a0055508b4270ffd0463bf77ce15f; prologue=False padding=False; neighbors=005f2ee0|005f2f50
005f30f0	Palettes::AdvancedItemViewer::func44h	repaired-contained	005f30b0	containing-function-fallback	medium	True	ENGINE_IMPLEMENTATION|P1|INFERRED->GAMEPLAY_LOGIC|P3|CONFIRMED	sdk=Palettes::AdvancedItemViewer::func44h; containing=005f30b0(off+64,tail-90,005f30b0..005f314a,FUN_005f30b0); xrefs_to=0; bytes=d050e8d99908008bc8e812a621008b86; prologue=False padding=False; neighbors=005f30b0|005f3150
005f3140	Palettes::AdvancedItemViewer::func4Ch	adjudicated-tail-alias	NULL	tail-bytes-no-callers	medium	False	no-triage-row-affected	sdk=Palettes::AdvancedItemViewer::func4Ch; containing=005f30b0(off+144,tail-10,005f30b0..005f314a,FUN_005f30b0); xrefs_to=0; bytes=14518bc8ffd25e83c410c3cccccccccc; prologue=False padding=False; neighbors=005f30b0|005f3150
005f31e0	Palettes::AdvancedItemViewer::func74h	adjudicated-dead-address	NULL	no-container-no-callers-no-prologue	low	False	no-triage-row-affected	sdk=Palettes::AdvancedItemViewer::func74h; containing=NONE(No function found for 0x005f31e0); xrefs_to=0; bytes=08008b108b523c8d4c240c518bc8ffd2; prologue=False padding=False; neighbors=005f3150|005f3320
005f3230	Palettes::AdvancedItemViewer::func54h	adjudicated-dead-address	NULL	no-container-no-callers-no-prologue	low	False	no-triage-row-affected	sdk=Palettes::AdvancedItemViewer::func54h; containing=NONE(No function found for 0x005f3230); xrefs_to=0; bytes=0c83ec088bc4f30f5cc2f30f10156410; prologue=False padding=False; neighbors=005f3150|005f3320
005f33b0	Palettes::AdvancedItemViewer::IsOutside	adjudicated-tail-alias	NULL	tail-bytes-no-callers	medium	False	no-triage-row-affected	sdk=Palettes::AdvancedItemViewer::IsOutside; containing=005f3320(off+144,tail-5,005f3320..005f33b5,FUN_005f3320); xrefs_to=0; bytes=c05b83c410c3cccccccccccccccccccc; prologue=False padding=False; neighbors=005f3320|005f33c0
005f3d80	Palettes::ItemViewer::InitializeViewerCamera	repaired-contained	005f3cf0	containing-function-fallback	medium	True	UNKNOWN|P3|UNKNOWN->GAMEPLAY_LOGIC|P1|CONFIRMED	sdk=Palettes::ItemViewer::InitializeViewerCamera; containing=005f3cf0(off+144,tail-766,005f3cf0..005f407e,FUN_005f3cf0); xrefs_to=0; bytes=2418894c243489542438f30f1144241c; prologue=False padding=False; neighbors=005f3cf0|005f40b0
005f4110	Palettes::AdvancedItemViewer::SetName	repaired-contained	005f40b0	containing-function-fallback	medium	True	UNKNOWN|P3|UNKNOWN->GAMEPLAY_LOGIC|P1|CONFIRMED	sdk=Palettes::AdvancedItemViewer::SetName; containing=005f40b0(off+96,tail-441,005f40b0..005f42c9,FUN_005f40b0); xrefs_to=0; bytes=8de1ff83c40c84c0742df30f104c2408; prologue=False padding=False; neighbors=005f40b0|005f4310
005f4360	Palettes::AdvancedItemViewer::func64h	repaired-contained	005f4310	containing-function-fallback	medium	True	UNKNOWN|P3|UNKNOWN->GAMEPLAY_LOGIC|P1|CONFIRMED	sdk=Palettes::AdvancedItemViewer::func64h; containing=005f4310(off+80,tail-854,005f4310..005f46b6,FUN_005f4310); xrefs_to=0; bytes=741f85ff74088b178b028bcfffd089be; prologue=False padding=False; neighbors=005f4310|005f46c0
005f43a0	Palettes::AdvancedItemViewer::Initialize	repaired-contained	005f4310	containing-function-fallback	medium	True	UNKNOWN|P3|UNKNOWN->GAMEPLAY_LOGIC|P1|CONFIRMED	sdk=Palettes::AdvancedItemViewer::Initialize; containing=005f4310(off+144,tail-790,005f4310..005f46b6,FUN_005f4310); xrefs_to=0; bytes=86840000008b4e1483ec088bc4d918d9; prologue=False padding=False; neighbors=005f4310|005f46c0
005f4780	Palettes::AdvancedItemViewer::HandleMessage	repaired-contained	005f4750	containing-function-fallback	medium	False	stable:GAMEPLAY_LOGIC|P0|CONFIRMED	sdk=Palettes::AdvancedItemViewer::HandleMessage; containing=005f4750(off+48,tail-542,005f4750..005f499e,Palettes::AdvancedItemViewer::func40h); xrefs_to=0; bytes=1d80be9801000000741481be00010000; prologue=False padding=False; neighbors=005f4750|005f49a0
005f47e0	Palettes::AdvancedItemViewer::func48h	repaired-contained	005f4750	containing-function-fallback	medium	False	stable:GAMEPLAY_LOGIC|P0|CONFIRMED	sdk=Palettes::AdvancedItemViewer::func48h; containing=005f4750(off+144,tail-446,005f4750..005f499e,Palettes::AdvancedItemViewer::func40h); xrefs_to=0; bytes=01000001e837c8e0ff8bc8e82066b400; prologue=False padding=False; neighbors=005f4750|005f49a0
005f4a30	Palettes::AdvancedItemViewer::SetAutoRotate	repaired-contained	005f49f0	containing-function-fallback	medium	True	ENGINE_IMPLEMENTATION|P1|INFERRED->GAMEPLAY_SUPPORT|P3|CONFIRMED	sdk=Palettes::AdvancedItemViewer::SetAutoRotate; containing=005f49f0(off+64,tail-330,005f49f0..005f4b7a,FUN_005f49f0); xrefs_to=0; bytes=00508b4210ffd083e801744c83e80174; prologue=False padding=False; neighbors=005f49f0|005f4b80
005f4a80	Palettes::AdvancedItemViewer::func50h	repaired-contained	005f49f0	containing-function-fallback	medium	True	ENGINE_IMPLEMENTATION|P1|INFERRED->GAMEPLAY_LOGIC|P3|CONFIRMED	sdk=Palettes::AdvancedItemViewer::func50h; containing=005f49f0(off+144,tail-250,005f49f0..005f4b7a,FUN_005f49f0); xrefs_to=0; bytes=83c4085e83c408c38bcee841e5ffff80; prologue=False padding=False; neighbors=005f49f0|005f4b80
005f4c10	Palettes::AdvancedItemViewer::OnOutside	repaired-contained	005f4b80	containing-function-fallback	medium	True	ENGINE_IMPLEMENTATION|P1|INFERRED->GAMEPLAY_LOGIC|P3|CONFIRMED	sdk=Palettes::AdvancedItemViewer::OnOutside; containing=005f4b80(off+144,tail-227,005f4b80..005f4cf3,FUN_005f4b80); xrefs_to=0; bytes=24283bc374138d78083bfb740c8b178b; prologue=False padding=False; neighbors=005f4b80|005f4d00
005f5670	Palettes::AdvancedItemViewer::RotateModel	adjudicated-dead-address	NULL	no-container-no-callers-no-prologue	low	False	no-triage-row-affected	sdk=Palettes::AdvancedItemViewer::RotateModel; containing=NONE(No function found for 0x005f5670); xrefs_to=0; bytes=ff8b93180100008b8a9000000085c974; prologue=False padding=False; neighbors=005f5080|005f58f0
005f5fb0	Palettes::AdvancedItemViewer::Load	repaired-contained	005f5f20	containing-function-fallback	medium	True	ENGINE_IMPLEMENTATION|P1|INFERRED->GAMEPLAY_LOGIC|P3|CONFIRMED	sdk=Palettes::AdvancedItemViewer::Load; containing=005f5f20(off+144,tail-210,005f5f20..005f6082,FUN_005f5f20); xrefs_to=0; bytes=4c241089442418c744241404007d2fe8; prologue=False padding=False; neighbors=005f5f20|005f6090
005f6930	Palettes::ItemViewer::Unload	repaired-contained	005f68a0	containing-function-fallback	medium	True	ENGINE_IMPLEMENTATION|P1|INFERRED->GAMEPLAY_LOGIC|P3|CONFIRMED	sdk=Palettes::ItemViewer::Unload; containing=005f68a0(off+144,tail-107,005f68a0..005f699b,FUN_005f68a0); xrefs_to=0; bytes=010000e8e8a6e0ff8bc8e8e199ffff8b; prologue=False padding=False; neighbors=005f68a0|005f69a0
005f6b70	Palettes::AdvancedItemViewer::Unload	repaired-contained	005f6b40	containing-function-fallback	medium	True	UNKNOWN|P3|UNKNOWN->GAMEPLAY_LOGIC|P1|CONFIRMED	sdk=Palettes::AdvancedItemViewer::Unload; containing=005f6b40(off+48,tail-88,005f6b40..005f6bc8,FUN_005f6b40); xrefs_to=0; bytes=8b018b5004ffd28b4e2085c974078b01; prologue=False padding=False; neighbors=005f6b40|005f6bd0
005f7520	Palettes::AdvancedItemViewer::Update	repaired-contained	005f7490	containing-function-fallback	medium	True	ENGINE_IMPLEMENTATION|P1|INFERRED->GAMEPLAY_LOGIC|P3|CONFIRMED	sdk=Palettes::AdvancedItemViewer::Update; containing=005f7490(off+144,tail-804,005f7490..005f7844,FUN_005f7490); xrefs_to=0; bytes=bc010000000f84af0200008b86a00100; prologue=False padding=False; neighbors=005f7490|005f7850
005f79c0	App::Thumbnail_cImportExport::Get	adjudicated-tail-alias	NULL	tail-bytes-no-callers	medium	False	no-triage-row-affected	sdk=App::Thumbnail_cImportExport::Get; containing=005f79b0(off+16,tail-16,005f79b0..005f79d0,FUN_005f79b0); xrefs_to=0; bytes=00000150048b48048b09890885c974f2; prologue=False padding=False; neighbors=005f79b0|005f79e0
005f92c0	App::Thumbnail_cImportExport::GetFolderPath	repaired-contained	005f9230	containing-function-fallback	medium	True	UNKNOWN|P3|UNKNOWN->ENGINE_INTERFACE|P1|CONFIRMED	sdk=App::Thumbnail_cImportExport::GetFolderPath; containing=005f9230(off+144,tail-79,005f9230..005f930f,FUN_005f9230); xrefs_to=0; bytes=e4a8973d742b3d47638f43741c3dc798; prologue=False padding=False; neighbors=005f9230|005f9310
005f93a0	App::Thumbnail_cImportExport::FolderPathFromLocale	repaired-contained	005f9310	containing-function-fallback	medium	True	UNKNOWN|P3|UNKNOWN->ENGINE_INTERFACE|P1|CONFIRMED	sdk=App::Thumbnail_cImportExport::FolderPathFromLocale; containing=005f9310(off+144,tail-161,005f9310..005f9441,FUN_005f9310); xrefs_to=0; bytes=d1f98d0c4851508bcee8d201e3ff8b0e; prologue=False padding=False; neighbors=005f9310|005f9450
005fa960	App::Thumbnail_cImportExport::SavePNG	repaired-contained	005fa8d0	containing-function-fallback	medium	True	UNKNOWN|P3|UNKNOWN->ENGINE_INTERFACE|P1|CONFIRMED	sdk=App::Thumbnail_cImportExport::SavePNG; containing=005fa8d0(off+144,tail-886,005fa8d0..005facd6,FUN_005fa8d0); xrefs_to=0; bytes=34896c2438895c243c899e0001000089; prologue=False padding=False; neighbors=005fa8d0|005face0
005fc3c0	App::Thumbnail_cImportExport::ImportPNG	repaired-contained	005fc330	containing-function-fallback	medium	True	UNKNOWN|P3|UNKNOWN->ENGINE_INTERFACE|P1|CONFIRMED	sdk=App::Thumbnail_cImportExport::ImportPNG; containing=005fc330(off+144,tail-1570,005fc330..005fc9e2,FUN_005fc330); xrefs_to=0; bytes=ac7b66018d4c2430518d542468898424; prologue=False padding=False; neighbors=005fc330|005fc9f0
00603670	UI::GameSettings::Show	repaired-contained	00603650	containing-function-fallback	medium	True	UNKNOWN|P3|UNKNOWN->GAMEPLAY_LOGIC|P1|CONFIRMED	sdk=UI::GameSettings::Show; containing=00603650(off+32,tail-270,00603650..0060377e,FUN_00603650); xrefs_to=0; bytes=0c8b018b5004ffd28b068b502c8d4c24; prologue=False padding=False; neighbors=00603650|00603820
0060ef10	App::Property::GetValueString8	repaired-contained	0060ee90	containing-function-fallback	medium	True	UNKNOWN|P3|UNKNOWN->ENGINE_INTERFACE|P1|CONFIRMED	sdk=App::Property::GetValueString8; containing=0060ee90(off+128,tail-249,0060ee90..0060f009,FUN_0060ee90); xrefs_to=0; bytes=8bf0eb0233f68bcee88318f4ff8b0823; prologue=False padding=False; neighbors=0060ee90|0060f010
00628480	Simulator::Cell::cCellGFX::CreateEffect	repaired-contained	00628450	containing-function-fallback	medium	True	UNKNOWN|P3|UNKNOWN->GAMEPLAY_LOGIC|P1|CONFIRMED	sdk=Simulator::Cell::cCellGFX::CreateEffect; containing=00628450(off+48,tail-22,00628450..00628496,FUN_00628450); xrefs_to=0; bytes=0174118b068b5008576a006823648de1; prologue=False padding=False; neighbors=00628450|006284a0
00628550	Editors::EditorPlayMode::OnMouseUp	adjudicated-dead-address	NULL	no-container-no-callers-no-prologue	low	False	no-triage-row-affected	sdk=Editors::EditorPlayMode::OnMouseUp; containing=NONE(No function found for 0x00628550); xrefs_to=0; bytes=04d9442424d91c2452ffd00ad883c604; prologue=False padding=False; neighbors=00628500|00628600
006285a0	Editors::EditorPlayMode::OnMouseMove	adjudicated-dead-address	NULL	no-container-no-callers-no-prologue	low	False	no-triage-row-affected	sdk=Editors::EditorPlayMode::OnMouseMove; containing=NONE(No function found for 0x006285a0); xrefs_to=0; bytes=20d91c24ffd20ad883c60483ef0175d5; prologue=False padding=False; neighbors=00628500|00628600
006285f0	Editors::EditorPlayMode::OnKeyUp	adjudicated-dead-address	NULL	no-container-no-callers-no-prologue	low	False	no-triage-row-affected	sdk=Editors::EditorPlayMode::OnKeyUp; containing=NONE(No function found for 0x006285f0); xrefs_to=0; bytes=0175e25f5e5d8ac35bc20800cccccccc; prologue=False padding=False; neighbors=00628500|00628600
006286d0	Editors::EditorPlayMode::GetNextEnvironmentReactionAnimID	repaired-contained	006286a0	containing-function-fallback	medium	True	UNKNOWN|P3|UNKNOWN->GAMEPLAY_LOGIC|P1|CONFIRMED	sdk=Editors::EditorPlayMode::GetNextEnvironmentReactionAnimID; containing=006286a0(off+48,tail-51,006286a0..00628703,FUN_006286a0); xrefs_to=0; bytes=9adf3104eb1abe9fdf3104eb13bea6df; prologue=False padding=False; neighbors=006286a0|00628720
00628b20	Editors::EditorPlayMode::OnKeyDown	repaired-contained	00628af0	containing-function-fallback	medium	True	ENGINE_IMPLEMENTATION|P1|INFERRED->GAMEPLAY_LOGIC|P3|CONFIRMED	sdk=Editors::EditorPlayMode::OnKeyDown; containing=00628af0(off+48,tail-377,00628af0..00628c99,FUN_00628af0); xrefs_to=0; bytes=2418000f853d0100008b168b422468e4; prologue=False padding=False; neighbors=00628af0|00628ca0
00628cd0	Editors::EditorPlayMode::sub_628CC0	repaired-contained	00628ca0	containing-function-fallback	medium	True	UNKNOWN|P3|UNKNOWN->GAMEPLAY_LOGIC|P1|CONFIRMED	sdk=Editors::EditorPlayMode::sub_628CC0; containing=00628ca0(off+48,tail-114,00628ca0..00628d42,FUN_00628ca0); xrefs_to=0; bytes=8bc8e8c921f7ff8bb6143600008b8e70; prologue=False padding=False; neighbors=00628ca0|00628d50
00628d80	Editors::EditorPlayMode::HandleUIButton	repaired-contained	00628d50	containing-function-fallback	medium	True	ENGINE_IMPLEMENTATION|P1|INFERRED->GAMEPLAY_LOGIC|P3|CONFIRMED	sdk=Editors::EditorPlayMode::HandleUIButton; containing=00628d50(off+48,tail-396,00628d50..00628f0c,FUN_00628d50); xrefs_to=0; bytes=4220ffd0eb0233c05068b2743ea0e83d; prologue=False padding=False; neighbors=00628d50|00628f10
0062a400	Editors::EditorPlayMode::Load	adjudicated-dead-address	NULL	no-container-no-callers-no-prologue	low	False	no-triage-row-affected	sdk=Editors::EditorPlayMode::Load; containing=NONE(No function found for 0x0062a400); xrefs_to=0; bytes=c3740b8bc8e8a6a100008bf8eb0233ff; prologue=False padding=False; neighbors=0062a360|0062a550
0062c580	Editors::EditorPlayMode::Update	repaired-contained	0062c550	containing-function-fallback	medium	True	UNKNOWN|P3|UNKNOWN->GAMEPLAY_LOGIC|P1|CONFIRMED	sdk=Editors::EditorPlayMode::Update; containing=0062c550(off+48,tail-598,0062c550..0062c7d6,FUN_0062c550); xrefs_to=0; bytes=3600003902740e4183c20483f90372f3; prologue=False padding=False; neighbors=0062c550|0062c7e0
0062c940	Editors::EditorPlayMode::Dispose	repaired-contained	0062c910	containing-function-fallback	medium	True	UNKNOWN|P3|UNKNOWN->GAMEPLAY_LOGIC|P1|CONFIRMED	sdk=Editors::EditorPlayMode::Dispose; containing=0062c910(off+48,tail-76,0062c910..0062c98c,FUN_0062c910); xrefs_to=0; bytes=00008b018b5008ffd28b86883500008b; prologue=False padding=False; neighbors=0062c910|0062c990
0062ce30	Editors::PlayModeActor::AddWalkAction	repaired-contained	0062ce00	containing-function-fallback	medium	True	UNKNOWN|P3|UNKNOWN->GAMEPLAY_LOGIC|P1|CONFIRMED	sdk=Editors::PlayModeActor::AddWalkAction; containing=0062ce00(off+48,tail-181,0062ce00..0062cee5,FUN_0062ce00); xrefs_to=0; bytes=6a006a008d44242450ffd28b4424183d; prologue=False padding=False; neighbors=0062ce00|0062cef0
0062e810	Editors::PlayModeAnimations::GenerateUI	repaired-contained	0062e7e0	containing-function-fallback	medium	True	UNKNOWN|P3|UNKNOWN->GAMEPLAY_LOGIC|P1|CONFIRMED	sdk=Editors::PlayModeAnimations::GenerateUI; containing=0062e7e0(off+48,tail-919,0062e7e0..0062eba7,FUN_0062e7e0); xrefs_to=0; bytes=0033f6bb88e23f0189742414c7442420; prologue=False padding=False; neighbors=0062e7e0|0062ebb0
0062ecc0	Editors::PlayModeAnimations::ReadAnimButton	repaired-contained	0062ec90	containing-function-fallback	medium	True	UNKNOWN|P3|UNKNOWN->GAMEPLAY_LOGIC|P1|CONFIRMED	sdk=Editors::PlayModeAnimations::ReadAnimButton; containing=0062ec90(off+48,tail-740,0062ec90..0062efa4,FUN_0062ec90); xrefs_to=0; bytes=442404508b4424188b48088b0051508b; prologue=False padding=False; neighbors=0062ec90|0062efb0
0062efe0	Editors::PlayModeAnimations::ReadPanel	repaired-contained	0062efb0	containing-function-fallback	medium	True	UNKNOWN|P3|UNKNOWN->GAMEPLAY_LOGIC|P1|CONFIRMED	sdk=Editors::PlayModeAnimations::ReadPanel; containing=0062efb0(off+48,tail-509,0062efb0..0062f1dd,FUN_0062efb0); xrefs_to=0; bytes=522c8d442408508b4424248b48088b00; prologue=False padding=False; neighbors=0062efb0|0062f1e0
0062f210	Editors::PlayModeAnimations::ReadAnimations	repaired-contained	0062f1e0	containing-function-fallback	medium	True	UNKNOWN|P3|UNKNOWN->GAMEPLAY_LOGIC|P1|CONFIRMED	sdk=Editors::PlayModeAnimations::ReadAnimations; containing=0062f1e0(off+48,tail-140,0062f1e0..0062f29c,FUN_0062f1e0); xrefs_to=0; bytes=00c744242400000000c7442428000000; prologue=False padding=False; neighbors=0062f1e0|0062f2f0
0062f370	Editors::PlayModeBackgrounds::ToggleBackgroundButtonHighlights	repaired-contained	0062f340	containing-function-fallback	medium	True	UNKNOWN|P3|UNKNOWN->GAMEPLAY_LOGIC|P1|CONFIRMED	sdk=Editors::PlayModeBackgrounds::ToggleBackgroundButtonHighlights; containing=0062f340(off+48,tail-256,0062f340..0062f470,FUN_0062f340); xrefs_to=0; bytes=f0b05904e8e76300008b4e346a016898; prologue=False padding=False; neighbors=0062f340|0062f480
0062f570	Editors::PlayModeBackgrounds::UpdatePageNumbers	repaired-contained	0062f540	containing-function-fallback	medium	True	UNKNOWN|P3|UNKNOWN->GAMEPLAY_LOGIC|P1|CONFIRMED	sdk=Editors::PlayModeBackgrounds::UpdatePageNumbers; containing=0062f540(off+48,tail-72,0062f540..0062f5b8,FUN_0062f540); xrefs_to=0; bytes=18758d4c2414e8355f08008b46388b0d; prologue=False padding=False; neighbors=0062f540|0062f5c0
0062f640	Editors::PlayModeBackgrounds::SwitchBackground	repaired-contained	0062f610	containing-function-fallback	medium	True	UNKNOWN|P3|UNKNOWN->GAMEPLAY_LOGIC|P1|CONFIRMED	sdk=Editors::PlayModeBackgrounds::SwitchBackground; containing=0062f610(off+48,tail-113,0062f610..0062f6b1,FUN_0062f610); xrefs_to=0; bytes=4e082b4e04c1f9023bc173648b56048b; prologue=False padding=False; neighbors=0062f610|0062f6c0
0062f6f0	Editors::PlayModeBackgrounds::IsBlackBackground	repaired-contained	0062f6e0	containing-function-fallback	medium	True	UNKNOWN|P3|UNKNOWN->GAMEPLAY_LOGIC|P1|CONFIRMED	sdk=Editors::PlayModeBackgrounds::IsBlackBackground; containing=0062f6e0(off+16,tail-28,0062f6e0..0062f70c,FUN_0062f6e0); xrefs_to=0; bytes=04c744241818b34504c744241c40b345; prologue=False padding=False; neighbors=0062f6e0|0062f710
0062f820	Editors::PlayModeBackgrounds::HandleUIButton	repaired-contained	0062f7f0	containing-function-fallback	medium	True	UNKNOWN|P3|UNKNOWN->GAMEPLAY_LOGIC|P1|CONFIRMED	sdk=Editors::PlayModeBackgrounds::HandleUIButton; containing=0062f7f0(off+48,tail-145,0062f7f0..0062f8b1,FUN_0062f7f0); xrefs_to=0; bytes=2875298d410239461c74218b4e082b4e; prologue=False padding=False; neighbors=0062f7f0|0062f8e0
0062f950	Editors::PlayModeBackgrounds::DisableBackground	repaired-contained	0062f920	containing-function-fallback	medium	True	UNKNOWN|P3|UNKNOWN->GAMEPLAY_LOGIC|P1|CONFIRMED	sdk=Editors::PlayModeBackgrounds::DisableBackground; containing=0062f920(off+48,tail-151,0062f920..0062f9e7,FUN_0062f920); xrefs_to=0; bytes=108b432050e8f616ddff8bc8e8efb7e2; prologue=False padding=False; neighbors=0062f920|0062f9f0
0062fbf0	Editors::PlayModeBackgrounds::LoadBackgroudFiles	repaired-contained	0062fbc0	containing-function-fallback	medium	True	UNKNOWN|P3|UNKNOWN->GAMEPLAY_LOGIC|P1|CONFIRMED	sdk=Editors::PlayModeBackgrounds::LoadBackgroudFiles; containing=0062fbc0(off+48,tail-144,0062fbc0..0062fc80,FUN_0062fbc0); xrefs_to=0; bytes=242000000000c744242400000000c744; prologue=False padding=False; neighbors=0062fbc0|0062fc90
0062fcc0	Editors::PlayModeBackgrounds::Load	repaired-contained	0062fc90	containing-function-fallback	medium	True	UNKNOWN|P3|UNKNOWN->GAMEPLAY_LOGIC|P1|CONFIRMED	sdk=Editors::PlayModeBackgrounds::Load; containing=0062fc90(off+48,tail-146,0062fc90..0062fd52,FUN_0062fc90); xrefs_to=0; bytes=5e30895640e8f6feffff895e38895e3c; prologue=False padding=False; neighbors=0062fc90|0062fd60
00634db0	Editors::PlayModeUI::FindWindowByID	adjudicated-tail-alias	NULL	tail-bytes-no-callers	medium	False	no-triage-row-affected	sdk=Editors::PlayModeUI::FindWindowByID; containing=00634c80(off+304,tail-3,00634c80..00634db3,FUN_00634c80); xrefs_to=0; bytes=5ec20400cccccccccccccccccccccccc; prologue=False padding=False; neighbors=00634c80|00634dc0
00635750	Editors::PlayModeUI::SetWindowVisible	repaired-contained	00635700	containing-function-fallback	medium	True	ENGINE_IMPLEMENTATION|P1|INFERRED->GAMEPLAY_SUPPORT|P3|CONFIRMED	sdk=Editors::PlayModeUI::SetWindowVisible; containing=00635700(off+80,tail-14,00635700..0063575e,FUN_00635700); xrefs_to=0; bytes=56e82a1c910083c4048bc65ec20400cc; prologue=True padding=False; neighbors=00635700|00635760
006377b0	Editors::PlayModeUI::HandleUIMessage	adjudicated-tail-alias	NULL	tail-bytes-no-callers	medium	False	no-triage-row-affected	sdk=Editors::PlayModeUI::HandleUIMessage; containing=006375e0(off+464,tail-6,006375e0..006377b6,FUN_006375e0); xrefs_to=0; bytes=5e5d5b83c40cc3cccccccccccccccccc; prologue=False padding=False; neighbors=006375e0|006377d0
00641330	Sporepedia::cSPAssetDataOTDB::SetKey	adjudicated-tail-alias	NULL	tail-bytes-no-callers	medium	False	no-triage-row-affected	sdk=Sporepedia::cSPAssetDataOTDB::SetKey; containing=00641310(off+32,tail-15,00641310..0064133f,FUN_00641310); xrefs_to=0; bytes=f0c204008d41f0f7d81bc023c1c20400; prologue=False padding=False; neighbors=00641310|006413d0
00641350	Sporepedia::cSPAssetDataOTDB::AsyncSetKey	adjudicated-dead-address	NULL	no-container-no-callers-no-prologue	low	False	no-triage-row-affected	sdk=Sporepedia::cSPAssetDataOTDB::AsyncSetKey; containing=NONE(No function found for 0x00641350); xrefs_to=0; bytes=d0c20400cccccccccccccccccccccccc; prologue=False padding=False; neighbors=00641310|006413d0
00641370	Sporepedia::cSPAssetDataOTDB::SetKeyInternal	adjudicated-dead-address	NULL	no-container-no-callers-no-prologue	low	False	no-triage-row-affected	sdk=Sporepedia::cSPAssetDataOTDB::SetKeyInternal; containing=NONE(No function found for 0x00641370); xrefs_to=0; bytes=d0c20400cccccccccccccccccccccccc; prologue=False padding=False; neighbors=00641310|006413d0
006413c0	Sporepedia::cSPAssetDataOTDB::LoadData	adjudicated-dead-address	NULL	no-container-no-callers-no-prologue	low	False	no-triage-row-affected	sdk=Sporepedia::cSPAssetDataOTDB::LoadData; containing=NONE(No function found for 0x006413c0); xrefs_to=0; bytes=ceffd05f5ec20800cccccccccccccccc; prologue=False padding=False; neighbors=00641310|006413d0
006413f0	Sporepedia::cSPAssetDataOTDB::func64h	adjudicated-tail-alias	NULL	tail-bytes-no-callers	medium	False	no-triage-row-affected	sdk=Sporepedia::cSPAssetDataOTDB::func64h; containing=006413d0(off+32,tail-10,006413d0..006413fa,FUN_006413d0); xrefs_to=0; bytes=0000006a008bceffd25ec3cccccccccc; prologue=False padding=False; neighbors=006413d0|00641400
00641480	Sporepedia::cSPAssetDataOTDB::func80h	adjudicated-dead-address	NULL	no-container-no-callers-no-prologue	low	False	no-triage-row-affected	sdk=Sporepedia::cSPAssetDataOTDB::func80h; containing=NONE(No function found for 0x00641480); xrefs_to=0; bytes=c0c3cccccccccccccccccccccccccccc; prologue=False padding=False; neighbors=00641460|00641490
006414f0	Sporepedia::cSPAssetDataOTDB::GetBackgroundImageKey	adjudicated-dead-address	NULL	no-container-no-callers-no-prologue	low	False	no-triage-row-affected	sdk=Sporepedia::cSPAssetDataOTDB::GetBackgroundImageKey; containing=NONE(No function found for 0x006414f0); xrefs_to=0; bytes=400404007d2fc20400cccccccccccccc; prologue=False padding=False; neighbors=006414d0|00641770
00641760	UTFWin::Window::GetFlags	adjudicated-dead-address	NULL	no-container-no-callers-no-prologue	low	False	no-triage-row-affected	sdk=UTFWin::Window::GetFlags; containing=NONE(No function found for 0x00641760); xrefs_to=0; bytes=5ec20400cccccccccccccccccccccccc; prologue=False padding=False; neighbors=006414d0|00641770
006417a0	Sporepedia::cSPAssetDataOTDB::func38h	adjudicated-tail-alias	NULL	tail-bytes-no-callers	medium	False	no-triage-row-affected	sdk=Sporepedia::cSPAssetDataOTDB::func38h; containing=00641780(off+32,tail-5,00641780..006417a5,FUN_00641780); xrefs_to=0; bytes=5ec333c05ec3cccccccccccccccccccc; prologue=False padding=False; neighbors=00641780|006417b0
00641800	Sporepedia::cSPAssetDataOTDB::GetName	adjudicated-tail-alias	NULL	tail-bytes-no-callers	medium	False	no-triage-row-affected	sdk=Sporepedia::cSPAssetDataOTDB::GetName; containing=006417d0(off+48,tail-11,006417d0..0064180b,FUN_006417d0); xrefs_to=0; bytes=b0015ec2040032c05ec20400cccccccc; prologue=False padding=False; neighbors=006417d0|00641810
00641840	Sporepedia::cSPAssetDataOTDB::GetDescription	adjudicated-dead-address	NULL	no-container-no-callers-no-prologue	low	False	no-triage-row-affected	sdk=Sporepedia::cSPAssetDataOTDB::GetDescription; containing=NONE(No function found for 0x00641840); xrefs_to=0; bytes=c3cccccccccccccccccccccccccccccc; prologue=False padding=False; neighbors=00641820|00641850
00641880	Sporepedia::cSPAssetDataOTDB::GetTimeDownloaded	adjudicated-dead-address	NULL	no-container-no-callers-no-prologue	low	False	no-triage-row-affected	sdk=Sporepedia::cSPAssetDataOTDB::GetTimeDownloaded; containing=NONE(No function found for 0x00641880); xrefs_to=0; bytes=8b5104c333c033d2c3cccccccccccccc; prologue=False padding=False; neighbors=00641860|006418e0
006418a0	Sporepedia::cSPAssetDataOTDB::IsShareable	adjudicated-dead-address	NULL	no-container-no-callers-no-prologue	low	False	no-triage-row-affected	sdk=Sporepedia::cSPAssetDataOTDB::IsShareable; containing=NONE(No function found for 0x006418a0); xrefs_to=0; bytes=8b5104c333c033d2c3cccccccccccccc; prologue=False padding=False; neighbors=00641860|006418e0
00641ae0	Sporepedia::cSPAssetDataOTDB::func48h	adjudicated-tail-alias	NULL	tail-bytes-no-callers	medium	False	no-triage-row-affected	sdk=Sporepedia::cSPAssetDataOTDB::func48h; containing=006419f0(off+240,tail-0,006419f0..00641ae0,FUN_006419f0); xrefs_to=0; bytes=c3cccccccccccccccccccccccccccccc; prologue=False padding=False; neighbors=006419f0|00641cd0
00641be0	Sporepedia::cSPAssetDataOTDB::func4Ch	adjudicated-dead-address	NULL	no-container-no-callers-no-prologue	low	False	no-triage-row-affected	sdk=Sporepedia::cSPAssetDataOTDB::func4Ch; containing=NONE(No function found for 0x00641be0); xrefs_to=0; bytes=5e59c3cccccccccccccccccccccccccc; prologue=False padding=False; neighbors=006419f0|00641cd0
00641cc0	Sporepedia::cSPAssetDataOTDB::SetAssetMetadata	adjudicated-dead-address	NULL	no-container-no-callers-no-prologue	low	False	no-triage-row-affected	sdk=Sporepedia::cSPAssetDataOTDB::SetAssetMetadata; containing=NONE(No function found for 0x00641cc0); xrefs_to=0; bytes=5d59c3cccccccccccccccccccccccccc; prologue=False padding=False; neighbors=006419f0|00641cd0
00641e00	Sporepedia::cSPAssetDataOTDB::funcA8h	adjudicated-tail-alias	NULL	tail-bytes-no-callers	medium	False	no-triage-row-affected	sdk=Sporepedia::cSPAssetDataOTDB::funcA8h; containing=00641cd0(off+304,tail-10,00641cd0..00641e0a,FUN_00641cd0); xrefs_to=0; bytes=ffd25f5e5d83c410c20400cccccccccc; prologue=False padding=False; neighbors=00641cd0|00641e10
00641e30	Sporepedia::cSPAssetDataOTDB::SetSummary	adjudicated-tail-alias	NULL	tail-bytes-no-callers	medium	False	no-triage-row-affected	sdk=Sporepedia::cSPAssetDataOTDB::SetSummary; containing=00641e10(off+32,tail-10,00641e10..00641e3a,FUN_00641e10); xrefs_to=0; bytes=e8abd2f7ff83c4085f5ec3cccccccccc; prologue=False padding=False; neighbors=00641e10|00641e40
00641f90	Sporepedia::cSPAssetDataOTDB::IsShared	adjudicated-tail-alias	NULL	tail-bytes-no-callers	medium	False	no-triage-row-affected	sdk=Sporepedia::cSPAssetDataOTDB::IsShared; containing=00641e40(off+336,tail-12,00641e40..00641f9c,FUN_00641e40); xrefs_to=0; bytes=4204ffd05e5d5b83c414c20400cccccc; prologue=False padding=False; neighbors=00641e40|00641fa0
00641fc0	Sporepedia::cSPAssetDataOTDB::func9Ch	adjudicated-tail-alias	NULL	tail-bytes-no-callers	medium	False	no-triage-row-affected	sdk=Sporepedia::cSPAssetDataOTDB::func9Ch; containing=00641fa0(off+32,tail-13,00641fa0..00641fcd,FUN_00641fa0); xrefs_to=0; bytes=ffd084c07404b0015ec332c05ec3cccc; prologue=False padding=False; neighbors=00641fa0|00641fd0
006421f0	Sporepedia::cSPAssetDataOTDB::ProcessSummary	repaired-contained	00642190	containing-function-fallback	medium	True	UNKNOWN|P3|UNKNOWN->GAMEPLAY_LOGIC|P1|CONFIRMED	sdk=Sporepedia::cSPAssetDataOTDB::ProcessSummary; containing=00642190(off+96,tail-25,00642190..00642209,FUN_00642190); xrefs_to=0; bytes=5004ffd28b4e1c85c974078b018b5004; prologue=False padding=False; neighbors=00642190|00642210
006424f0	Sporepedia::cSPAssetDataOTDB::SetParameter	repaired-contained	00642230	containing-function-fallback	medium	True	ENGINE_IMPLEMENTATION|P1|INFERRED->GAMEPLAY_SUPPORT|P3|CONFIRMED	sdk=Sporepedia::cSPAssetDataOTDB::SetParameter; containing=00642230(off+704,tail-63,00642230..0064252f,FUN_00642230); xrefs_to=0; bytes=508bcfe80881fcff8b4c24248b542428; prologue=False padding=False; neighbors=00642230|00642530
006426c0	Sporepedia::cSPAssetDataOTDB::GetConsequenceTraits	repaired-contained	00642530	containing-function-fallback	medium	True	ENGINE_IMPLEMENTATION|P1|INFERRED->GAMEPLAY_SUPPORT|P3|CONFIRMED	sdk=Sporepedia::cSPAssetDataOTDB::GetConsequenceTraits; containing=00642530(off+400,tail-63,00642530..006426ff,FUN_00642530); xrefs_to=0; bytes=08010f94c0884125c20400817a045da7; prologue=False padding=False; neighbors=00642530|00642700
006444d0	Sporepedia::class_B8::SetAssetDataFactory	repaired-contained	006442e0	containing-function-fallback	medium	True	UNKNOWN|P3|UNKNOWN->GAMEPLAY_LOGIC|P1|CONFIRMED	sdk=Sporepedia::class_B8::SetAssetDataFactory; containing=006442e0(off+496,tail-54,006442e0..00644506,FUN_006442e0); xrefs_to=0; bytes=048bcfffd28b5c24148b43048d4e103b; prologue=False padding=False; neighbors=006442e0|00644510
0064a900	Sporepedia::ShopperRequest::Show	repaired-contained	0064a400	containing-function-fallback	medium	True	UNKNOWN|P3|UNKNOWN->GAMEPLAY_LOGIC|P1|CONFIRMED	sdk=Sporepedia::ShopperRequest::Show; containing=0064a400(off+1280,tail-141,0064a400..0064a98d,FUN_0064a400); xrefs_to=0; bytes=3bcb7409891e8b018b5004ffd28b078b; prologue=False padding=False; neighbors=0064a400|0064a990
006618b0	Sporepedia::ProcessAssetFilter	repaired-contained	00661740	containing-function-fallback	medium	True	UNKNOWN|P3|UNKNOWN->GAMEPLAY_LOGIC|P1|CONFIRMED	sdk=Sporepedia::ProcessAssetFilter; containing=00661740(off+368,tail-66,00661740..006618f2,FUN_00661740); xrefs_to=0; bytes=5b3bc7740e3978fc740950e8c05a8e00; prologue=False padding=False; neighbors=00661740|00661900
00671f20	Editors::EditorCamera::AddRef	adjudicated-tail-alias	NULL	tail-bytes-no-callers	medium	False	no-triage-row-affected	sdk=Editors::EditorCamera::AddRef; containing=00671ec0(off+96,tail-14,00671ec0..00671f2e,FUN_00671ec0); xrefs_to=0; bytes=89465cc74660ae7b66018bc65e5bc3cc; prologue=False padding=False; neighbors=00671ec0|00671f50
00675210	Pollinator::cAchievementsManager::Get	repaired-contained	006751c0	containing-function-fallback	medium	True	UNKNOWN|P3|UNKNOWN->GAMEPLAY_LOGIC|P1|CONFIRMED	sdk=Pollinator::cAchievementsManager::Get; containing=006751c0(off+80,tail-30,006751c0..0067522e,FUN_006751c0); xrefs_to=0; bytes=043950081bc040c204008b480433d23b; prologue=False padding=False; neighbors=006751c0|00675250
00676620	Pollinator::cAchievementsManager::GetAchievementDefinition	adjudicated-dead-address	NULL	no-container-no-callers-no-prologue	low	False	no-triage-row-affected	sdk=Pollinator::cAchievementsManager::GetAchievementDefinition; containing=NONE(No function found for 0x00676620); xrefs_to=0; bytes=7411892beb0d8d44241c50528bcfe89d; prologue=False padding=False; neighbors=006764f0|00676660
006766b0	Pollinator::cAchievementsManager::EvaluateTriggerOp	repaired-contained	00676660	containing-function-fallback	medium	True	UNKNOWN|P3|UNKNOWN->GAMEPLAY_LOGIC|P1|CONFIRMED	sdk=Pollinator::cAchievementsManager::EvaluateTriggerOp; containing=00676660(off+80,tail-36,00676660..006766d4,FUN_00676660); xrefs_to=0; bytes=0083c4103bc35b74043b38730d8d4c24; prologue=False padding=False; neighbors=00676660|006766e0
006766d0	Pollinator::cAchievementsManager::EarnAchievement	adjudicated-tail-alias	NULL	tail-bytes-no-callers	medium	False	no-triage-row-affected	sdk=Pollinator::cAchievementsManager::EarnAchievement; containing=00676660(off+112,tail-4,00676660..006766d4,FUN_00676660); xrefs_to=0; bytes=c410c20400cccccccccccccccccccccc; prologue=False padding=False; neighbors=00676660|006766e0
00676c40	Pollinator::cAchievementsManager::Init	repaired-contained	00676a20	containing-function-fallback	medium	True	UNKNOWN|P3|UNKNOWN->GAMEPLAY_LOGIC|P1|CONFIRMED	sdk=Pollinator::cAchievementsManager::Init; containing=00676a20(off+544,tail-58,00676a20..00676c7a,FUN_00676a20); xrefs_to=0; bytes=241483c10c894c24143b4c242c0f854e; prologue=False padding=False; neighbors=00676a20|00676c80
00676e50	Pollinator::cAchievementsManager::AddProgress	repaired-contained	00676e40	containing-function-fallback	medium	True	UNKNOWN|P3|UNKNOWN->GAMEPLAY_LOGIC|P1|CONFIRMED	sdk=Pollinator::cAchievementsManager::AddProgress; containing=00676e40(off+16,tail-59,00676e40..00676e8b,FUN_00676e40); xrefs_to=0; bytes=0000e849058d0083c41885c074098bc8; prologue=False padding=False; neighbors=00676e40|00676e90
0067c7f0	UI::cHintManager::ShowHint	adjudicated-dead-address	NULL	no-container-no-callers-no-prologue	low	False	no-triage-row-affected	sdk=UI::cHintManager::ShowHint; containing=NONE(No function found for 0x0067c7f0); xrefs_to=0; bytes=404803000000e8351500008b106a008b; prologue=False padding=False; neighbors=0067c450|0067c830
0067ca60	UTFWin::IWindowManager::Get	repaired-contained	0067ca50	containing-function-fallback	medium	True	UNKNOWN|P3|UNKNOWN->ENGINE_INTERFACE|P1|CONFIRMED	sdk=UTFWin::IWindowManager::Get; containing=0067ca50(off+16,tail-46,0067ca50..0067ca8e,FUN_0067ca50); xrefs_to=0; bytes=0489510485c0741c8b4c240889088bce; prologue=False padding=False; neighbors=0067ca50|0067ca90
0067ca70	UTFWin::cCursorManager::Get	repaired-contained	0067ca50	containing-function-fallback	medium	True	UNKNOWN|P3|UNKNOWN->ENGINE_INTERFACE|P1|CONFIRMED	sdk=UTFWin::cCursorManager::Get; containing=0067ca50(off+32,tail-30,0067ca50..0067ca8e,FUN_0067ca50); xrefs_to=0; bytes=e83bffffff5ec204008d5424085250e8; prologue=False padding=False; neighbors=0067ca50|0067ca90
0067ca80	UI::cHintManager::Get	adjudicated-tail-alias	NULL	tail-bytes-no-callers	medium	False	no-triage-row-affected	sdk=UI::cHintManager::Get; containing=0067ca50(off+48,tail-14,0067ca50..0067ca8e,FUN_0067ca50); xrefs_to=0; bytes=ac40fbff8bcee825ffffff5ec20400cc; prologue=False padding=False; neighbors=0067ca50|0067ca90
0067d9f0	App::cPropManager::Release	repaired-contained	0067d960	containing-function-fallback	medium	True	ENGINE_IMPLEMENTATION|P1|INFERRED->ENGINE_INTERFACE|P3|CONFIRMED	sdk=App::cPropManager::Release; containing=0067d960(off+144,tail-20,0067d960..0067da04,FUN_0067d960); xrefs_to=0; bytes=182b7a108bc75f5e5bc208005f5e83c8; prologue=False padding=False; neighbors=0067d960|0067da30
0067dcb0	App::Canvas::Get	adjudicated-tail-alias	NULL	tail-bytes-no-callers	medium	False	no-triage-row-affected	sdk=App::Canvas::Get; containing=0067dca0(off+16,tail-13,0067dca0..0067dcbd,FUN_0067dca0); xrefs_to=0; bytes=e8cb968c0083c4048bc65ec20400cccc; prologue=False padding=False; neighbors=0067dca0|0067dcc0
0067e430	App::cCheatManager::func24h	repaired-contained	0067e3f0	containing-function-fallback	medium	True	UNKNOWN|P3|UNKNOWN->ENGINE_INTERFACE|P1|CONFIRMED	sdk=App::cCheatManager::func24h; containing=0067e3f0(off+64,tail-20,0067e3f0..0067e444,FUN_0067e3f0); xrefs_to=0; bytes=d28b4c24088bc65e64890d0000000083; prologue=False padding=False; neighbors=0067e3f0|0067e480
0067ecc0	App::cCheatManager::Initialize	adjudicated-dead-address	NULL	no-container-no-callers-no-prologue	low	False	no-triage-row-affected	sdk=App::cCheatManager::Initialize; containing=NONE(No function found for 0x0067ecc0); xrefs_to=0; bytes=50e85a931b008b46108b70508d784c3b; prologue=False padding=False; neighbors=0067ea40|0067ed00
0067ef80	App::cCheatManager::ProcessLine	adjudicated-dead-address	NULL	no-container-no-callers-no-prologue	low	False	no-triage-row-affected	sdk=App::cCheatManager::ProcessLine; containing=NONE(No function found for 0x0067ef80); xrefs_to=0; bytes=0057508d7e10518bcfe8225dddff8b0f; prologue=False padding=False; neighbors=0067eef0|0067efa0
0067f350	App::cCheatManager::Dispose	repaired-contained	0067f260	containing-function-fallback	medium	True	UNKNOWN|P3|UNKNOWN->ENGINE_INTERFACE|P1|CONFIRMED	sdk=App::cCheatManager::Dispose; containing=0067f260(off+240,tail-55,0067f260..0067f387,FUN_0067f260); xrefs_to=0; bytes=ffff8bd8568d4504505753e840232a00; prologue=False padding=False; neighbors=0067f260|0067f390
0067f430	App::cCheatManager::GetCheat	repaired-contained	0067f390	containing-function-fallback	medium	True	ENGINE_IMPLEMENTATION|P1|INFERRED->ENGINE_INTERFACE|P3|CONFIRMED	sdk=App::cCheatManager::GetCheat; containing=0067f390(off+160,tail-55,0067f390..0067f467,FUN_0067f390); xrefs_to=0; bytes=008d4604894608895e0c885e10895e14; prologue=False padding=False; neighbors=0067f390|0067f470
0067f500	App::cCheatManager::func30h	repaired-contained	0067f470	containing-function-fallback	medium	True	ENGINE_IMPLEMENTATION|P1|INFERRED->ENGINE_INTERFACE|P3|CONFIRMED	sdk=App::cCheatManager::func30h; containing=0067f470(off+144,tail-56,0067f470..0067f538,FUN_0067f470); xrefs_to=0; bytes=bc452a008b302bdf83fb015b7e0d85ff; prologue=False padding=False; neighbors=0067f470|0067f540
0067f580	App::cCheatManager::func34h	repaired-contained	0067f540	containing-function-fallback	medium	True	ENGINE_IMPLEMENTATION|P1|INFERRED->ENGINE_INTERFACE|P3|CONFIRMED	sdk=App::cCheatManager::func34h; containing=0067f540(off+64,tail-59,0067f540..0067f5bb,FUN_0067f540); xrefs_to=0; bytes=542414528d4f48c744242800000000e8; prologue=False padding=False; neighbors=0067f540|0067f640
0067f6d0	App::cCheatManager::GetKeywords	repaired-contained	0067f670	containing-function-fallback	medium	True	UNKNOWN|P3|UNKNOWN->ENGINE_INTERFACE|P1|CONFIRMED	sdk=App::cCheatManager::GetKeywords; containing=0067f670(off+96,tail-49,0067f670..0067f701,FUN_0067f670); xrefs_to=0; bytes=0d85c0740950e8a57c8c0083c40456e8; prologue=False padding=False; neighbors=0067f670|0067f790
0067f970	App::cCheatManager::RemoveCheat	repaired-contained	0067f910	containing-function-fallback	medium	True	UNKNOWN|P3|UNKNOWN->ENGINE_INTERFACE|P1|CONFIRMED	sdk=App::cCheatManager::RemoveCheat; containing=0067f910(off+96,tail-47,0067f910..0067f99f,FUN_0067f910); xrefs_to=0; bytes=80008b46188d4e0c50c644241401e8ed; prologue=False padding=False; neighbors=0067f910|0067f9b0
0067fc10	App::cCheatManager::AddCheat	repaired-contained	0067fb80	containing-function-fallback	medium	True	UNKNOWN|P3|UNKNOWN->ENGINE_INTERFACE|P1|CONFIRMED	sdk=App::cCheatManager::AddCheat; containing=0067fb80(off+144,tail-54,0067fb80..0067fc46,FUN_0067fb80); xrefs_to=0; bytes=2430e819ecffff8d46208b4c24286489; prologue=False padding=False; neighbors=0067fb80|0067fc50
00688650	Resource::Paths::GetDirFromID	repaired-contained	00688570	containing-function-fallback	medium	True	ENGINE_IMPLEMENTATION|P1|INFERRED->ENGINE_INTERFACE|P3|CONFIRMED	sdk=Resource::Paths::GetDirFromID; containing=00688570(off+224,tail-89,00688570..006886a9,FUN_00688570); xrefs_to=0; bytes=4424108b88100200008b5424146a0451; prologue=False padding=False; neighbors=00688570|006886b0
006887d0	Resource::Paths::GetDirectory	repaired-contained	006887c0	containing-function-fallback	medium	True	UNKNOWN|P3|UNKNOWN->ENGINE_INTERFACE|P1|CONFIRMED	sdk=Resource::Paths::GetDirectory; containing=006887c0(off+16,tail-92,006887c0..0068882c,FUN_006887c0); xrefs_to=0; bytes=250000000083ec085668d10000006838; prologue=False padding=False; neighbors=006887c0|00688830
00688ba0	Resource::Paths::RegisterDirectory	adjudicated-tail-alias	NULL	tail-bytes-no-callers	medium	False	no-triage-row-affected	sdk=Resource::Paths::RegisterDirectory; containing=00688ad0(off+208,tail-3,00688ad0..00688ba3,FUN_00688ad0); xrefs_to=0; bytes=30c20400cccccccccccccccccccccccc; prologue=False padding=False; neighbors=00688ad0|00688bb0
0068a4e0	App::Property::GetValueString16	adjudicated-tail-alias	NULL	tail-bytes-no-callers	medium	False	no-triage-row-affected	sdk=App::Property::GetValueString16; containing=0068a460(off+128,tail-3,0068a460..0068a4e3,FUN_0068a460); xrefs_to=0; bytes=20c20800cccccccccccccccccccccccc; prologue=False padding=False; neighbors=0068a460|0068a4f0
0068d830	ResourceKey::Parse	adjudicated-tail-alias	NULL	tail-bytes-no-callers	medium	False	no-triage-row-affected	sdk=ResourceKey::Parse; containing=0068d5a0(off+656,tail-7,0068d5a0..0068d837,FUN_0068d5a0); xrefs_to=0; bytes=0000000083c444c3cccccccccccccccc; prologue=False padding=False; neighbors=0068d5a0|0068d840
0068f910	App::cJob::AddRef	repaired-contained	0068f7c0	containing-function-fallback	medium	True	UNKNOWN|P3|UNKNOWN->ENGINE_INTERFACE|P1|CONFIRMED	sdk=App::cJob::AddRef; containing=0068f7c0(off+336,tail-49,0068f7c0..0068f941,FUN_0068f7c0); xrefs_to=0; bytes=0175ed8b4c24108977385f5e5d3bcbc7; prologue=False padding=False; neighbors=0068f7c0|0068f950
0068f930	App::cJob::GetStatus	repaired-contained	0068f7c0	containing-function-fallback	medium	True	UNKNOWN|P3|UNKNOWN->ENGINE_INTERFACE|P1|CONFIRMED	sdk=App::cJob::GetStatus; containing=0068f7c0(off+368,tail-17,0068f7c0..0068f941,FUN_0068f7c0); xrefs_to=0; bytes=d08b4c241064890d0000000083c41cc2; prologue=False padding=False; neighbors=0068f7c0|0068f950
006900e0	App::cJob::Release	repaired-contained	006900b0	containing-function-fallback	medium	True	UNKNOWN|P3|UNKNOWN->ENGINE_INTERFACE|P1|CONFIRMED	sdk=App::cJob::Release; containing=006900b0(off+48,tail-55,006900b0..00690117,FUN_006900b0); xrefs_to=0; bytes=1c508d4c240c518bcec744241c000000; prologue=False padding=False; neighbors=006900b0|00690120
00690970	App::cJob::Resume	repaired-contained	00690930	containing-function-fallback	medium	True	UNKNOWN|P3|UNKNOWN->ENGINE_INTERFACE|P1|CONFIRMED	sdk=App::cJob::Resume; containing=00690930(off+64,tail-56,00690930..006909a8,FUN_00690930); xrefs_to=0; bytes=56048932568bcfc7461c02000000e8bd; prologue=False padding=False; neighbors=00690930|006909b0
00691340	App::cJob::AddDependency	repaired-contained	00691260	containing-function-fallback	medium	True	UNKNOWN|P3|UNKNOWN->ENGINE_INTERFACE|P1|CONFIRMED	sdk=App::cJob::AddDependency; containing=00691260(off+224,tail-29,00691260..0069135d,FUN_00691260); xrefs_to=0; bytes=18ffffffffe8260f29008b4c24105e5d; prologue=False padding=False; neighbors=00691260|00691380
006923c0	App::cJob::Cancel	repaired-contained	00692330	containing-function-fallback	medium	True	UNKNOWN|P3|UNKNOWN->ENGINE_INTERFACE|P1|CONFIRMED	sdk=App::cJob::Cancel; containing=00692330(off+144,tail-29,00692330..006923dd,FUN_00692330); xrefs_to=0; bytes=ffffe8a9fe28008b4c24145f5e5d8ac3; prologue=False padding=False; neighbors=00692330|00692400
00692670	App::cJob::Wait	repaired-contained	00692640	containing-function-fallback	medium	True	UNKNOWN|P3|UNKNOWN->ENGINE_INTERFACE|P1|CONFIRMED	sdk=App::cJob::Wait; containing=00692640(off+48,tail-55,00692640..006926a7,FUN_00692640); xrefs_to=0; bytes=1c508d4c240c518bcec744241c000000; prologue=False padding=False; neighbors=00692640|006926b0
006928c0	Simulator::ClassSerializer::Write	repaired-contained	00692880	containing-function-fallback	medium	True	UNKNOWN|P3|UNKNOWN->GAMEPLAY_LOGIC|P1|CONFIRMED	sdk=Simulator::ClassSerializer::Write; containing=00692880(off+64,tail-55,00692880..006928f7,FUN_00692880); xrefs_to=0; bytes=0081fa800000007d298d049242899100; prologue=False padding=False; neighbors=00692880|00692900
00693de0	Simulator::ClassSerializer::Read	repaired-contained	00693dd0	containing-function-fallback	medium	True	UNKNOWN|P3|UNKNOWN->GAMEPLAY_LOGIC|P1|CONFIRMED	sdk=Simulator::ClassSerializer::Read; containing=00693dd0(off+16,tail-38,00693dd0..00693e06,FUN_00693dd0); xrefs_to=0; bytes=85c0740950e896358b0083c4048b4640; prologue=False padding=False; neighbors=00693dd0|00693e10
00695b20	Simulator::XmlSerializer::AttributesToXml	repaired-contained	00695960	containing-function-fallback	medium	True	UNKNOWN|P3|UNKNOWN->GAMEPLAY_LOGIC|P1|CONFIRMED	sdk=Simulator::XmlSerializer::AttributesToXml; containing=00695960(off+448,tail-18,00695960..00695b32,FUN_00695960); xrefs_to=0; bytes=8b4c24745e5b64890d0000000083c478; prologue=False padding=False; neighbors=00695960|00695b40
006a1320	App::Property::GetKeyTypeID	adjudicated-dead-address	NULL	no-container-no-callers-no-prologue	low	False	no-triage-row-affected	sdk=App::Property::GetKeyTypeID; containing=NONE(No function found for 0x006a1320); xrefs_to=0; bytes=8b4c240485c974318b018b40248d5424; prologue=False padding=True; neighbors=006a12e0|006a1360
006a39b0	App::cPropManager::GetPropertyGroupsCount	adjudicated-dead-address	NULL	no-container-no-callers-no-prologue	low	False	no-triage-row-affected	sdk=App::cPropManager::GetPropertyGroupsCount; containing=NONE(No function found for 0x006a39b0); xrefs_to=0; bytes=180100002b8114010000c1f802c333c0; prologue=False padding=False; neighbors=006a3920|006a3a10
006a39e0	App::cPropManager::GetPropertyGroupIDAt	adjudicated-dead-address	NULL	no-container-no-callers-no-prologue	low	False	no-triage-row-affected	sdk=App::cPropManager::GetPropertyGroupIDAt; containing=NONE(No function found for 0x006a39e0); xrefs_to=0; bytes=180100002bd08b442404c1fa023bc27d; prologue=False padding=False; neighbors=006a3920|006a3a10
006a3d60	App::cPropManager::GetPropertyDefinition	adjudicated-dead-address	NULL	no-container-no-callers-no-prologue	low	False	no-triage-row-affected	sdk=App::cPropManager::GetPropertyDefinition; containing=NONE(No function found for 0x006a3d60); xrefs_to=0; bytes=4c2408518d4e20e8148a7b008b0083c6; prologue=False padding=False; neighbors=006a3d30|006a3dd0
006a4270	App::cPropManager::HasPropertyList	repaired-contained	006a4240	containing-function-fallback	medium	True	ENGINE_IMPLEMENTATION|P1|INFERRED->ENGINE_INTERFACE|P3|CONFIRMED	sdk=App::cPropManager::HasPropertyList; containing=006a4240(off+48,tail-92,006a4240..006a42cc,FUN_006a4240); xrefs_to=0; bytes=8bcee8a9b8d7ff8b56088b4e048b4424; prologue=False padding=False; neighbors=006a4240|006a42d0
006a4300	App::cPropManager::AreAnyPropertyListsReferenced	repaired-contained	006a42d0	containing-function-fallback	medium	True	ENGINE_IMPLEMENTATION|P1|INFERRED->ENGINE_INTERFACE|P3|CONFIRMED	sdk=App::cPropManager::AreAnyPropertyListsReferenced; containing=006a42d0(off+48,tail-92,006a42d0..006a435c,FUN_006a42d0); xrefs_to=0; bytes=89442410894c24148d442410508d4c24; prologue=False padding=False; neighbors=006a42d0|006a4360
006a58d0	App::cPropManager::HandleMessage	repaired-contained	006a58a0	containing-function-fallback	medium	True	ENGINE_IMPLEMENTATION|P1|INFERRED->ENGINE_INTERFACE|P3|CONFIRMED	sdk=App::cPropManager::HandleMessage; containing=006a58a0(off+48,tail-157,006a58a0..006a596d,FUN_006a58a0); xrefs_to=0; bytes=000f858b0000008b57188b4f1033c00b; prologue=False padding=False; neighbors=006a58a0|006a5970
006a59a0	App::cPropManager::GetNameFromID	adjudicated-tail-alias	NULL	tail-bytes-no-callers	medium	False	no-triage-row-affected	sdk=App::cPropManager::GetNameFromID; containing=006a5970(off+48,tail-11,006a5970..006a59ab,FUN_006a5970); xrefs_to=0; bytes=08c2040033c083c408c20400cccccccc; prologue=False padding=False; neighbors=006a5970|006a59b0
006a59e0	App::cPropManager::GetNameFromPropertyGroupID	adjudicated-tail-alias	NULL	tail-bytes-no-callers	medium	False	no-triage-row-affected	sdk=App::cPropManager::GetNameFromPropertyGroupID; containing=006a59b0(off+48,tail-11,006a59b0..006a59eb,FUN_006a59b0); xrefs_to=0; bytes=08c2040033c083c408c20400cccccccc; prologue=False padding=False; neighbors=006a59b0|006a59f0
006a5a20	App::cPropManager::RemovePropertyList	repaired-contained	006a59f0	containing-function-fallback	medium	True	ENGINE_IMPLEMENTATION|P1|INFERRED->ENGINE_INTERFACE|P3|CONFIRMED	sdk=App::cPropManager::RemovePropertyList; containing=006a59f0(off+48,tail-111,006a59f0..006a5a8f,FUN_006a59f0); xrefs_to=0; bytes=8d5424085283c60856c7442424000000; prologue=False padding=False; neighbors=006a59f0|006a5a90
006a5ac0	App::cPropManager::RemovePropertyLists2	repaired-contained	006a5a90	containing-function-fallback	medium	True	ENGINE_IMPLEMENTATION|P1|INFERRED->ENGINE_INTERFACE|P3|CONFIRMED	sdk=App::cPropManager::RemovePropertyLists2; containing=006a5a90(off+48,tail-184,006a5a90..006a5b78,FUN_006a5a90); xrefs_to=0; bytes=3bfb895c2434895c2420895c2428c744; prologue=False padding=False; neighbors=006a5a90|006a5b80
006a5bb0	App::cPropManager::RemovePropertyLists	repaired-contained	006a5b80	containing-function-fallback	medium	True	ENGINE_IMPLEMENTATION|P1|INFERRED->ENGINE_INTERFACE|P3|CONFIRMED	sdk=App::cPropManager::RemovePropertyLists; containing=006a5b80(off+48,tail-156,006a5b80..006a5c4c,FUN_006a5b80); xrefs_to=0; bytes=7753568b742430578d5d748bf8eb0590; prologue=False padding=False; neighbors=006a5b80|006a5c50
006a5fa0	App::cPropManager::GetIDFromName	adjudicated-dead-address	NULL	no-container-no-callers-no-prologue	low	False	no-triage-row-affected	sdk=App::cPropManager::GetIDFromName; containing=NONE(No function found for 0x006a5fa0); xrefs_to=0; bytes=088b4e048b4424085f5e3b049174118b; prologue=False padding=False; neighbors=006a5f40|006a5fd0
006a6000	App::cPropManager::GetPropertyGroupIDFromName	repaired-contained	006a5fd0	containing-function-fallback	medium	True	ENGINE_IMPLEMENTATION|P1|INFERRED->ENGINE_INTERFACE|P3|CONFIRMED	sdk=App::cPropManager::GetPropertyGroupIDFromName; containing=006a5fd0(off+48,tail-168,006a5fd0..006a60a8,FUN_006a5fd0); xrefs_to=0; bytes=68d10000006838bb3e016a006a006858; prologue=False padding=False; neighbors=006a5fd0|006a60b0
006a60e0	App::cPropManager::GetPropertyList	repaired-contained	006a60b0	containing-function-fallback	medium	True	ENGINE_IMPLEMENTATION|P1|INFERRED->ENGINE_INTERFACE|P3|CONFIRMED	sdk=App::cPropManager::GetPropertyList; containing=006a60b0(off+48,tail-223,006a60b0..006a61bf,FUN_006a60b0); xrefs_to=0; bytes=518bcec744242804b1b10032db895424; prologue=False padding=False; neighbors=006a60b0|006a61c0
006a61f0	App::cPropManager::AddPropertyList	repaired-contained	006a61c0	containing-function-fallback	medium	True	ENGINE_IMPLEMENTATION|P1|INFERRED->ENGINE_INTERFACE|P3|CONFIRMED	sdk=App::cPropManager::AddPropertyList; containing=006a61c0(off+48,tail-65,006a61c0..006a6231,FUN_006a61c0); xrefs_to=0; bytes=0bf98d5424100bc5528d4b7489442414; prologue=False padding=False; neighbors=006a61c0|006a6240
006a7e70	App::cPropManager::PreloadPropertyLists	repaired-contained	006a7e40	containing-function-fallback	medium	True	ENGINE_IMPLEMENTATION|P1|INFERRED->ENGINE_INTERFACE|P3|CONFIRMED	sdk=App::cPropManager::PreloadPropertyLists; containing=006a7e40(off+48,tail-1225,006a7e40..006a8339,FUN_006a7e40); xrefs_to=0; bytes=4000008944244c83c8ffc744247098b8; prologue=False padding=False; neighbors=006a7e40|006a8340
006a9b90	App::cPropManager::Initialize	repaired-contained	006a9b60	containing-function-fallback	medium	True	ENGINE_IMPLEMENTATION|P1|INFERRED->ENGINE_INTERFACE|P3|CONFIRMED	sdk=App::cPropManager::Initialize; containing=006a9b60(off+48,tail-1328,006a9b60..006aa0c0,FUN_006a9b60); xrefs_to=0; bytes=ff33ed558946188b108d4e04518bc88b; prologue=False padding=False; neighbors=006a9b60|006aa130
006aa100	App::cPropManager::func4Ch	adjudicated-dead-address	NULL	no-container-no-callers-no-prologue	low	False	no-triage-row-affected	sdk=App::cPropManager::func4Ch; containing=NONE(No function found for 0x006aa100); xrefs_to=0; bytes=d88bc72bc7505753e83766b3002bfbc1; prologue=False padding=False; neighbors=006a9b60|006aa130
006aa160	App::cPropManager::WriteResource	repaired-contained	006aa130	containing-function-fallback	medium	True	ENGINE_IMPLEMENTATION|P1|INFERRED->ENGINE_INTERFACE|P3|CONFIRMED	sdk=App::cPropManager::WriteResource; containing=006aa130(off+48,tail-640,006aa130..006aa3e0,FUN_006aa130); xrefs_to=0; bytes=7424183bf374098b068b50048bceffd2; prologue=False padding=False; neighbors=006aa130|006aa3f0
006aa7f0	App::cPropManager::Dispose	repaired-contained	006aa7c0	containing-function-fallback	medium	True	ENGINE_IMPLEMENTATION|P1|INFERRED->ENGINE_INTERFACE|P3|CONFIRMED	sdk=App::cPropManager::Dispose; containing=006aa7c0(off+48,tail-280,006aa7c0..006aa908,FUN_006aa7c0); xrefs_to=0; bytes=8b422cffd057e8d534fdff85c074148d; prologue=False padding=False; neighbors=006aa7c0|006aa910
006aa940	App::cPropManager::GetPropertyListIDs	repaired-contained	006aa910	containing-function-fallback	medium	True	ENGINE_IMPLEMENTATION|P1|INFERRED->ENGINE_INTERFACE|P3|CONFIRMED	sdk=App::cPropManager::GetPropertyListIDs; containing=006aa910(off+48,tail-198,006aa910..006aaa06,FUN_006aa910); xrefs_to=0; bytes=5eb3002bf3c1fe02f7de03f633db03f6; prologue=False padding=False; neighbors=006aa910|006aaa10
006ab150	App::cPropManager::ReadResource	repaired-contained	006ab120	containing-function-fallback	medium	True	ENGINE_IMPLEMENTATION|P1|INFERRED->ENGINE_INTERFACE|P3|CONFIRMED	sdk=App::cPropManager::ReadResource; containing=006ab120(off+48,tail-628,006ab120..006ab3c4,FUN_006ab120); xrefs_to=0; bytes=1c8bf18bcf8965f08975d4895de8ffd2; prologue=False padding=False; neighbors=006ab120|006ab2d4
006b1f20	Resource::Paths::GetSaveArea	repaired-contained	006b1ef0	containing-function-fallback	medium	True	UNKNOWN|P3|UNKNOWN->ENGINE_INTERFACE|P1|CONFIRMED	sdk=Resource::Paths::GetSaveArea; containing=006b1ef0(off+48,tail-48,006b1ef0..006b1f50,FUN_006b1ef0); xrefs_to=0; bytes=ffd28b7d048b5e043bfb741c85ff7408; prologue=False padding=False; neighbors=006b1ef0|006b1f60
006b20a0	Resource::ReadExtensionMappingsFromPropFile	repaired-contained	006b2090	containing-function-fallback	medium	True	UNKNOWN|P3|UNKNOWN->ENGINE_INTERFACE|P1|CONFIRMED	sdk=Resource::ReadExtensionMappingsFromPropFile; containing=006b2090(off+16,tail-101,006b2090..006b2105,FUN_006b2090); xrefs_to=0; bytes=fd5201c744240cacc11a01e8d0a67a00; prologue=False padding=False; neighbors=006b2090|006b2110
006b25b0	Resource::Paths::CreateSaveAreaDirectoryDatabase	repaired-contained	006b2510	containing-function-fallback	medium	True	UNKNOWN|P3|UNKNOWN->ENGINE_INTERFACE|P1|CONFIRMED	sdk=Resource::Paths::CreateSaveAreaDirectoryDatabase; containing=006b2510(off+160,tail-104,006b2510..006b2618,FUN_006b2510); xrefs_to=0; bytes=538be85755e8e6f026008b44242883c4; prologue=True padding=False; neighbors=006b2510|006b2620
006b36f0	Resource::Paths::RegisterSaveArea	repaired-contained	006b3680	containing-function-fallback	medium	True	UNKNOWN|P3|UNKNOWN->ENGINE_INTERFACE|P1|CONFIRMED	sdk=Resource::Paths::RegisterSaveArea; containing=006b3680(off+112,tail-103,006b3680..006b3757,FUN_006b3680); xrefs_to=0; bytes=1c895c242ce896e7ffffc6442430008b; prologue=False padding=False; neighbors=006b3680|006b3760
006b3fa0	Resource::SaveNamedResource	repaired-contained	006b37d0	containing-function-fallback	medium	True	UNKNOWN|P3|UNKNOWN->ENGINE_INTERFACE|P1|CONFIRMED	sdk=Resource::SaveNamedResource; containing=006b37d0(off+2000,tail-111,006b37d0..006b400f,FUN_006b37d0); xrefs_to=0; bytes=8b51048b420483c104ffd08d4c2408c7; prologue=False padding=False; neighbors=006b37d0|006b4010
006b4250	Resource::PFRecordWrite::SetKey	repaired-contained	006b4010	containing-function-fallback	medium	True	UNKNOWN|P3|UNKNOWN->ENGINE_INTERFACE|P1|CONFIRMED	sdk=Resource::PFRecordWrite::SetKey; containing=006b4010(off+576,tail-108,006b4010..006b42bc,FUN_006b4010); xrefs_to=0; bytes=202bc883e1fe83f9027e0d85c0740950; prologue=False padding=False; neighbors=006b4010|006b42e0
006b5440	LocalizedString::SetText	repaired-contained	006b5430	containing-function-fallback	medium	True	UNKNOWN|P3|UNKNOWN->ENGINE_INTERFACE|P1|CONFIRMED	sdk=LocalizedString::SetText; containing=006b5430(off+16,tail-109,006b5430..006b54ad,FUN_006b5430); xrefs_to=0; bytes=8b3b3bfd741c85ff74088b078b108bcf; prologue=False padding=False; neighbors=006b5430|006b54b0
006b5550	LocalizedString::GetText	repaired-contained	006b54b0	containing-function-fallback	medium	True	UNKNOWN|P3|UNKNOWN->ENGINE_INTERFACE|P1|CONFIRMED	sdk=LocalizedString::GetText; containing=006b54b0(off+160,tail-97,006b54b0..006b55b1,FUN_006b54b0); xrefs_to=0; bytes=44241c50b9a8085301e8b2fbffff895e; prologue=False padding=False; neighbors=006b54b0|006b55c0
006b93f0	Transform::ToMatrix4	repaired-contained	006b92d0	containing-function-fallback	medium	True	UNKNOWN|P3|UNKNOWN->ENGINE_INTERFACE|P1|CONFIRMED	sdk=Transform::ToMatrix4; containing=006b92d0(off+288,tail-74,006b92d0..006b943a,FUN_006b92d0); xrefs_to=0; bytes=6128f30f10612cf30f5ec8f30f59e1f3; prologue=False padding=False; neighbors=006b92d0|006b9440
006bca80	Resource::DatabasePackedFile::ReadData	adjudicated-tail-alias	NULL	tail-bytes-no-callers	medium	False	no-triage-row-affected	sdk=Resource::DatabasePackedFile::ReadData; containing=006bca70(off+16,tail-15,006bca70..006bca8f,FUN_006bca70); xrefs_to=0; bytes=008b3152508b46406a006a00ffd05ec3; prologue=False padding=False; neighbors=006bca70|006bca90
006c0230	UTFWin::ImageDrawable::GetImage	adjudicated-dead-address	NULL	no-container-no-callers-no-prologue	low	False	no-triage-row-affected	sdk=UTFWin::ImageDrawable::GetImage; containing=NONE(No function found for 0x006c0230); xrefs_to=0; bytes=741883e801740e83e80175148b41482b; prologue=False padding=False; neighbors=006c0200|006c0290
006c04d0	Resource::PFRecordWrite::GetPosition	adjudicated-tail-alias	NULL	tail-bytes-no-callers	medium	False	no-triage-row-affected	sdk=Resource::PFRecordWrite::GetPosition; containing=006c04a0(off+48,tail-4,006c04a0..006c04d4,FUN_006c04a0); xrefs_to=0; bytes=045f5effe0cccccccccccccccccccccc; prologue=False padding=False; neighbors=006c04a0|006c04e0
006c0510	Resource::PFRecordWrite::Read	adjudicated-tail-alias	NULL	tail-bytes-no-callers	medium	False	no-triage-row-affected	sdk=Resource::PFRecordWrite::Read; containing=006c04e0(off+48,tail-9,006c04e0..006c0519,FUN_006c04e0); xrefs_to=0; bytes=8b52308d4f045f5effe2cccccccccccc; prologue=False padding=False; neighbors=006c04e0|006c0520
006c0580	Resource::PFRecordWrite::Write	repaired-contained	006c0550	containing-function-fallback	medium	False	stable:ENGINE_INTERFACE|P0|CONFIRMED	sdk=Resource::PFRecordWrite::Write; containing=006c0550(off+48,tail-17,006c0550..006c0591,Resource::PFRecordWrite::Flush); xrefs_to=0; bytes=5f5ec208008b56048b52388d4e045f5e; prologue=False padding=False; neighbors=006c0550|006c05a0
006c09b0	Resource::PFRecordWrite::RecordClose	adjudicated-dead-address	NULL	no-container-no-callers-no-prologue	low	False	no-triage-row-affected	sdk=Resource::PFRecordWrite::RecordClose; containing=NONE(No function found for 0x006c09b0); xrefs_to=0; bytes=3cffd0c3b001c3cccccccccccccccccc; prologue=False padding=False; neighbors=006c0900|006c09c0
006ddd90	Graphics::cBufferDraw::UnlockAndDrawNoMaterial	repaired-contained	006ddd80	containing-function-fallback	medium	True	UNKNOWN|P3|UNKNOWN->ENGINE_INTERFACE|P1|CONFIRMED	sdk=Graphics::cBufferDraw::UnlockAndDrawNoMaterial; containing=006ddd80(off+16,tail-67,006ddd80..006dddd3,FUN_006ddd80); xrefs_to=0; bytes=4804e8e907b1008b4c240c8b11526a00; prologue=False padding=False; neighbors=006ddd80|006ddde0
006dddc0	Graphics::cBufferDraw::UnlockAndDrawMaterial	repaired-contained	006ddd80	containing-function-fallback	medium	True	UNKNOWN|P3|UNKNOWN->ENGINE_INTERFACE|P1|CONFIRMED	sdk=Graphics::cBufferDraw::UnlockAndDrawMaterial; containing=006ddd80(off+64,tail-19,006ddd80..006dddd3,FUN_006ddd80); xrefs_to=0; bytes=108988a40100008b0d2877600152e86d; prologue=False padding=False; neighbors=006ddd80|006ddde0
006dde00	Graphics::cBufferDraw::UnlockAndDrawMaterial1Texture	repaired-contained	006ddde0	containing-function-fallback	medium	True	UNKNOWN|P3|UNKNOWN->ENGINE_INTERFACE|P1|CONFIRMED	sdk=Graphics::cBufferDraw::UnlockAndDrawMaterial1Texture; containing=006ddde0(off+32,tail-42,006ddde0..006dde2a,FUN_006ddde0); xrefs_to=0; bytes=0d2877600133c08981a80100008b1528; prologue=False padding=False; neighbors=006ddde0|006dde30
006ddf60	Graphics::cBufferDraw::UnlockVertexBuffer	adjudicated-tail-alias	NULL	tail-bytes-no-callers	medium	False	no-triage-row-affected	sdk=Graphics::cBufferDraw::UnlockVertexBuffer; containing=006ddef0(off+112,tail-9,006ddef0..006ddf69,FUN_006ddef0); xrefs_to=0; bytes=6001c682b001000000c3cccccccccccc; prologue=False padding=False; neighbors=006ddef0|006ddf80
006e5590	Graphics::StandardShader::Load	adjudicated-dead-address	NULL	no-container-no-callers-no-prologue	low	False	no-triage-row-affected	sdk=Graphics::StandardShader::Load; containing=NONE(No function found for 0x006e5590); xrefs_to=0; bytes=c37417a1d0896f018b1053508b82ac01; prologue=False padding=False; neighbors=006e54d0|006e56b0
006e5810	Graphics::StandardShader::Release	repaired-contained	006e57d0	containing-function-fallback	medium	True	UNKNOWN|P3|UNKNOWN->ENGINE_INTERFACE|P1|CONFIRMED	sdk=Graphics::StandardShader::Release; containing=006e57d0(off+64,tail-84,006e57d0..006e5864,FUN_006e57d0); xrefs_to=0; bytes=44e86fb3af0068a0417a006890576e00; prologue=False padding=False; neighbors=006e57d0|006e5870
006e5c40	Graphics::StandardShader::Reset	repaired-contained	006e5bd0	containing-function-fallback	medium	True	UNKNOWN|P3|UNKNOWN->ENGINE_INTERFACE|P1|CONFIRMED	sdk=Graphics::StandardShader::Reset; containing=006e5bd0(off+112,tail-133,006e5bd0..006e5cc5,FUN_006e5bd0); xrefs_to=0; bytes=83c10c83c20c3bc875e62bc78bc8b855; prologue=False padding=False; neighbors=006e5bd0|006e5cd0
006e5dc0	Graphics::StandardShader::Read	repaired-contained	006e5d50	containing-function-fallback	medium	True	UNKNOWN|P3|UNKNOWN->ENGINE_INTERFACE|P1|CONFIRMED	sdk=Graphics::StandardShader::Read; containing=006e5d50(off+112,tail-831,006e5d50..006e60ff,FUN_006e5d50); xrefs_to=0; bytes=56c784243c01000000000000e8ef4825; prologue=False padding=False; neighbors=006e5d50|006e6100
006e6560	UTFWin::RotateEffect::GetRotationAxis	adjudicated-tail-alias	NULL	tail-bytes-no-callers	medium	False	no-triage-row-affected	sdk=UTFWin::RotateEffect::GetRotationAxis; containing=006e6500(off+96,tail-8,006e6500..006e6568,FUN_006e6500); xrefs_to=0; bytes=c4896f0100000000c3cccccccccccccc; prologue=False padding=False; neighbors=006e6500|006e6570
006e8850	UTFWin::Window::func19	repaired-contained	006e8810	containing-function-fallback	medium	True	UNKNOWN|P3|UNKNOWN->ENGINE_INTERFACE|P1|CONFIRMED	sdk=UTFWin::Window::func19; containing=006e8810(off+64,tail-1308,006e8810..006e8d6c,FUN_006e8810); xrefs_to=0; bytes=008b8f5c030000558bac248c0000008b; prologue=False padding=False; neighbors=006e8810|006e8e40
006fd390	Graphics::ShaderBuilder::Release	repaired-contained	006fd330	containing-function-fallback	medium	True	UNKNOWN|P3|UNKNOWN->ENGINE_INTERFACE|P1|CONFIRMED	sdk=Graphics::ShaderBuilder::Release; containing=006fd330(off+96,tail-389,006fd330..006fd515,FUN_006fd330); xrefs_to=0; bytes=ee1f03f23bee734d8b4c24348d34ed00; prologue=False padding=False; neighbors=006fd330|006fd520
006fd660	Graphics::ShaderBuilder::Read	repaired-contained	006fd5d0	containing-function-fallback	medium	True	UNKNOWN|P3|UNKNOWN->ENGINE_INTERFACE|P1|CONFIRMED	sdk=Graphics::ShaderBuilder::Read; containing=006fd5d0(off+144,tail-193,006fd5d0..006fd721,FUN_006fd5d0); xrefs_to=0; bytes=5103f3578bcee855f7ffff6a015657e8; prologue=False padding=False; neighbors=006fd5d0|006fd730
006fd860	Graphics::ShaderBuilder::Load	adjudicated-dead-address	NULL	no-container-no-callers-no-prologue	low	False	no-triage-row-affected	sdk=Graphics::ShaderBuilder::Load; containing=NONE(No function found for 0x006fd860); xrefs_to=0; bytes=0fbe07506a0356e8c4feffff83c424f6; prologue=False padding=False; neighbors=006fd7b0|006fd990
006ffb10	Graphics::cFrustumCull::OffsetPlanes	repaired-contained	006ffaf0	containing-function-fallback	medium	True	UNKNOWN|P3|UNKNOWN->ENGINE_INTERFACE|P1|CONFIRMED	sdk=Graphics::cFrustumCull::OffsetPlanes; containing=006ffaf0(off+32,tail-182,006ffaf0..006ffbc6,FUN_006ffaf0); xrefs_to=0; bytes=8b50048b4008894424088b4424208954; prologue=False padding=False; neighbors=006ffaf0|006ffbd0
006ffe90	Graphics::cFrustumCull::UpdateFromProjectionMatrix	repaired-contained	006ffe00	containing-function-fallback	medium	True	UNKNOWN|P3|UNKNOWN->ENGINE_INTERFACE|P1|CONFIRMED	sdk=Graphics::cFrustumCull::UpdateFromProjectionMatrix; containing=006ffe00(off+144,tail-655,006ffe00..0070011f,FUN_006ffe00); xrefs_to=0; bytes=f30f11730c0f57e8f30f112bf30f106c; prologue=False padding=False; neighbors=006ffe00|00700120
007001b0	Graphics::cFrustumCull::FrustumTestAABB	repaired-contained	00700120	containing-function-fallback	medium	True	UNKNOWN|P3|UNKNOWN->ENGINE_INTERFACE|P1|CONFIRMED	sdk=Graphics::cFrustumCull::FrustumTestAABB; containing=00700120(off+144,tail-219,00700120..0070028b,FUN_00700120); xrefs_to=0; bytes=85b00000008d0c898b6ccb10f30f1064; prologue=False padding=False; neighbors=00700120|00700290
0070f010	Graphics::cMaterialManager::ReadShaderFragments	repaired-contained	0070efa0	containing-function-fallback	medium	True	ENGINE_IMPLEMENTATION|P1|INFERRED->ENGINE_INTERFACE|P3|CONFIRMED	sdk=Graphics::cMaterialManager::ReadShaderFragments; containing=0070efa0(off+112,tail-189,0070efa0..0070f0cd,FUN_0070efa0); xrefs_to=0; bytes=ffffff85c974078b018b5008ffd2b001; prologue=False padding=False; neighbors=0070efa0|0070f0d0
0074a990	Graphics::cModelWorld::UpdateWithLODMeshes	repaired-contained	0074a920	containing-function-fallback	medium	True	UNKNOWN|P3|UNKNOWN->ENGINE_INTERFACE|P1|CONFIRMED	sdk=Graphics::cModelWorld::UpdateWithLODMeshes; containing=0074a920(off+112,tail-748,0074a920..0074ac7c,FUN_0074a920); xrefs_to=0; bytes=895c2414895c24188b5c242833ff8db5; prologue=False padding=False; neighbors=0074a920|0074ac80
0074b7d0	Graphics::IModelWorld::LoadModelProperties	repaired-contained	0074b760	containing-function-fallback	medium	True	UNKNOWN|P3|UNKNOWN->ENGINE_INTERFACE|P1|CONFIRMED	sdk=Graphics::IModelWorld::LoadModelProperties; containing=0074b760(off+112,tail-1478,0074b760..0074bd96,FUN_0074b760); xrefs_to=0; bytes=f30f114b08f30f11430cf30f114310f3; prologue=False padding=False; neighbors=0074b760|0074bda0
007515d0	Graphics::cModelWorld::FinishBackgroundLoad	repaired-contained	00751560	containing-function-fallback	medium	True	UNKNOWN|P3|UNKNOWN->ENGINE_INTERFACE|P1|CONFIRMED	sdk=Graphics::cModelWorld::FinishBackgroundLoad; containing=00751560(off+112,tail-1362,00751560..00751b22,FUN_00751560); xrefs_to=0; bytes=010000008b118b026a01ffd08b0e3bcb; prologue=False padding=False; neighbors=00751560|00751b30
007685a0	App::cPropManager::AddRef	repaired-contained	00768540	containing-function-fallback	medium	True	UNKNOWN|P3|UNKNOWN->ENGINE_INTERFACE|P1|CONFIRMED	sdk=App::cPropManager::AddRef; containing=00768540(off+96,tail-170,00768540..0076864a,FUN_00768540); xrefs_to=0; bytes=0685c974078b018b5004ffd28b86fc00; prologue=False padding=False; neighbors=00768540|00768650
007780c0	Graphics::RenderUtils::GetShaderDataSize	repaired-contained	00778060	containing-function-fallback	medium	True	UNKNOWN|P3|UNKNOWN->ENGINE_INTERFACE|P1|CONFIRMED	sdk=Graphics::RenderUtils::GetShaderDataSize; containing=00778060(off+96,tail-2316,00778060..007789cc,FUN_00778060); xrefs_to=0; bytes=2849100f28010fc6c1110f2849200fc6; prologue=False padding=False; neighbors=00778060|007789d0
007b87b0	App::cCameraManager::Release	repaired-contained	007b8780	containing-function-fallback	medium	True	UNKNOWN|P3|UNKNOWN->ENGINE_INTERFACE|P1|CONFIRMED	sdk=App::cCameraManager::Release; containing=007b8780(off+48,tail-51,007b8780..007b87e3,FUN_007b8780); xrefs_to=0; bytes=1002000000e866b126008d4e0cc64424; prologue=False padding=False; neighbors=007b8780|007b87f0
007c3cf0	App::cViewer::SetBackgroundColor	adjudicated-tail-alias	NULL	tail-bytes-no-callers	medium	False	no-triage-row-affected	sdk=App::cViewer::SetBackgroundColor; containing=007c3ce0(off+16,tail-6,007c3ce0..007c3cf6,App::cViewer::EndUpdate); xrefs_to=0; bytes=54010000c20800cccccccccccccccccc; prologue=False padding=False; neighbors=007c3ce0|007c3d00
007c3d20	App::cViewer::ClearScene	adjudicated-tail-alias	NULL	tail-bytes-no-callers	medium	False	no-triage-row-affected	sdk=App::cViewer::ClearScene; containing=007c3d00(off+32,tail-9,007c3d00..007c3d29,FUN_007c3d00); xrefs_to=0; bytes=0c898168010000c20400cccccccccccc; prologue=False padding=False; neighbors=007c3d00|007c3d30
007c3d60	App::cViewer::GetNearPlane	repaired-contained	007c3d30	containing-function-fallback	medium	True	UNKNOWN|P3|UNKNOWN->ENGINE_INTERFACE|P1|CONFIRMED	sdk=App::cViewer::GetNearPlane; containing=007c3d30(off+48,tail-53,007c3d30..007c3d95,FUN_007c3d30); xrefs_to=0; bytes=50088b44240c85c074118b512089108b; prologue=False padding=False; neighbors=007c3d30|007c3da0
007c3d70	App::cViewer::GetFarPlane	repaired-contained	007c3d30	containing-function-fallback	medium	True	UNKNOWN|P3|UNKNOWN->ENGINE_INTERFACE|P1|CONFIRMED	sdk=App::cViewer::GetFarPlane; containing=007c3d30(off+64,tail-37,007c3d30..007c3d95,FUN_007c3d30); xrefs_to=0; bytes=51248950048b51288950088b44241085; prologue=False padding=False; neighbors=007c3d30|007c3da0
007c3db0	App::cViewer::SetRenderType	repaired-contained	007c3da0	containing-function-fallback	medium	True	UNKNOWN|P3|UNKNOWN->ENGINE_INTERFACE|P1|CONFIRMED	sdk=App::cViewer::SetRenderType; containing=007c3da0(off+16,tail-47,007c3da0..007c3ddf,FUN_007c3da0); xrefs_to=0; bytes=088950088b511089500c8b5114895010; prologue=False padding=False; neighbors=007c3da0|007c3de0
007c3dd0	App::cViewer::SetCameraMaterialLODs	adjudicated-tail-alias	NULL	tail-bytes-no-callers	medium	False	no-triage-row-affected	sdk=App::cViewer::SetCameraMaterialLODs; containing=007c3da0(off+48,tail-15,007c3da0..007c3ddf,FUN_007c3da0); xrefs_to=0; bytes=108b51048950048b4908894808c20400; prologue=False padding=False; neighbors=007c3da0|007c3de0
007c41c0	App::cViewer::GetViewTransform	repaired-contained	007c4180	containing-function-fallback	medium	True	UNKNOWN|P3|UNKNOWN->ENGINE_INTERFACE|P1|CONFIRMED	sdk=App::cViewer::GetViewTransform; containing=007c4180(off+64,tail-212,007c4180..007c4294,FUN_007c4180); xrefs_to=0; bytes=1091c00000008b442404f30f59d0f30f; prologue=False padding=False; neighbors=007c4180|007c42a0
007c45b0	App::cViewer::GetCameraMaterialLODs	repaired-contained	007c4510	containing-function-fallback	medium	True	UNKNOWN|P3|UNKNOWN->ENGINE_INTERFACE|P1|CONFIRMED	sdk=App::cViewer::GetCameraMaterialLODs; containing=007c4510(off+160,tail-319,007c4510..007c46ef,FUN_007c4510); xrefs_to=0; bytes=115c2418f30f10991c010000f30f59d9; prologue=False padding=False; neighbors=007c4510|007c46f0
007c4800	App::cViewer::GetCameraToPoint	repaired-contained	007c4730	containing-function-fallback	medium	True	UNKNOWN|P3|UNKNOWN->ENGINE_INTERFACE|P1|CONFIRMED	sdk=App::cViewer::GetCameraToPoint; containing=007c4730(off+208,tail-251,007c4730..007c48fb,FUN_007c4730); xrefs_to=0; bytes=0f58d3f30f109918010000f30f589134; prologue=False padding=False; neighbors=007c4730|007c4900
007c49d0	App::cViewer::GetCameraToMouse	repaired-contained	007c4940	containing-function-fallback	medium	True	UNKNOWN|P3|UNKNOWN->ENGINE_INTERFACE|P1|CONFIRMED	sdk=App::cViewer::GetCameraToMouse; containing=007c4940(off+144,tail-132,007c4940..007c4a54,FUN_007c4940); xrefs_to=0; bytes=980000008b93ac0000008b4c24188993; prologue=False padding=False; neighbors=007c4940|007c4a60
007c4b30	App::cViewer::SetViewport	adjudicated-tail-alias	NULL	tail-bytes-no-callers	medium	False	no-triage-row-affected	sdk=App::cViewer::SetViewport; containing=007c4b00(off+48,tail-16,007c4b00..007c4b40,FUN_007c4b00); xrefs_to=0; bytes=0f115864f30f114068e802feffffc208; prologue=False padding=False; neighbors=007c4b00|007c4b50
007c4bd0	App::cViewer::SetViewWindow	adjudicated-tail-alias	NULL	tail-bytes-no-callers	medium	False	no-triage-row-affected	sdk=App::cViewer::SetViewWindow; containing=007c4bc0(off+16,tail-8,007c4bc0..007c4bd8,FUN_007c4bc0); xrefs_to=0; bytes=74e86afdffffc20400cccccccccccccc; prologue=False padding=False; neighbors=007c4bc0|007c4be0
007c4c20	App::cViewer::SetAspectRatio	repaired-contained	007c4be0	containing-function-fallback	medium	True	UNKNOWN|P3|UNKNOWN->ENGINE_INTERFACE|P1|CONFIRMED	sdk=App::cViewer::SetAspectRatio; containing=007c4be0(off+64,tail-29,007c4be0..007c4c3d,FUN_007c4be0); xrefs_to=0; bytes=4e04518b0e518bc8ffd28d442408508b; prologue=False padding=False; neighbors=007c4be0|007c4c40
007c4c70	App::cViewer::SetNearPlane	repaired-contained	007c4c40	containing-function-fallback	medium	True	UNKNOWN|P3|UNKNOWN->ENGINE_INTERFACE|P1|CONFIRMED	sdk=App::cViewer::SetNearPlane; containing=007c4c40(off+48,tail-138,007c4c40..007c4cfa,FUN_007c4c40); xrefs_to=0; bytes=04f30f104820f30f105010f30f105830; prologue=False padding=False; neighbors=007c4c40|007c4d00
007c4c90	App::cViewer::SetFarPlane	repaired-contained	007c4c40	containing-function-fallback	medium	True	UNKNOWN|P3|UNKNOWN->ENGINE_INTERFACE|P1|CONFIRMED	sdk=App::cViewer::SetFarPlane; containing=007c4c40(off+80,tail-106,007c4c40..007c4cfa,FUN_007c4c40); xrefs_to=0; bytes=ca0f14c6f30f1070240f14fdf30f1068; prologue=False padding=False; neighbors=007c4c40|007c4d00
007c4ea0	App::cViewer::Initialize	repaired-contained	007c4dd0	containing-function-fallback	medium	False	stable:ENGINE_INTERFACE|P3|CONFIRMED	sdk=App::cViewer::Initialize; containing=007c4dd0(off+208,tail-265,007c4dd0..007c4fa9,App::cViewer::SetViewTransform); xrefs_to=0; bytes=14d50f28e80f14f4f30f11888c000000; prologue=False padding=False; neighbors=007c4dd0|007c4fd0
007c5080	App::cViewer::BeginUpdate	repaired-contained	007c4fd0	containing-function-fallback	medium	True	UNKNOWN|P3|UNKNOWN->ENGINE_INTERFACE|P1|CONFIRMED	sdk=App::cViewer::BeginUpdate; containing=007c4fd0(off+176,tail-44,007c4fd0..007c50ac,FUN_007c4fd0); xrefs_to=0; bytes=048b86580100008a8e540100008b5424; prologue=False padding=False; neighbors=007c4fd0|007c50b0
007c5480	App::cViewer::SetPerspectiveProjection	adjudicated-tail-alias	NULL	tail-bytes-no-callers	medium	False	no-triage-row-affected	sdk=App::cViewer::SetPerspectiveProjection; containing=007c5440(off+64,tail-13,007c5440..007c548d,FUN_007c5440); xrefs_to=0; bytes=64f30f114068e8b5f4ffffc20800cccc; prologue=False padding=False; neighbors=007c5440|007c5490
007c61b0	App::cCameraManager::SetActiveCameraByKey	adjudicated-tail-alias	NULL	tail-bytes-no-callers	medium	False	no-triage-row-affected	sdk=App::cCameraManager::SetActiveCameraByKey; containing=007c61a0(off+16,tail-6,007c61a0..007c61b6,App::cCameraManager::SetViewer); xrefs_to=0; bytes=8b0481c333c0c3cccccccccccccccccc; prologue=False padding=False; neighbors=007c61a0|007c6200
007c61f0	App::cCameraManager::GetActiveCameraID	adjudicated-dead-address	NULL	no-container-no-callers-no-prologue	low	False	no-triage-row-affected	sdk=App::cCameraManager::GetActiveCameraID; containing=NONE(No function found for 0x007c61f0); xrefs_to=0; bytes=008b0481c2040033c0c20400cccccccc; prologue=False padding=False; neighbors=007c61a0|007c6200
007c6240	App::cCameraManager::GetActiveCamera	repaired-contained	007c6200	containing-function-fallback	medium	True	UNKNOWN|P3|UNKNOWN->ENGINE_INTERFACE|P1|CONFIRMED	sdk=App::cCameraManager::GetActiveCamera; containing=007c6200(off+64,tail-209,007c6200..007c6311,FUN_007c6200); xrefs_to=0; bytes=f60f84b50000008b168b421c682a39ed; prologue=False padding=False; neighbors=007c6200|007c64c0
007c6260	App::cCameraManager::GetCamerasCount	repaired-contained	007c6200	containing-function-fallback	medium	True	UNKNOWN|P3|UNKNOWN->ENGINE_INTERFACE|P1|CONFIRMED	sdk=App::cCameraManager::GetCamerasCount; containing=007c6200(off+96,tail-177,007c6200..007c6311,FUN_007c6200); xrefs_to=0; bytes=39ed008bceffd00fb748126683f93474; prologue=False padding=False; neighbors=007c6200|007c64c0
007c6270	App::cCameraManager::GetCameraAt	repaired-contained	007c6200	containing-function-fallback	medium	True	UNKNOWN|P3|UNKNOWN->ENGINE_INTERFACE|P1|CONFIRMED	sdk=App::cCameraManager::GetCameraAt; containing=007c6200(off+112,tail-161,007c6200..007c6311,FUN_007c6200); xrefs_to=0; bytes=0d6683f9107407e89453efffeb15f640; prologue=False padding=False; neighbors=007c6200|007c64c0
007c6440	App::cCameraManager::Update	adjudicated-dead-address	NULL	no-container-no-callers-no-prologue	low	False	no-triage-row-affected	sdk=App::cCameraManager::Update; containing=NONE(No function found for 0x007c6440); xrefs_to=0; bytes=96800000008b8ea80000008b0c8a8b01; prologue=False padding=False; neighbors=007c6200|007c64c0
007c6520	App::cCameraManager::GetCameraIDAt	repaired-contained	007c64e0	containing-function-fallback	medium	True	ENGINE_IMPLEMENTATION|P1|INFERRED->ENGINE_INTERFACE|P3|CONFIRMED	sdk=App::cCameraManager::GetCameraIDAt; containing=007c64e0(off+64,tail-122,007c64e0..007c659a,FUN_007c64e0); xrefs_to=0; bytes=fe043bf7897c2424897c242c7e28558b; prologue=False padding=False; neighbors=007c64e0|007c65a0
007c6580	App::cCameraManager::GetCameraID	repaired-contained	007c64e0	containing-function-fallback	medium	True	ENGINE_IMPLEMENTATION|P1|INFERRED->ENGINE_INTERFACE|P3|CONFIRMED	sdk=App::cCameraManager::GetCameraID; containing=007c64e0(off+160,tail-26,007c64e0..007c659a,FUN_007c64e0); xrefs_to=0; bytes=780083c4048b4c241c5f8bc65e5b6489; prologue=False padding=False; neighbors=007c64e0|007c65a0
007c67a0	App::cCameraManager::GetCamera	repaired-contained	007c6750	containing-function-fallback	medium	False	stable:ENGINE_INTERFACE|P0|CONFIRMED	sdk=App::cCameraManager::GetCamera; containing=007c6750(off+80,tail-990,007c6750..007c6b7e,App::cCameraManager::SetActiveCameraByID); xrefs_to=0; bytes=8b8994000000c1e0048b140803c13b50; prologue=False padding=False; neighbors=007c6750|007c6b80
007c6c20	App::cCameraManager::ParseCameras	repaired-contained	007c6b80	containing-function-fallback	medium	True	ENGINE_IMPLEMENTATION|P1|INFERRED->ENGINE_INTERFACE|P3|CONFIRMED	sdk=App::cCameraManager::ParseCameras; containing=007c6b80(off+160,tail-388,007c6b80..007c6da4,FUN_007c6b80); xrefs_to=0; bytes=2428528b14b9528bceffd084c00f841e; prologue=False padding=False; neighbors=007c6b80|007c6e50
007c6f30	App::cCameraManager::AddCameraType	repaired-contained	007c6eb0	containing-function-fallback	medium	True	ENGINE_IMPLEMENTATION|P1|INFERRED->ENGINE_INTERFACE|P3|CONFIRMED	sdk=App::cCameraManager::AddCameraType; containing=007c6eb0(off+128,tail-276,007c6eb0..007c7044,FUN_007c6eb0); xrefs_to=0; bytes=3bc57427c7400484b33e01c7400894f0; prologue=False padding=False; neighbors=007c6eb0|007c7050
007c6f50	App::cCameraManager::RemoveCameras	repaired-contained	007c6eb0	containing-function-fallback	medium	True	ENGINE_IMPLEMENTATION|P1|INFERRED->ENGINE_INTERFACE|P3|CONFIRMED	sdk=App::cCameraManager::RemoveCameras; containing=007c6eb0(off+160,tail-244,007c6eb0..007c7044,FUN_007c6eb0); xrefs_to=0; bytes=4101c74008ac054101eb0233c0894424; prologue=False padding=False; neighbors=007c6eb0|007c7050
007c7150	App::cCameraManager::Initialize	adjudicated-dead-address	NULL	no-container-no-callers-no-prologue	low	False	no-triage-row-affected	sdk=App::cCameraManager::Initialize; containing=NONE(No function found for 0x007c7150); xrefs_to=0; bytes=e84b02780083c4185f3bc37427c74004; prologue=False padding=False; neighbors=007c7050|007c7470
007c7310	App::cCameraManager::PutCamera	adjudicated-dead-address	NULL	no-container-no-callers-no-prologue	low	False	no-triage-row-affected	sdk=App::cCameraManager::PutCamera; containing=NONE(No function found for 0x007c7310); xrefs_to=0; bytes=740c8b168b028bceffd08b4424308930; prologue=False padding=False; neighbors=007c7050|007c7470
007d8120	App::cGameModeManager::Initialize	repaired-contained	007d8060	containing-function-fallback	medium	True	ENGINE_IMPLEMENTATION|P1|INFERRED->ENGINE_INTERFACE|P3|CONFIRMED	sdk=App::cGameModeManager::Initialize; containing=007d8060(off+192,tail-85,007d8060..007d8175,FUN_007d8060); xrefs_to=0; bytes=8bc88b422056ffd0e8935beaff8b1068; prologue=False padding=False; neighbors=007d8060|007d8230
007d8240	App::cGameModeManager::HandleMessage	repaired-contained	007d8230	containing-function-fallback	medium	True	ENGINE_IMPLEMENTATION|P1|INFERRED->ENGINE_INTERFACE|P3|CONFIRMED	sdk=App::cGameModeManager::HandleMessage; containing=007d8230(off+16,tail-47,007d8230..007d826f,FUN_007d8230); xrefs_to=0; bytes=c1fa028bc2c1e81f03c285c07e1e5357; prologue=False padding=False; neighbors=007d8230|007d8360
007d82b0	App::cGameModeManager::func14h	adjudicated-dead-address	NULL	no-container-no-callers-no-prologue	low	False	no-triage-row-affected	sdk=App::cGameModeManager::func14h; containing=NONE(No function found for 0x007d82b0); xrefs_to=0; bytes=c204008d04768b04c15f5ec20400cccc; prologue=False padding=False; neighbors=007d8230|007d8360
007d82f0	App::cGameModeManager::InitializeModes	adjudicated-dead-address	NULL	no-container-no-callers-no-prologue	low	False	no-triage-row-affected	sdk=App::cGameModeManager::InitializeModes; containing=NONE(No function found for 0x007d82f0); xrefs_to=0; bytes=5ec3cccccccccccccccccccccccccccc; prologue=False padding=False; neighbors=007d8230|007d8360
007d8330	App::cGameModeManager::GetGameMode	adjudicated-dead-address	NULL	no-container-no-callers-no-prologue	low	False	no-triage-row-affected	sdk=App::cGameModeManager::GetGameMode; containing=NONE(No function found for 0x007d8330); xrefs_to=0; bytes=c05ec3cccccccccccccccccccccccccc; prologue=False padding=False; neighbors=007d8230|007d8360
007d8380	App::cGameModeManager::GetActiveMode	repaired-contained	007d8360	containing-function-fallback	medium	True	ENGINE_IMPLEMENTATION|P1|INFERRED->ENGINE_INTERFACE|P3|CONFIRMED	sdk=App::cGameModeManager::GetActiveMode; containing=007d8360(off+32,tail-78,007d8360..007d83ce,FUN_007d8360); xrefs_to=0; bytes=f67e3033ed8b43148b4c28083b4c280c; prologue=False padding=False; neighbors=007d8360|007d83d0
007d83c0	App::cGameModeManager::GetActiveModeID	adjudicated-tail-alias	NULL	tail-bytes-no-callers	medium	False	no-triage-row-affected	sdk=App::cGameModeManager::GetActiveModeID; containing=007d8360(off+96,tail-14,007d8360..007d83ce,FUN_007d8360); xrefs_to=0; bytes=40578bcbffd25f5e5db0015bc20400cc; prologue=False padding=False; neighbors=007d8360|007d83d0
007d8400	App::cGameModeManager::GetModeCount	adjudicated-tail-alias	NULL	tail-bytes-no-callers	medium	False	no-triage-row-affected	sdk=App::cGameModeManager::GetModeCount; containing=007d83d0(off+48,tail-6,007d83d0..007d8406,FUN_007d83d0); xrefs_to=0; bytes=0033c05ec20400cccccccccccccccccc; prologue=False padding=False; neighbors=007d83d0|007d8410
007d8420	App::cGameModeManager::SetActiveModeByName	repaired-contained	007d8410	containing-function-fallback	medium	True	ENGINE_IMPLEMENTATION|P1|INFERRED->ENGINE_INTERFACE|P3|CONFIRMED	sdk=App::cGameModeManager::SetActiveModeByName; containing=007d8410(off+16,tail-39,007d8410..007d8447,FUN_007d8410); xrefs_to=0; bytes=abaaaa2af7eac1fa028bc2c1e81f03c2; prologue=False padding=False; neighbors=007d8410|007d8580
007d8490	App::cGameModeManager::GetGameModeAt	adjudicated-dead-address	NULL	no-container-no-callers-no-prologue	low	False	no-triage-row-affected	sdk=App::cGameModeManager::GetGameModeAt; containing=NONE(No function found for 0x007d8490); xrefs_to=0; bytes=db3bcb0f8cc80000008b57182b5714b8; prologue=False padding=False; neighbors=007d8410|007d8580
007d84d0	App::cGameModeManager::GetModeIDAt	adjudicated-dead-address	NULL	no-container-no-callers-no-prologue	low	False	no-triage-row-affected	sdk=App::cGameModeManager::GetModeIDAt; containing=NONE(No function found for 0x007d84d0); xrefs_to=0; bytes=3bf37472895c243cc744240c0cb93e01; prologue=False padding=False; neighbors=007d8410|007d8580
007d8510	App::cGameModeManager::SetViewer	adjudicated-dead-address	NULL	no-container-no-callers-no-prologue	low	False	no-triage-row-affected	sdk=App::cGameModeManager::SetViewer; containing=NONE(No function found for 0x007d8510); xrefs_to=0; bytes=894c242468e7d312028bce895c2460ff; prologue=False padding=False; neighbors=007d8410|007d8580
007d8530	App::cGameModeManager::ClearActiveMode	adjudicated-dead-address	NULL	no-container-no-callers-no-prologue	low	False	no-triage-row-affected	sdk=App::cGameModeManager::ClearActiveMode; containing=NONE(No function found for 0x007d8530); xrefs_to=0; bytes=028bceffd28d4c240cc7442454ffffff; prologue=False padding=False; neighbors=007d8410|007d8580
007d8cf0	App::cGameModeManager::SetActiveMode	repaired-contained	007d8cc0	containing-function-fallback	medium	True	UNKNOWN|P3|UNKNOWN->ENGINE_INTERFACE|P1|CONFIRMED	sdk=App::cGameModeManager::SetActiveMode; containing=007d8cc0(off+48,tail-39,007d8cc0..007d8d17,FUN_007d8cc0); xrefs_to=0; bytes=faffff8b3685f6740f837efc00740956; prologue=False padding=False; neighbors=007d8cc0|007d8d40
007d90b0	App::cGameModeManager::RemoveGameMode	repaired-contained	007d90a0	containing-function-fallback	medium	True	UNKNOWN|P3|UNKNOWN->ENGINE_INTERFACE|P1|CONFIRMED	sdk=App::cGameModeManager::RemoveGameMode; containing=007d90a0(off+16,tail-97,007d90a0..007d9111,FUN_007d90a0); xrefs_to=0; bytes=25000000008b410483ec083b41087336; prologue=False padding=False; neighbors=007d90a0|007d9380
007d91e0	App::cGameModeManager::Dispose	adjudicated-dead-address	NULL	no-container-no-callers-no-prologue	low	False	no-triage-row-affected	sdk=App::cGameModeManager::Dispose; containing=NONE(No function found for 0x007d91e0); xrefs_to=0; bytes=eb0175ec8b1e8b7e04535757e88ff7ff; prologue=False padding=False; neighbors=007d90a0|007d9380
007d9320	App::cGameModeManager::AddGameMode	adjudicated-dead-address	NULL	no-container-no-callers-no-prologue	low	False	no-triage-row-affected	sdk=App::cGameModeManager::AddGameMode; containing=NONE(No function found for 0x007d9320); xrefs_to=0; bytes=5ce0760083c4048b4c240885c974078b; prologue=False padding=False; neighbors=007d90a0|007d9380
007d94f0	App::cMouseCamera::func54h	repaired-contained	007d9460	containing-function-fallback	medium	True	ENGINE_IMPLEMENTATION|P1|INFERRED->ENGINE_INTERFACE|P3|CONFIRMED	sdk=App::cMouseCamera::func54h; containing=007d9460(off+144,tail-1363,007d9460..007d9a43,FUN_007d9460); xrefs_to=0; bytes=5d01d901eb1b84581074068b08d901eb; prologue=False padding=False; neighbors=007d9460|007d9a50
007d9520	App::cMouseCamera::Initialize	repaired-contained	007d9460	containing-function-fallback	medium	True	ENGINE_IMPLEMENTATION|P1|INFERRED->ENGINE_INTERFACE|P3|CONFIRMED	sdk=App::cMouseCamera::Initialize; containing=007d9460(off+192,tail-1315,007d9460..007d9a43,FUN_007d9460); xrefs_to=0; bytes=00ffd284c0743c8b4e248b018b502868; prologue=False padding=False; neighbors=007d9460|007d9a50
007d9c90	App::cMouseCamera::OnMouseDown	adjudicated-dead-address	NULL	no-container-no-callers-no-prologue	low	False	no-triage-row-affected	sdk=App::cMouseCamera::OnMouseDown; containing=NONE(No function found for 0x007d9c90); xrefs_to=0; bytes=00f30f11442428f30f104004f30f1144; prologue=False padding=False; neighbors=007d9bb0|007d9fb0
007d9d00	App::cMouseCamera::HandleMessage	adjudicated-dead-address	NULL	no-container-no-callers-no-prologue	low	False	no-triage-row-affected	sdk=App::cMouseCamera::HandleMessage; containing=NONE(No function found for 0x007d9d00); xrefs_to=0; bytes=008b4424648b108997a40000008b4804; prologue=False padding=False; neighbors=007d9bb0|007d9fb0
007da6b0	App::cMouseCamera::CalculateViewTransform	repaired-contained	007da5f0	containing-function-fallback	medium	True	UNKNOWN|P3|UNKNOWN->ENGINE_INTERFACE|P1|CONFIRMED	sdk=App::cMouseCamera::CalculateViewTransform; containing=007da5f0(off+192,tail-220,007da5f0..007da78c,FUN_007da5f0); xrefs_to=0; bytes=f30f105e200f28e8f30f10462cf30f59; prologue=False padding=False; neighbors=007da5f0|007da790
007da8c0	App::cMouseCamera::OnMouseMove	adjudicated-dead-address	NULL	no-container-no-callers-no-prologue	low	False	no-triage-row-affected	sdk=App::cMouseCamera::OnMouseMove; containing=NONE(No function found for 0x007da8c0); xrefs_to=0; bytes=04f30f10542414f30f5c563cf30f59d0; prologue=False padding=False; neighbors=007da790|007da9f0
007da9d0	App::cMouseCamera::OnMouseWheel	adjudicated-dead-address	NULL	no-container-no-callers-no-prologue	low	False	no-triage-row-affected	sdk=App::cMouseCamera::OnMouseWheel; containing=NONE(No function found for 0x007da9d0); xrefs_to=0; bytes=f30f58c8f30f1189d4000000d981d400; prologue=False padding=False; neighbors=007da790|007da9f0
007daab0	App::cMouseCamera::Update	repaired-contained	007da9f0	containing-function-fallback	medium	True	ENGINE_IMPLEMENTATION|P1|INFERRED->ENGINE_INTERFACE|P3|CONFIRMED	sdk=App::cMouseCamera::Update; containing=007da9f0(off+192,tail-688,007da9f0..007dad60,FUN_007da9f0); xrefs_to=0; bytes=20668944240cf30f1144241ce87f20c4; prologue=False padding=False; neighbors=007da9f0|007dad70
007e5f20	App::cAppSystem::Pause	adjudicated-dead-address	NULL	no-container-no-callers-no-prologue	low	False	no-triage-row-affected	sdk=App::cAppSystem::Pause; containing=NONE(No function found for 0x007e5f20); xrefs_to=0; bytes=421868e3dd6204ffd0c3cccccccccccc; prologue=False padding=False; neighbors=007e5e10|007e5f30
007e5f40	App::cAppSystem::IsPaused	repaired-contained	007e5f30	containing-function-fallback	medium	False	stable:ENGINE_INTERFACE|P0|CONFIRMED	sdk=App::cAppSystem::IsPaused; containing=007e5f30(off+16,tail-25,007e5f30..007e5f59,App::cAppSystem::Unpause); xrefs_to=0; bytes=e87b7de9ff8b106a006a006a008bc88b; prologue=False padding=False; neighbors=007e5f30|007e5f60
007e5f50	App::cAppSystem::SetTimeScale	adjudicated-tail-alias	NULL	tail-bytes-no-callers	medium	False	no-triage-row-affected	sdk=App::cAppSystem::SetTimeScale; containing=007e5f30(off+32,tail-9,007e5f30..007e5f59,App::cAppSystem::Unpause); xrefs_to=0; bytes=421868e3dd6204ffd0c3cccccccccccc; prologue=False padding=False; neighbors=007e5f30|007e5f60
007e5f70	App::cAppSystem::SetFixedStepping	repaired-contained	007e5f60	containing-function-fallback	medium	True	UNKNOWN|P3|UNKNOWN->ENGINE_INTERFACE|P1|CONFIRMED	sdk=App::cAppSystem::SetFixedStepping; containing=007e5f60(off+16,tail-91,007e5f60..007e5fcb,FUN_007e5f60); xrefs_to=0; bytes=ff1594c63c018b0e98c1f80f83f91b75; prologue=False padding=False; neighbors=007e5f60|007e6080
007e5f80	App::cAppSystem::func60h	repaired-contained	007e5f60	containing-function-fallback	medium	True	UNKNOWN|P3|UNKNOWN->ENGINE_INTERFACE|P1|CONFIRMED	sdk=App::cAppSystem::func60h; containing=007e5f60(off+32,tail-75,007e5f60..007e5fcb,FUN_007e5f60); xrefs_to=0; bytes=1c85c07418e8767de9ff8b108bc88b42; prologue=False padding=False; neighbors=007e5f60|007e6080
007e5fb0	App::cAppSystem::func64h	repaired-contained	007e5f60	containing-function-fallback	medium	True	UNKNOWN|P3|UNKNOWN->ENGINE_INTERFACE|P1|CONFIRMED	sdk=App::cAppSystem::func64h; containing=007e5f60(off+80,tail-27,007e5f60..007e5fcb,FUN_007e5f60); xrefs_to=0; bytes=0875d28b4c24108b15a4936301565157; prologue=False padding=False; neighbors=007e5f60|007e6080
007e5fe0	App::cAppSystem::func68h	adjudicated-dead-address	NULL	no-container-no-callers-no-prologue	low	False	no-triage-row-affected	sdk=App::cAppSystem::func68h; containing=NONE(No function found for 0x007e5fe0); xrefs_to=0; bytes=c0752fe8087de9ff8b108bc88b4254ff; prologue=False padding=False; neighbors=007e5f60|007e6080
007e60d0	App::cAppSystem::UnhookWindows	repaired-contained	007e6090	containing-function-fallback	medium	True	ENGINE_IMPLEMENTATION|P1|INFERRED->ENGINE_INTERFACE|P3|CONFIRMED	sdk=App::cAppSystem::UnhookWindows; containing=007e6090(off+64,tail-47,007e6090..007e60ff,FUN_007e6090); xrefs_to=0; bytes=c40000006a0081c6b800000056684802; prologue=False padding=False; neighbors=007e6090|007e6100
007e6120	App::cAppSystem::Demo	adjudicated-tail-alias	NULL	tail-bytes-no-callers	medium	False	no-triage-row-affected	sdk=App::cAppSystem::Demo; containing=007e6100(off+32,tail-15,007e6100..007e612f,App::cAppSystem::SetEffectCollectionIDs); xrefs_to=0; bytes=750e83c00283c10284d275e433c0eb05; prologue=False padding=False; neighbors=007e6100|007e6130
007e6140	App::cAppSystem::PostUpdate	repaired-contained	007e6130	containing-function-fallback	medium	False	stable:ENGINE_INTERFACE|P3|CONFIRMED	sdk=App::cAppSystem::PostUpdate; containing=007e6130(off+16,tail-199,007e6130..007e6207,App::cAppSystem::func7Ch); xrefs_to=0; bytes=f85301b0015ec3b9743841018bc68bff; prologue=False padding=False; neighbors=007e6130|007e6210
007e6520	App::cAppSystem::PreShutdown	repaired-contained	007e6470	containing-function-fallback	medium	True	ENGINE_IMPLEMENTATION|P1|INFERRED->ENGINE_INTERFACE|P3|CONFIRMED	sdk=App::cAppSystem::PreShutdown; containing=007e6470(off+176,tail-171,007e6470..007e65cb,FUN_007e6470); xrefs_to=0; bytes=8b4e148b018b502c68f1d8ffff6873fe; prologue=False padding=False; neighbors=007e6470|007e6650
007e6680	App::cAppSystem::BoostBackgroundJobs	adjudicated-tail-alias	NULL	tail-bytes-no-callers	medium	False	no-triage-row-affected	sdk=App::cAppSystem::BoostBackgroundJobs; containing=007e6650(off+48,tail-14,007e6650..007e668e,FUN_007e6650); xrefs_to=0; bytes=08508b464450ffd25e83c420c20400cc; prologue=False padding=False; neighbors=007e6650|007e6690
007e66e0	App::cAppSystem::IsBoostEnabled	repaired-contained	007e66a0	containing-function-fallback	medium	True	UNKNOWN|P3|UNKNOWN->ENGINE_INTERFACE|P1|CONFIRMED	sdk=App::cAppSystem::IsBoostEnabled; containing=007e66a0(off+64,tail-48,007e66a0..007e6710,FUN_007e66a0); xrefs_to=0; bytes=8b57088b40248d4c240851528bceffd0; prologue=False padding=False; neighbors=007e66a0|007e6720
007e6700	App::cAppSystem::func84h	adjudicated-tail-alias	NULL	tail-bytes-no-callers	medium	False	no-triage-row-affected	sdk=App::cAppSystem::func84h; containing=007e66a0(off+96,tail-16,007e66a0..007e6710,FUN_007e66a0); xrefs_to=0; bytes=07740889075fb0015e59c35f32c05e59; prologue=False padding=False; neighbors=007e66a0|007e6720
007e6850	App::cAppSystem::Init	repaired-contained	007e67a0	containing-function-fallback	medium	True	ENGINE_IMPLEMENTATION|P1|INFERRED->ENGINE_INTERFACE|P3|CONFIRMED	sdk=App::cAppSystem::Init; containing=007e67a0(off+176,tail-2129,007e67a0..007e70a1,FUN_007e67a0); xrefs_to=0; bytes=86280100003b862c010000750433c0eb; prologue=False padding=False; neighbors=007e67a0|007e7115
007e7430	App::cAppSystem::Configure	repaired-contained	007e7380	containing-function-fallback	medium	True	ENGINE_IMPLEMENTATION|P1|INFERRED->ENGINE_INTERFACE|P3|CONFIRMED	sdk=App::cAppSystem::Configure; containing=007e7380(off+176,tail-496,007e7380..007e7620,FUN_007e7380); xrefs_to=0; bytes=24285268060a8d0356c7442434200300; prologue=False padding=False; neighbors=007e7380|007e7630
007e8a00	App::cAppSystem::Create	repaired-contained	007e89c0	containing-function-fallback	medium	True	UNKNOWN|P3|UNKNOWN->ENGINE_INTERFACE|P1|CONFIRMED	sdk=App::cAppSystem::Create; containing=007e89c0(off+64,tail-358,007e89c0..007e8b66,FUN_007e89c0); xrefs_to=0; bytes=8d71048bc8894c242cc7442424000000; prologue=False padding=False; neighbors=007e89c0|007e8b70
007e8c40	App::cAppSystem::PreInit	adjudicated-dead-address	NULL	no-container-no-callers-no-prologue	low	False	no-triage-row-affected	sdk=App::cAppSystem::PreInit; containing=NONE(No function found for 0x007e8c40); xrefs_to=0; bytes=bc26140083f8ff0f95c333ff885c2413; prologue=False padding=False; neighbors=007e8b70|007e9300
007e94a0	App::cAppSystem::SetUserDirNames	adjudicated-dead-address	NULL	no-container-no-callers-no-prologue	low	False	no-triage-row-affected	sdk=App::cAppSystem::SetUserDirNames; containing=NONE(No function found for 0x007e94a0); xrefs_to=0; bytes=ff83c404e8d7b2ecff837e60000f84c5; prologue=False padding=False; neighbors=007e93d0|007e9a00
007e9520	App::cAppSystem::Shutdown	adjudicated-dead-address	NULL	no-container-no-callers-no-prologue	low	False	no-triage-row-affected	sdk=App::cAppSystem::Shutdown; containing=NONE(No function found for 0x007e9520); xrefs_to=0; bytes=ff8b9ea400000083c40c8be83bc37315; prologue=False padding=False; neighbors=007e93d0|007e9a00
007e9dd0	App::cAppSystem::OpenURL	repaired-contained	007e9db0	containing-function-fallback	medium	True	ENGINE_IMPLEMENTATION|P1|INFERRED->ENGINE_INTERFACE|P3|CONFIRMED	sdk=App::cAppSystem::OpenURL; containing=007e9db0(off+32,tail-1298,007e9db0..007ea2e2,FUN_007e9db0); xrefs_to=0; bytes=010000000f855801000080bd70010000; prologue=False padding=False; neighbors=007e9db0|007ea2f0
007e9e80	App::cAppSystem::Update	repaired-contained	007e9db0	containing-function-fallback	medium	True	ENGINE_IMPLEMENTATION|P1|INFERRED->ENGINE_INTERFACE|P3|CONFIRMED	sdk=App::cAppSystem::Update; containing=007e9db0(off+208,tail-1122,007e9db0..007ea2e2,FUN_007e9db0); xrefs_to=0; bytes=ff8b108bc88b421cffd0f30f2a00f30f; prologue=False padding=False; neighbors=007e9db0|007ea2f0
007eaae0	App::cAppSystem::InitGraphics	adjudicated-dead-address	NULL	no-container-no-callers-no-prologue	low	False	no-triage-row-affected	sdk=App::cAppSystem::InitGraphics; containing=NONE(No function found for 0x007eaae0); xrefs_to=0; bytes=440083c408536a006a006a0068ac4141; prologue=False padding=False; neighbors=007ea2f0|007eaef0
007f2190	App::cArithmeticaResource::ComputeFunction	repaired-contained	007f20d0	containing-function-fallback	medium	True	ENGINE_IMPLEMENTATION|P1|INFERRED->ENGINE_INTERFACE|P3|CONFIRMED	sdk=App::cArithmeticaResource::ComputeFunction; containing=007f20d0(off+192,tail-54,007f20d0..007f21c6,FUN_007f20d0); xrefs_to=0; bytes=800000008b4cd8048b562c6aff515283; prologue=False padding=False; neighbors=007f20d0|007f21d0
007f2300	App::cArithmeticaResource::Load	repaired-contained	007f2240	containing-function-fallback	medium	True	UNKNOWN|P3|UNKNOWN->ENGINE_INTERFACE|P1|CONFIRMED	sdk=App::cArithmeticaResource::Load; containing=007f2240(off+192,tail-49,007f2240..007f2331,FUN_007f2240); xrefs_to=0; bytes=0d0000000083c418c38b4c2424c74424; prologue=False padding=False; neighbors=007f2240|007f2340
007f2650	App::cArithmeticaResource::GetValue	repaired-contained	007f2600	containing-function-fallback	medium	True	UNKNOWN|P3|UNKNOWN->ENGINE_INTERFACE|P1|CONFIRMED	sdk=App::cArithmeticaResource::GetValue; containing=007f2600(off+80,tail-778,007f2600..007f295a,FUN_007f2600); xrefs_to=0; bytes=7e048b4d048b550083c40c51528bcde8; prologue=False padding=False; neighbors=007f2600|007f2960
007f2680	App::cArithmeticaResource::SetValue	repaired-contained	007f2600	containing-function-fallback	medium	True	UNKNOWN|P3|UNKNOWN->ENGINE_INTERFACE|P1|CONFIRMED	sdk=App::cArithmeticaResource::SetValue; containing=007f2600(off+128,tail-730,007f2600..007f295a,FUN_007f2600); xrefs_to=0; bytes=508bcbe8c822ebff2b7c242c8b442420; prologue=False padding=False; neighbors=007f2600|007f2960
007f3240	UTFWin::Window::GetComponentName	adjudicated-dead-address	NULL	no-container-no-callers-no-prologue	low	False	no-triage-row-affected	sdk=UTFWin::Window::GetComponentName; containing=NONE(No function found for 0x007f3240); xrefs_to=0; bytes=8b42486a00ffd085c074128b108bc88b; prologue=False padding=False; neighbors=007f31d0|007f3320
007f3250	UTFWin::Window::GetProxyID	adjudicated-dead-address	NULL	no-container-no-callers-no-prologue	low	False	no-triage-row-affected	sdk=UTFWin::Window::GetProxyID; containing=NONE(No function found for 0x007f3250); xrefs_to=0; bytes=420c68918642cfffd085c075178b4b30; prologue=False padding=False; neighbors=007f31d0|007f3320
007f5550	UTFWin::ImageDrawable::GetAlignmentHorizontal	repaired-contained	007f54e0	containing-function-fallback	medium	True	ENGINE_IMPLEMENTATION|P1|INFERRED->ENGINE_INTERFACE|P3|CONFIRMED	sdk=UTFWin::ImageDrawable::GetAlignmentHorizontal; containing=007f54e0(off+112,tail-94,007f54e0..007f55ae,FUN_007f54e0); xrefs_to=0; bytes=0000ffd08bcbe825c9d7fff30f104424; prologue=False padding=False; neighbors=007f54e0|007f5690
007f9ca0	App::cPropManager::CanConvert	repaired-contained	007f9c90	containing-function-fallback	medium	True	ENGINE_IMPLEMENTATION|P1|INFERRED->ENGINE_INTERFACE|P3|CONFIRMED	sdk=App::cPropManager::CanConvert; containing=007f9c90(off+16,tail-92,007f9c90..007f9cfc,FUN_007f9c90); xrefs_to=0; bytes=eb098b45fc83c0018945fc837dfc047d; prologue=False padding=False; neighbors=007f9c90|007f9d00
00801500	UTFWin::cCursorManager::GetActiveCursor	repaired-contained	008014c0	containing-function-fallback	medium	True	ENGINE_IMPLEMENTATION|P1|INFERRED->ENGINE_INTERFACE|P3|CONFIRMED	sdk=UTFWin::cCursorManager::GetActiveCursor; containing=008014c0(off+64,tail-469,008014c0..008016d5,FUN_008014c0); xrefs_to=0; bytes=c704c707f8314401eb0233ff8b5e4c3b; prologue=False padding=False; neighbors=008014c0|008017f0
00801510	UTFWin::cCursorManager::ShowCursor	repaired-contained	008014c0	containing-function-fallback	medium	True	ENGINE_IMPLEMENTATION|P1|INFERRED->ENGINE_INTERFACE|P3|CONFIRMED	sdk=UTFWin::cCursorManager::ShowCursor; containing=008014c0(off+80,tail-453,008014c0..008016d5,FUN_008014c0); xrefs_to=0; bytes=fb741c85ff74088b078b108bcfffd289; prologue=False padding=False; neighbors=008014c0|008017f0
00801a90	UTFWin::cCursorManager::UseDropCursorIcon	repaired-contained	008019f0	containing-function-fallback	medium	True	UNKNOWN|P3|UNKNOWN->ENGINE_INTERFACE|P1|CONFIRMED	sdk=UTFWin::cCursorManager::UseDropCursorIcon; containing=008019f0(off+160,tail-41,008019f0..00801ab9,FUN_008019f0); xrefs_to=0; bytes=3971127511e8d6cfc1fff30f1000f30f; prologue=False padding=False; neighbors=008019f0|00801ac0
00802140	UTFWin::cCursorManager::Load	repaired-contained	00802050	containing-function-fallback	medium	True	UNKNOWN|P3|UNKNOWN->ENGINE_INTERFACE|P1|CONFIRMED	sdk=UTFWin::cCursorManager::Load; containing=00802050(off+240,tail-24,00802050..00802158,FUN_00802050); xrefs_to=0; bytes=00b0015f5e5d5b83c44cc214005f5e5d; prologue=False padding=False; neighbors=00802050|00802160
008069c0	UTFWin::Image::SetBackground	repaired-contained	008068d0	containing-function-fallback	medium	True	UNKNOWN|P3|UNKNOWN->ENGINE_INTERFACE|P1|CONFIRMED	sdk=UTFWin::Image::SetBackground; containing=008068d0(off+240,tail-145,008068d0..00806a51,FUN_008068d0); xrefs_to=0; bytes=8bcbffd05f5e5db0015bc368440a4001; prologue=False padding=False; neighbors=008068d0|00806a60
00807970	UTFWin::IImageDrawable::AddImageWindow	repaired-contained	00807880	containing-function-fallback	medium	True	UNKNOWN|P3|UNKNOWN->ENGINE_INTERFACE|P1|CONFIRMED	sdk=UTFWin::IImageDrawable::AddImageWindow; containing=00807880(off+240,tail-215,00807880..00807a47,FUN_00807880); xrefs_to=0; bytes=240cf30f11442410f30f2ac08b068b50; prologue=False padding=False; neighbors=00807880|00807a50
00807ca0	UTFWin::Image::SetBackgroundByKey	adjudicated-tail-alias	NULL	tail-bytes-no-callers	medium	False	no-triage-row-affected	sdk=UTFWin::Image::SetBackgroundByKey; containing=00807c70(off+48,tail-3,00807c70..00807ca3,FUN_00807c70); xrefs_to=0; bytes=83c40cc3cccccccccccccccccccccccc; prologue=False padding=False; neighbors=00807c70|00807cb0
00809e60	UTFWin::cSPUIMessageBox::ShowDialog	repaired-contained	00809e40	containing-function-fallback	medium	True	UNKNOWN|P3|UNKNOWN->ENGINE_INTERFACE|P1|CONFIRMED	sdk=UTFWin::cSPUIMessageBox::ShowDialog; containing=00809e40(off+32,tail-218,00809e40..00809f3a,FUN_00809e40); xrefs_to=0; bytes=5010ffd285c0740f8b0650e840b2ffff; prologue=False padding=False; neighbors=00809e40|00809f40
00810110	UTFWin::UILayout::IsVisible	adjudicated-tail-alias	NULL	tail-bytes-no-callers	medium	False	no-triage-row-affected	sdk=UTFWin::UILayout::IsVisible; containing=008100d0(off+64,tail-16,008100d0..00810120,FUN_008100d0); xrefs_to=0; bytes=9e98000000c6868c000000018bc65e5b; prologue=False padding=False; neighbors=008100d0|00810140
00810610	UTFWin::UILayout::GetContainerWindow	adjudicated-tail-alias	NULL	tail-bytes-no-callers	medium	False	no-triage-row-affected	sdk=UTFWin::UILayout::GetContainerWindow; containing=008105d0(off+64,tail-7,008105d0..00810617,FUN_008105d0); xrefs_to=0; bytes=045f8bc65ec20400cccccccccccccccc; prologue=False padding=False; neighbors=008105d0|00810620
00810630	UTFWin::UILayout::SetVisible	repaired-contained	00810620	containing-function-fallback	medium	True	UNKNOWN|P3|UNKNOWN->ENGINE_INTERFACE|P1|CONFIRMED	sdk=UTFWin::UILayout::SetVisible; containing=00810620(off+16,tail-43,00810620..0081065b,FUN_00810620); xrefs_to=0; bytes=08528d4e0c89442414e842c164008b44; prologue=False padding=False; neighbors=00810620|00810660
00810650	UTFWin::UILayout::FindWindowByID	adjudicated-tail-alias	NULL	tail-bytes-no-callers	medium	False	no-triage-row-affected	sdk=UTFWin::UILayout::FindWindowByID; containing=00810620(off+48,tail-11,00810620..0081065b,FUN_00810620); xrefs_to=0; bytes=400859c2040033c059c20400cccccccc; prologue=False padding=False; neighbors=00810620|00810660
00811bc0	UTFWin::UILayout::Delete	repaired-contained	00811b80	containing-function-fallback	medium	True	ENGINE_IMPLEMENTATION|P1|INFERRED->ENGINE_INTERFACE|P3|CONFIRMED	sdk=UTFWin::UILayout::Delete; containing=00811b80(off+64,tail-94,00811b80..00811c1e,FUN_00811b80); xrefs_to=0; bytes=8b5010685820bf2fffd289461085c074; prologue=False padding=False; neighbors=00811b80|00811f20
008121c0	UTFWin::UILayout::Load	adjudicated-tail-alias	NULL	tail-bytes-no-callers	medium	False	no-triage-row-affected	sdk=UTFWin::UILayout::Load; containing=008121b0(off+16,tail-0,008121b0..008121c0,FUN_008121b0); xrefs_to=0; bytes=00cccccccccccccccccccccccccccccc; prologue=False padding=False; neighbors=008121b0|008121f0
00812250	UTFWin::UILayout::LoadByName	repaired-contained	00812210	containing-function-fallback	medium	True	UNKNOWN|P3|UNKNOWN->ENGINE_INTERFACE|P1|CONFIRMED	sdk=UTFWin::UILayout::LoadByName; containing=00812210(off+64,tail-34,00812210..00812272,FUN_00812210); xrefs_to=0; bytes=0f83c8ff33c985c00f9cc15f8ac15ec3; prologue=False padding=False; neighbors=00812210|00812280
008122a0	UTFWin::UILayout::SetParentWindow	repaired-contained	00812280	containing-function-fallback	medium	True	UNKNOWN|P3|UNKNOWN->ENGINE_INTERFACE|P1|CONFIRMED	sdk=UTFWin::UILayout::SetParentWindow; containing=00812280(off+32,tail-100,00812280..00812304,FUN_00812280); xrefs_to=0; bytes=52e86affffff83c40884c07507bb0100; prologue=False padding=False; neighbors=00812280|00812310
008308c0	UTFWin::SporeStdDrawableImageInfo::SetSerializer	repaired-contained	00830810	containing-function-fallback	medium	True	UNKNOWN|P3|UNKNOWN->ENGINE_INTERFACE|P1|CONFIRMED	sdk=UTFWin::SporeStdDrawableImageInfo::SetSerializer; containing=00830810(off+176,tail-38,00830810..008308e6,FUN_00830810); xrefs_to=0; bytes=410803000000f30f114114f30f114118; prologue=False padding=False; neighbors=00830810|00830910
008309d0	UTFWin::SporeStdDrawableImageInfo::GetProxyID	repaired-contained	00830950	containing-function-fallback	medium	True	UNKNOWN|P3|UNKNOWN->ENGINE_INTERFACE|P1|CONFIRMED	sdk=UTFWin::SporeStdDrawableImageInfo::GetProxyID; containing=00830950(off+128,tail-123,00830950..00830a4b,FUN_00830950); xrefs_to=0; bytes=f30f118650010000f30f118654010000; prologue=False padding=False; neighbors=00830950|00830a50
008309f0	UTFWin::SporeStdDrawable::SetSerializer	repaired-contained	00830950	containing-function-fallback	medium	True	UNKNOWN|P3|UNKNOWN->ENGINE_INTERFACE|P1|CONFIRMED	sdk=UTFWin::SporeStdDrawable::SetSerializer; containing=00830950(off+160,tail-91,00830950..00830a4b,FUN_00830950); xrefs_to=0; bytes=f30f11865c0100008b45008b108bcdff; prologue=False padding=False; neighbors=00830950|00830a50
00830b40	UTFWin::StdDrawable::GetHitFactor	repaired-contained	00830b30	containing-function-fallback	medium	False	stable:ENGINE_INTERFACE|P3|CONFIRMED	sdk=UTFWin::StdDrawable::GetHitFactor; containing=00830b30(off+16,tail-179,00830b30..00830bf3,UTFWin::StdDrawable::GetScaleArea); xrefs_to=0; bytes=c0a74101c7450c80a741018db5140100; prologue=False padding=False; neighbors=00830b30|00830c00
00830b50	UTFWin::StdDrawable::SetHitFactor	repaired-contained	00830b30	containing-function-fallback	medium	False	stable:ENGINE_INTERFACE|P3|CONFIRMED	sdk=UTFWin::StdDrawable::SetHitFactor; containing=00830b30(off+32,tail-163,00830b30..00830bf3,UTFWin::StdDrawable::GetScaleArea); xrefs_to=0; bytes=00bf0800000033db8b063bc3742e3958; prologue=False padding=False; neighbors=00830b30|00830c00
00830b60	UTFWin::SporeStdDrawable::GetProxyID	repaired-contained	00830b30	containing-function-fallback	medium	False	stable:ENGINE_INTERFACE|P3|CONFIRMED	sdk=UTFWin::SporeStdDrawable::GetProxyID; containing=00830b30(off+48,tail-147,00830b30..00830bf3,UTFWin::StdDrawable::GetScaleArea); xrefs_to=0; bytes=0c74118b480c3bcb740a89580c8b018b; prologue=False padding=False; neighbors=00830b30|00830c00
00830bb0	UTFWin::StdDrawable::SetScaleArea	repaired-contained	00830b30	containing-function-fallback	medium	False	stable:ENGINE_INTERFACE|P3|CONFIRMED	sdk=UTFWin::StdDrawable::SetScaleArea; containing=00830b30(off+128,tail-67,00830b30..00830bf3,UTFWin::StdDrawable::GetScaleArea); xrefs_to=0; bytes=d283ef0179ea8b8d8c0000003bcb7407; prologue=False padding=False; neighbors=00830b30|00830c00
00830bd0	UTFWin::StdDrawable::SetScaleFactor	repaired-contained	00830b30	containing-function-fallback	medium	False	stable:ENGINE_INTERFACE|P3|CONFIRMED	sdk=UTFWin::StdDrawable::SetScaleFactor; containing=00830b30(off+160,tail-35,00830b30..00830bf3,UTFWin::StdDrawable::GetScaleArea); xrefs_to=0; bytes=078b018b5004ffd25f5ec78580000000; prologue=False padding=False; neighbors=00830b30|00830c00
00830bf0	UTFWin::SporeStdDrawable::GetScale	adjudicated-tail-alias	NULL	tail-bytes-no-callers	medium	False	no-triage-row-affected	sdk=UTFWin::SporeStdDrawable::GetScale; containing=00830b30(off+192,tail-3,00830b30..00830bf3,UTFWin::StdDrawable::GetScaleArea); xrefs_to=0; bytes=1c6f1500cccccccccccccccccccccccc; prologue=False padding=False; neighbors=00830b30|00830c00
00831610	UTFWin::SporeStdDrawable::GetDimensions	adjudicated-dead-address	NULL	no-container-no-callers-no-prologue	low	False	no-triage-row-affected	sdk=UTFWin::SporeStdDrawable::GetDimensions; containing=NONE(No function found for 0x00831610); xrefs_to=0; bytes=83c41057508d4c2414518bcee8bf6a15; prologue=False padding=False; neighbors=00831410|00831650
008316a0	UTFWin::SporeStdDrawable::IsColliding	adjudicated-tail-alias	NULL	tail-bytes-no-callers	medium	False	no-triage-row-affected	sdk=UTFWin::SporeStdDrawable::IsColliding; containing=00831650(off+80,tail-4,00831650..008316a4,FUN_00831650); xrefs_to=0; bytes=ffff5f5ec3cccccccccccccccccccccc; prologue=False padding=False; neighbors=00831650|00831760
008318f0	UTFWin::SporeStdDrawable::Paint	repaired-contained	00831810	containing-function-fallback	medium	True	ENGINE_IMPLEMENTATION|P1|INFERRED->ENGINE_INTERFACE|P3|CONFIRMED	sdk=UTFWin::SporeStdDrawable::Paint; containing=00831810(off+224,tail-1526,00831810..00831ee6,FUN_00831810); xrefs_to=0; bytes=104708f30f5c07f30f5ed0f30f1005c8; prologue=False padding=False; neighbors=00831810|00831ef0
00835080	UI::cSPUITextZoom::Initialize	repaired-contained	00834fa0	containing-function-fallback	medium	True	UNKNOWN|P3|UNKNOWN->GAMEPLAY_LOGIC|P1|CONFIRMED	sdk=UI::cSPUITextZoom::Initialize; containing=00834fa0(off+224,tail-508,00834fa0..0083527c,FUN_00834fa0); xrefs_to=0; bytes=b80c020000eb0233ff8b5e643bfb741c; prologue=False padding=False; neighbors=00834fa0|00835280
008356c0	UTFWin::SporeTooltipWinProc::SetSerializer	repaired-contained	00835660	containing-function-fallback	medium	True	UNKNOWN|P3|UNKNOWN->ENGINE_INTERFACE|P1|CONFIRMED	sdk=UTFWin::SporeTooltipWinProc::SetSerializer; containing=00835660(off+96,tail-21,00835660..008356d5,FUN_00835660); xrefs_to=0; bytes=4c24188b54241451528bcee8d0fdffff; prologue=False padding=False; neighbors=00835660|008356e0
00835b30	UTFWin::SporeTooltipWinProc::HandleUIMessage	adjudicated-dead-address	NULL	no-container-no-callers-no-prologue	low	False	no-triage-row-affected	sdk=UTFWin::SporeTooltipWinProc::HandleUIMessage; containing=NONE(No function found for 0x00835b30); xrefs_to=0; bytes=d95f245b5f5e32c05dc20800807e5800; prologue=False padding=False; neighbors=008356e0|00835cc0
00836080	UTFWin::VariableWidthDrawable::SetSerializer	repaired-contained	00835fe0	containing-function-fallback	medium	True	ENGINE_IMPLEMENTATION|P1|INFERRED->ENGINE_INTERFACE|P3|CONFIRMED	sdk=UTFWin::VariableWidthDrawable::SetSerializer; containing=00835fe0(off+160,tail-913,00835fe0..00836411,FUN_00835fe0); xrefs_to=0; bytes=f30f11442414f30f100520574801f30f; prologue=False padding=False; neighbors=00835fe0|00836420
008360c0	UTFWin::VariableWidthDrawable::Paint	repaired-contained	00835fe0	containing-function-fallback	medium	True	ENGINE_IMPLEMENTATION|P1|INFERRED->ENGINE_INTERFACE|P3|CONFIRMED	sdk=UTFWin::VariableWidthDrawable::Paint; containing=00835fe0(off+224,tail-849,00835fe0..00836411,FUN_00835fe0); xrefs_to=0; bytes=f30f5ccb8d442428f30f59caf30f5cc1; prologue=False padding=False; neighbors=00835fe0|00836420
008365c0	UTFWin::SporeTooltipWinProc::GetProxyID	repaired-contained	00836560	containing-function-fallback	medium	True	UNKNOWN|P3|UNKNOWN->ENGINE_INTERFACE|P1|CONFIRMED	sdk=UTFWin::SporeTooltipWinProc::GetProxyID; containing=00836560(off+96,tail-90,00836560..0083661a,FUN_00836560); xrefs_to=0; bytes=c17608508bcee8250b000085db76438b; prologue=False padding=False; neighbors=00836560|00836620
00838000	ArgScript::Line::GetArgumentAt	repaired-contained	00837ff0	containing-function-fallback	medium	True	UNKNOWN|P3|UNKNOWN->ENGINE_INTERFACE|P1|CONFIRMED	sdk=ArgScript::Line::GetArgumentAt; containing=00837ff0(off+16,tail-20,00837ff0..00838014,FUN_00837ff0); xrefs_to=0; bytes=481889481c89482889482c8948308948; prologue=False padding=False; neighbors=00837ff0|00838020
00838010	ArgScript::Line::GetArgumentsCount	adjudicated-tail-alias	NULL	tail-bytes-no-callers	medium	False	no-triage-row-affected	sdk=ArgScript::Line::GetArgumentsCount; containing=00837ff0(off+32,tail-4,00837ff0..00838014,FUN_00837ff0); xrefs_to=0; bytes=3c894840c3cccccccccccccccccccccc; prologue=False padding=False; neighbors=00837ff0|00838020
00838100	ArgScript::Line::GetArgumentsRange	repaired-contained	008380b0	containing-function-fallback	medium	True	UNKNOWN|P3|UNKNOWN->ENGINE_INTERFACE|P1|CONFIRMED	sdk=ArgScript::Line::GetArgumentsRange; containing=008380b0(off+80,tail-45,008380b0..0083812d,FUN_008380b0); xrefs_to=0; bytes=241468d8b1410151e8235ecfff83c40c; prologue=False padding=False; neighbors=008380b0|00838130
00838190	ArgScript::Line::HasFlag	repaired-contained	00838130	containing-function-fallback	medium	True	UNKNOWN|P3|UNKNOWN->ENGINE_INTERFACE|P1|CONFIRMED	sdk=ArgScript::Line::HasFlag; containing=00838130(off+96,tail-96,00838130..008381f0,FUN_00838130); xrefs_to=0; bytes=5dcfff83c4106874914f018d54241452; prologue=False padding=False; neighbors=00838130|00838200
00838210	ArgScript::Line::GetOptionRange	repaired-contained	00838200	containing-function-fallback	medium	True	UNKNOWN|P3|UNKNOWN->ENGINE_INTERFACE|P1|CONFIRMED	sdk=ArgScript::Line::GetOptionRange; containing=00838200(off+16,tail-261,00838200..00838315,FUN_00838200); xrefs_to=0; bytes=148b7c24103bdf72073bd8730383c310; prologue=False padding=False; neighbors=00838200|00838320
00838400	ArgScript::Line::GetArguments	repaired-contained	008383c0	containing-function-fallback	medium	True	UNKNOWN|P3|UNKNOWN->ENGINE_INTERFACE|P1|CONFIRMED	sdk=ArgScript::Line::GetArguments; containing=008383c0(off+64,tail-159,008383c0..0083849f,FUN_008383c0); xrefs_to=0; bytes=ecff2bf7c1fe04f7dec1e6040173048b; prologue=False padding=False; neighbors=008383c0|008384a0
00838410	ArgScript::Line::GetOption	repaired-contained	008383c0	containing-function-fallback	medium	True	UNKNOWN|P3|UNKNOWN->ENGINE_INTERFACE|P1|CONFIRMED	sdk=ArgScript::Line::GetOption; containing=008383c0(off+80,tail-143,008383c0..0083849f,FUN_008383c0); xrefs_to=0; bytes=5c245083c41833c089454089453c8bc3; prologue=False padding=False; neighbors=008383c0|008384a0
0083cd00	ArgScript::IBlock::AddParser	repaired-contained	0083cc30	containing-function-fallback	medium	True	ENGINE_IMPLEMENTATION|P1|INFERRED->ENGINE_INTERFACE|P3|CONFIRMED	sdk=ArgScript::IBlock::AddParser; containing=0083cc30(off+208,tail-86,0083cc30..0083cd56,FUN_0083cc30); xrefs_to=0; bytes=420c8bcfffd0893b85f674098b168b42; prologue=False padding=False; neighbors=0083cc30|0083cd60
0083d310	ArgScript::Lexer::ExpectChar	repaired-contained	0083d2f0	containing-function-fallback	medium	True	UNKNOWN|P3|UNKNOWN->ENGINE_INTERFACE|P1|CONFIRMED	sdk=ArgScript::Lexer::ExpectChar; containing=0083d2f0(off+32,tail-176,0083d2f0..0083d3c0,FUN_0083d2f0); xrefs_to=0; bytes=0c6854b6410150e8140ccfff83c40c68; prologue=False padding=False; neighbors=0083d2f0|0083d3d0
0083d360	ArgScript::Lexer::OptionalExpectChar	repaired-contained	0083d2f0	containing-function-fallback	medium	True	UNKNOWN|P3|UNKNOWN->ENGINE_INTERFACE|P1|CONFIRMED	sdk=ArgScript::Lexer::OptionalExpectChar; containing=0083d2f0(off+112,tail-96,0083d2f0..0083d3c0,FUN_0083d2f0); xrefs_to=0; bytes=83c40c6874914f018d4c240c51e8a035; prologue=False padding=False; neighbors=0083d2f0|0083d3d0
0083dcd0	ArgScript::Lexer::NextParameter	repaired-contained	0083dc00	containing-function-fallback	medium	True	UNKNOWN|P3|UNKNOWN->ENGINE_INTERFACE|P1|CONFIRMED	sdk=ArgScript::Lexer::NextParameter; containing=0083dc00(off+208,tail-32,0083dc00..0083dcf0,FUN_0083dc00); xrefs_to=0; bytes=3c2c740841890e80390075e88b068b4c; prologue=False padding=False; neighbors=0083dc00|0083dd00
0083e050	ArgScript::Lexer::AddFunction	repaired-contained	0083df90	containing-function-fallback	medium	True	UNKNOWN|P3|UNKNOWN->ENGINE_INTERFACE|P1|CONFIRMED	sdk=ArgScript::Lexer::AddFunction; containing=0083df90(off+192,tail-224,0083df90..0083e130,FUN_0083df90); xrefs_to=0; bytes=85c9740f834104ff750951e820937000; prologue=False padding=False; neighbors=0083df90|0083e140
0083f6a0	IO::MemoryStream::AddRef	repaired-contained	0083f680	containing-function-fallback	medium	True	ENGINE_IMPLEMENTATION|P1|INFERRED->ENGINE_INTERFACE|P3|CONFIRMED	sdk=IO::MemoryStream::AddRef; containing=0083f680(off+32,tail-64,0083f680..0083f6e0,FUN_0083f680); xrefs_to=0; bytes=6872f2416f518bc88b422cffd08b4e10; prologue=False padding=False; neighbors=0083f680|0083f6f0
008409a0	ArgScript::CreateStream	adjudicated-tail-alias	NULL	tail-bytes-no-callers	medium	False	no-triage-row-affected	sdk=ArgScript::CreateStream; containing=00840940(off+96,tail-2,00840940..008409a2,FUN_00840940); xrefs_to=0; bytes=c410c3cccccccccccccccccccccccccc; prologue=False padding=False; neighbors=00840940|008409b0
00840c80	ArgScript::Line::GetEnum	repaired-contained	00840c70	containing-function-fallback	medium	True	UNKNOWN|P3|UNKNOWN->ENGINE_INTERFACE|P1|CONFIRMED	sdk=ArgScript::Line::GetEnum; containing=00840c70(off+16,tail-50,00840c70..00840cb2,FUN_00840c70); xrefs_to=0; bytes=80fb6401e877770f00b880fb640183c4; prologue=False padding=False; neighbors=00840c70|00840cc0
008412d0	ArgScript::FormatParser::SetVersionRange	adjudicated-tail-alias	NULL	tail-bytes-no-callers	medium	False	no-triage-row-affected	sdk=ArgScript::FormatParser::SetVersionRange; containing=00841290(off+64,tail-5,00841290..008412d5,ArgScript::FormatParser::Release); xrefs_to=0; bytes=8be55dc20400b8dc128400c38b4df45f; prologue=False padding=False; neighbors=00841290|008412d6
008412f0	ArgScript::FormatParser::ProcessFileSafe	adjudicated-dead-address	NULL	no-container-no-callers-no-prologue	low	False	no-triage-row-affected	sdk=ArgScript::FormatParser::ProcessFileSafe; containing=NONE(No function found for 0x008412f0); xrefs_to=0; bytes=00cccccccccccccccccccccccccccccc; prologue=False padding=False; neighbors=008412d6|00841300
00841360	ArgScript::FormatParser::ProcessStreamSafe	adjudicated-dead-address	NULL	no-container-no-callers-no-prologue	low	False	no-triage-row-affected	sdk=ArgScript::FormatParser::ProcessStreamSafe; containing=NONE(No function found for 0x00841360); xrefs_to=0; bytes=00cccccccccccccccccccccccccccccc; prologue=False padding=False; neighbors=00841346|00841370
008413d0	ArgScript::FormatParser::ProcessLineSafe	adjudicated-dead-address	NULL	no-container-no-callers-no-prologue	low	False	no-triage-row-affected	sdk=ArgScript::FormatParser::ProcessLineSafe; containing=NONE(No function found for 0x008413d0); xrefs_to=0; bytes=e55dc20800cccccccccccccccccccccc; prologue=False padding=False; neighbors=008413ba|008413e0
008414b0	ArgScript::FormatParser::ParseBool	adjudicated-dead-address	NULL	no-container-no-callers-no-prologue	low	False	no-triage-row-affected	sdk=ArgScript::FormatParser::ParseBool; containing=NONE(No function found for 0x008414b0); xrefs_to=0; bytes=0800f7d2215010c20800cccccccccccc; prologue=False padding=False; neighbors=00841480|008414c0
00841570	ArgScript::FormatParser::func58h	repaired-contained	00841540	containing-function-fallback	medium	False	stable:ENGINE_INTERFACE|P0|CONFIRMED	sdk=ArgScript::FormatParser::func58h; containing=00841540(off+48,tail-26,00841540..0084158a,ArgScript::FormatParser::SetFlag); xrefs_to=0; bytes=e8fbceffffd95f048bc75f5ec20800d9; prologue=False padding=False; neighbors=00841540|00841590
00841580	ArgScript::FormatParser::func5Ch	adjudicated-tail-alias	NULL	tail-bytes-no-callers	medium	False	no-triage-row-affected	sdk=ArgScript::FormatParser::func5Ch; containing=00841540(off+64,tail-10,00841540..0084158a,ArgScript::FormatParser::SetFlag); xrefs_to=0; bytes=078bc7d95f045f5ec20800cccccccccc; prologue=False padding=False; neighbors=00841540|00841590
008415b0	ArgScript::FormatParser::func78h	repaired-contained	00841590	containing-function-fallback	medium	True	ENGINE_IMPLEMENTATION|P1|INFERRED->ENGINE_INTERFACE|P3|CONFIRMED	sdk=ArgScript::FormatParser::func78h; containing=00841590(off+32,tail-80,00841590..00841600,FUN_00841590); xrefs_to=0; bytes=e8dbbcffff84c074338d542410528bce; prologue=False padding=False; neighbors=00841590|00841610
008415f0	ArgScript::FormatParser::ParseVector2	adjudicated-tail-alias	NULL	tail-bytes-no-callers	medium	False	no-triage-row-affected	sdk=ArgScript::FormatParser::ParseVector2; containing=00841590(off+96,tail-16,00841590..00841600,FUN_00841590); xrefs_to=0; bytes=f30f114704f30f1147088bc75f5ec208; prologue=False padding=False; neighbors=00841590|00841610
00841640	ArgScript::FormatParser::ParseColorRGB	repaired-contained	00841610	containing-function-fallback	medium	True	ENGINE_IMPLEMENTATION|P1|INFERRED->ENGINE_INTERFACE|P3|CONFIRMED	sdk=ArgScript::FormatParser::ParseColorRGB; containing=00841610(off+48,tail-98,00841610..008416a2,FUN_00841610); xrefs_to=0; bytes=e82bceffffd95f046a2c8d442414508b; prologue=False padding=False; neighbors=00841610|008416b0
008416c0	ArgScript::FormatParser::ParseVector4	repaired-contained	008416b0	containing-function-fallback	medium	True	ENGINE_IMPLEMENTATION|P1|INFERRED->ENGINE_INTERFACE|P3|CONFIRMED	sdk=ArgScript::FormatParser::ParseVector4; containing=008416b0(off+16,tail-124,008416b0..0084173c,FUN_008416b0); xrefs_to=0; bytes=ff8b7c240c6a2cd91f8d4c2414518bce; prologue=False padding=False; neighbors=008416b0|008417c0
00841760	ArgScript::FormatParser::ParseColorRGBA	adjudicated-dead-address	NULL	no-container-no-callers-no-prologue	low	False	no-triage-row-affected	sdk=ArgScript::FormatParser::ParseColorRGBA; containing=NONE(No function found for 0x00841760); xrefs_to=0; bytes=85ff74098b078b50088bcfffd25f5e5b; prologue=False padding=False; neighbors=008416b0|008417c0
008417f0	ArgScript::FormatParser::SetTraceStream	repaired-contained	008417c0	containing-function-fallback	medium	True	UNKNOWN|P3|UNKNOWN->ENGINE_INTERFACE|P1|CONFIRMED	sdk=ArgScript::FormatParser::SetTraceStream; containing=008417c0(off+48,tail-84,008417c0..00841844,FUN_008417c0); xrefs_to=0; bytes=1472048d7424188d14282bc203c50306; prologue=False padding=False; neighbors=008417c0|008418b0
00841830	ArgScript::FormatParser::funcC0h	repaired-contained	008417c0	containing-function-fallback	medium	True	UNKNOWN|P3|UNKNOWN->ENGINE_INTERFACE|P1|CONFIRMED	sdk=ArgScript::FormatParser::funcC0h; containing=008417c0(off+112,tail-20,008417c0..00841844,FUN_008417c0); xrefs_to=0; bytes=83c8ff5bc20c0033c03bf70f9fc05f5e; prologue=False padding=False; neighbors=008417c0|008418b0
00841d40	ArgScript::FormatParser::EndScope	repaired-contained	00841d00	containing-function-fallback	medium	True	UNKNOWN|P3|UNKNOWN->ENGINE_INTERFACE|P1|CONFIRMED	sdk=ArgScript::FormatParser::EndScope; containing=00841d00(off+64,tail-27,00841d00..00841d5b,FUN_00841d00); xrefs_to=0; bytes=103bc6750485ff75095f5e5d2bc35bc2; prologue=False padding=False; neighbors=00841d00|00841d60
00842cc0	ArgScript::FormatParser::GetParser	repaired-contained	00842c60	containing-function-fallback	medium	True	ENGINE_IMPLEMENTATION|P1|INFERRED->ENGINE_INTERFACE|P3|CONFIRMED	sdk=ArgScript::FormatParser::GetParser; containing=00842c60(off+96,tail-648,00842c60..00842f48,FUN_00842c60); xrefs_to=0; bytes=83c4146874914f018d55a452e841dc99; prologue=False padding=False; neighbors=00842c60|00842da4
00842d10	ArgScript::FormatParser::ProcessFile	repaired-contained	00842c60	containing-function-fallback	medium	True	ENGINE_IMPLEMENTATION|P1|INFERRED->ENGINE_INTERFACE|P3|CONFIRMED	sdk=ArgScript::FormatParser::ProcessFile; containing=00842c60(off+176,tail-568,00842c60..00842f48,FUN_00842c60); xrefs_to=0; bytes=7dd4895ddcc745ec010000008d642400; prologue=False padding=False; neighbors=00842c60|00842da4
00843000	ArgScript::FormatParser::ProcessStream	repaired-contained	00842f50	containing-function-fallback	medium	True	ENGINE_IMPLEMENTATION|P1|INFERRED->ENGINE_INTERFACE|P3|CONFIRMED	sdk=ArgScript::FormatParser::ProcessStream; containing=00842f50(off+176,tail-568,00842f50..00843238,FUN_00842f50); xrefs_to=0; bytes=45ccc745ec010000008da42400000000; prologue=False padding=False; neighbors=00842f50|00843096
008432f0	ArgScript::FormatParser::func60h	adjudicated-dead-address	NULL	no-container-no-callers-no-prologue	low	False	no-triage-row-affected	sdk=ArgScript::FormatParser::func60h; containing=NONE(No function found for 0x008432f0); xrefs_to=0; bytes=6c8b349083c408578d54240c52e89efb; prologue=False padding=False; neighbors=00843240|00843320
00843330	ArgScript::FormatParser::HasParser	repaired-contained	00843320	containing-function-fallback	medium	True	ENGINE_IMPLEMENTATION|P1|INFERRED->ENGINE_INTERFACE|P3|CONFIRMED	sdk=ArgScript::FormatParser::HasParser; containing=00843320(off+16,tail-787,00843320..00843643,FUN_00843320); xrefs_to=0; bytes=250000000083ec30538b5c2444803b3a; prologue=False padding=False; neighbors=00843320|00843650
00843380	ArgScript::FormatParser::HasDefinition	repaired-contained	00843320	containing-function-fallback	medium	True	ENGINE_IMPLEMENTATION|P1|INFERRED->ENGINE_INTERFACE|P3|CONFIRMED	sdk=ArgScript::FormatParser::HasDefinition; containing=00843320(off+96,tail-707,00843320..00843643,FUN_00843320); xrefs_to=0; bytes=688cb1410151e8154070008bf88b4424; prologue=False padding=False; neighbors=00843320|00843650
008433d0	ArgScript::FormatParser::GetVariable	repaired-contained	00843320	containing-function-fallback	medium	True	ENGINE_IMPLEMENTATION|P1|INFERRED->ENGINE_INTERFACE|P3|CONFIRMED	sdk=ArgScript::FormatParser::GetVariable; containing=00843320(off+176,tail-627,00843320..00843643,FUN_00843320); xrefs_to=0; bytes=518bce896c243cc6450000e8b0f3ffff; prologue=False padding=False; neighbors=00843320|00843650
00844180	ArgScript::FormatParser::ProcessLine	repaired-contained	008440d0	containing-function-fallback	medium	True	ENGINE_IMPLEMENTATION|P1|INFERRED->ENGINE_INTERFACE|P3|CONFIRMED	sdk=ArgScript::FormatParser::ProcessLine; containing=008440d0(off+176,tail-169,008440d0..00844229,FUN_008440d0); xrefs_to=0; bytes=84c00f94c084c07475538d45d8508bce; prologue=False padding=False; neighbors=008440d0|0084422a
00844f70	ArgScript::FormatParser::Close	repaired-contained	00844ec0	containing-function-fallback	medium	True	ENGINE_IMPLEMENTATION|P1|INFERRED->ENGINE_INTERFACE|P3|CONFIRMED	sdk=ArgScript::FormatParser::Close; containing=00844ec0(off+176,tail-51,00844ec0..00844fa3,FUN_00844ec0); xrefs_to=0; bytes=2bc7505753e8cab799002bfbc1ff02f7; prologue=False padding=False; neighbors=00844ec0|00844fb0
00845060	ArgScript::FormatParser::CreateDefinition	repaired-contained	00844fb0	containing-function-fallback	medium	True	ENGINE_IMPLEMENTATION|P1|INFERRED->ENGINE_INTERFACE|P3|CONFIRMED	sdk=ArgScript::FormatParser::CreateDefinition; containing=00844fb0(off+176,tail-496,00844fb0..00845250,FUN_00844fb0); xrefs_to=0; bytes=518d55d883c66c528bcee831def9ff2b; prologue=False padding=False; neighbors=00844fb0|008451b9
00845310	ArgScript::FormatParser::StartScope	adjudicated-dead-address	NULL	no-container-no-callers-no-prologue	low	False	no-triage-row-affected	sdk=ArgScript::FormatParser::StartScope; containing=NONE(No function found for 0x00845310); xrefs_to=0; bytes=0400cccccccccccccccccccccccccccc; prologue=False padding=False; neighbors=008451b9|00845320
00845390	ArgScript::FormatParser::AddBlock	repaired-contained	00845370	containing-function-fallback	medium	True	UNKNOWN|P3|UNKNOWN->ENGINE_INTERFACE|P1|CONFIRMED	sdk=ArgScript::FormatParser::AddBlock; containing=00845370(off+32,tail-207,00845370..0084545f,FUN_00845370); xrefs_to=0; bytes=44240c508bf1e8f5d3ffff8b4e088b56; prologue=False padding=False; neighbors=00845370|00845460
008453d0	ArgScript::FormatParser::AddSpecialBlock	repaired-contained	00845370	containing-function-fallback	medium	True	UNKNOWN|P3|UNKNOWN->ENGINE_INTERFACE|P1|CONFIRMED	sdk=ArgScript::FormatParser::AddSpecialBlock; containing=00845370(off+96,tail-143,00845370..0084545f,FUN_00845370); xrefs_to=0; bytes=18c744241cad7b66018d44241450578d; prologue=False padding=False; neighbors=00845370|00845460
00845790	ArgScript::FormatParser::Initialize	repaired-contained	008456e0	containing-function-fallback	medium	True	ENGINE_IMPLEMENTATION|P1|INFERRED->ENGINE_INTERFACE|P3|CONFIRMED	sdk=ArgScript::FormatParser::Initialize; containing=008456e0(off+176,tail-2116,008456e0..00845fd4,FUN_008456e0); xrefs_to=0; bytes=bc4101eb0233ed8b168b4214556888ba; prologue=False padding=False; neighbors=008456e0|00845fe0
00846120	ArgScript::FormatParser::RemoveParserByObject	adjudicated-dead-address	NULL	no-container-no-callers-no-prologue	low	False	no-triage-row-affected	sdk=ArgScript::FormatParser::RemoveParserByObject; containing=NONE(No function found for 0x00846120); xrefs_to=0; bytes=048b4c24083b0c90742483ec088bc489; prologue=False padding=False; neighbors=008460c8|00846160
008461a0	ArgScript::FormatParser::RemoveParser	repaired-contained	00846160	containing-function-fallback	medium	True	UNKNOWN|P3|UNKNOWN->ENGINE_INTERFACE|P1|CONFIRMED	sdk=ArgScript::FormatParser::RemoveParser; containing=00846160(off+64,tail-212,00846160..00846274,FUN_00846160); xrefs_to=0; bytes=3e016a006a00688cb1410150e8ef1170; prologue=False padding=False; neighbors=00846160|00846280
00846330	ArgScript::FormatParser::SetGlobalVariable	repaired-contained	00846280	containing-function-fallback	medium	True	ENGINE_IMPLEMENTATION|P1|INFERRED->ENGINE_INTERFACE|P3|CONFIRMED	sdk=ArgScript::FormatParser::SetGlobalVariable; containing=00846280(off+176,tail-230,00846280..00846416,FUN_00846280); xrefs_to=0; bytes=0000e839f0ffff8b7424388bd68d6a01; prologue=False padding=False; neighbors=00846280|00846530
008464d0	ArgScript::FormatParser::PurgeScope	adjudicated-dead-address	NULL	no-container-no-callers-no-prologue	low	False	no-triage-row-affected	sdk=ArgScript::FormatParser::PurgeScope; containing=NONE(No function found for 0x008464d0); xrefs_to=0; bytes=17753a83f80176158a51013a5701752d; prologue=False padding=False; neighbors=00846280|00846530
00846bb0	ArgScript::FormatParser::SetVariable	repaired-contained	00846b00	containing-function-fallback	medium	True	ENGINE_IMPLEMENTATION|P1|INFERRED->ENGINE_INTERFACE|P3|CONFIRMED	sdk=ArgScript::FormatParser::SetVariable; containing=00846b00(off+176,tail-69,00846b00..00846bf5,FUN_00846b00); xrefs_to=0; bytes=9ccaffff8b4c24148b54243451528bce; prologue=False padding=False; neighbors=00846b00|00846c00
00846e60	ArgScript::FormatParser::Dispose	repaired-contained	00846db0	containing-function-fallback	medium	True	ENGINE_IMPLEMENTATION|P1|INFERRED->ENGINE_INTERFACE|P3|CONFIRMED	sdk=ArgScript::FormatParser::Dispose; containing=00846db0(off+176,tail-169,00846db0..00846f09,FUN_00846db0); xrefs_to=0; bytes=340100008bbe440100008bae40010000; prologue=False padding=False; neighbors=00846db0|00846f10
00846fc0	ArgScript::FormatParser::func30h	repaired-contained	00846f10	containing-function-fallback	medium	True	ENGINE_IMPLEMENTATION|P1|INFERRED->ENGINE_INTERFACE|P3|CONFIRMED	sdk=ArgScript::FormatParser::func30h; containing=00846f10(off+176,tail-146,00846f10..00847052,FUN_00846f10); xrefs_to=0; bytes=9799002bfdc1ff02f7df03ff03ff01be; prologue=False padding=False; neighbors=00846f10|00847060
00847ac0	App::Canvas::Clear	adjudicated-dead-address	NULL	no-container-no-callers-no-prologue	low	False	no-triage-row-affected	sdk=App::Canvas::Clear; containing=NONE(No function found for 0x00847ac0); xrefs_to=0; bytes=c3cccccccccccccccccccccccccccccc; prologue=False padding=False; neighbors=00847a90|00847b10
00847b80	App::Canvas::IsVisible	repaired-contained	00847b60	containing-function-fallback	medium	False	stable:ENGINE_INTERFACE|P3|CONFIRMED	sdk=App::Canvas::IsVisible; containing=00847b60(off+32,tail-36,00847b60..00847ba4,App::Canvas::SetActive); xrefs_to=0; bytes=3c018b96800000008b4c241c528d4424; prologue=False padding=False; neighbors=00847b60|00847bb0
00847ba0	App::Canvas::SetVisible	adjudicated-tail-alias	NULL	tail-bytes-no-callers	medium	False	no-triage-row-affected	sdk=App::Canvas::SetVisible; containing=00847b60(off+64,tail-4,00847b60..00847ba4,App::Canvas::SetActive); xrefs_to=0; bytes=c410c20800cccccccccccccccccccccc; prologue=False padding=False; neighbors=00847b60|00847bb0
00847bc0	App::Canvas::IsMinimized	repaired-contained	00847bb0	containing-function-fallback	medium	True	UNKNOWN|P3|UNKNOWN->ENGINE_INTERFACE|P1|CONFIRMED	sdk=App::Canvas::IsMinimized; containing=00847bb0(off+16,tail-172,00847bb0..00847c6c,FUN_00847bb0); xrefs_to=0; bytes=f60584036501017525830d8403650101; prologue=False padding=False; neighbors=00847bb0|00847c70
00847be0	App::Canvas::IsMaximized	repaired-contained	00847bb0	containing-function-fallback	medium	True	UNKNOWN|P3|UNKNOWN->ENGINE_INTERFACE|P1|CONFIRMED	sdk=App::Canvas::IsMaximized; containing=00847bb0(off+48,tail-140,00847bb0..00847c6c,FUN_00847bb0); xrefs_to=0; bytes=50ff15bcc03c01a380036501eb05a180; prologue=False padding=False; neighbors=00847bb0|00847c70
00847c00	App::Canvas::func8Ch	repaired-contained	00847bb0	containing-function-fallback	medium	True	UNKNOWN|P3|UNKNOWN->ENGINE_INTERFACE|P1|CONFIRMED	sdk=App::Canvas::func8Ch; containing=00847bb0(off+80,tail-108,00847bb0..00847c6c,FUN_00847bb0); xrefs_to=0; bytes=0c57894c24148b4c241c8d54240852c6; prologue=False padding=False; neighbors=00847bb0|00847c70
00847c10	App::Canvas::GetCanvasClass	repaired-contained	00847bb0	containing-function-fallback	medium	True	UNKNOWN|P3|UNKNOWN->ENGINE_INTERFACE|P1|CONFIRMED	sdk=App::Canvas::GetCanvasClass; containing=00847bb0(off+96,tail-92,00847bb0..00847c6c,FUN_00847bb0); xrefs_to=0; bytes=461101c744240c10000000c744241002; prologue=False padding=False; neighbors=00847bb0|00847c70
00847c20	App::Canvas::GetMonitor	repaired-contained	00847bb0	containing-function-fallback	medium	True	UNKNOWN|P3|UNKNOWN->ENGINE_INTERFACE|P1|CONFIRMED	sdk=App::Canvas::GetMonitor; containing=00847bb0(off+112,tail-76,00847bb0..00847c6c,FUN_00847bb0); xrefs_to=0; bytes=000000894c2414ffd0807e4d008b3dc8; prologue=False padding=False; neighbors=00847bb0|00847c70
00847fa0	App::Canvas::func70h	repaired-contained	00847f90	containing-function-fallback	medium	True	UNKNOWN|P3|UNKNOWN->ENGINE_INTERFACE|P1|CONFIRMED	sdk=App::Canvas::func70h; containing=00847f90(off+16,tail-66,00847f90..00847fe2,FUN_00847f90); xrefs_to=0; bytes=00a808740383ce028b3d94c63c016a12; prologue=False padding=False; neighbors=00847f90|00847ff0
00847fc0	App::Canvas::SetSystemCursorVisible	repaired-contained	00847f90	containing-function-fallback	medium	True	UNKNOWN|P3|UNKNOWN->ENGINE_INTERFACE|P1|CONFIRMED	sdk=App::Canvas::SetSystemCursorVisible; containing=00847f90(off+48,tail-34,00847f90..00847fe2,FUN_00847f90); xrefs_to=0; bytes=5bffd7ba008000006685c2750e6a5cff; prologue=False padding=False; neighbors=00847f90|00847ff0
008481e0	App::Canvas::GetPosition	repaired-contained	00848190	containing-function-fallback	medium	True	ENGINE_IMPLEMENTATION|P1|INFERRED->ENGINE_INTERFACE|P3|CONFIRMED	sdk=App::Canvas::GetPosition; containing=00848190(off+80,tail-40,00848190..00848208,FUN_00848190); xrefs_to=0; bytes=ffd78b44242c8b4c24088b54240c8908; prologue=False padding=False; neighbors=00848190|00848210
00848200	App::Canvas::SetPosition	adjudicated-tail-alias	NULL	tail-bytes-no-callers	medium	False	no-triage-row-affected	sdk=App::Canvas::SetPosition; containing=00848190(off+112,tail-8,00848190..00848208,FUN_00848190); xrefs_to=0; bytes=500c5e83c420c20400cccccccccccccc; prologue=False padding=False; neighbors=00848190|00848210
00848270	App::Canvas::GetClientArea	repaired-contained	00848210	containing-function-fallback	medium	True	ENGINE_IMPLEMENTATION|P1|INFERRED->ENGINE_INTERFACE|P3|CONFIRMED	sdk=App::Canvas::GetClientArea; containing=00848210(off+96,tail-205,00848210..0084833d,FUN_00848210); xrefs_to=0; bytes=5353538d54243452ffd785c00f84a800; prologue=True padding=False; neighbors=00848210|00848340
008482f0	App::Canvas::Tick	repaired-contained	00848210	containing-function-fallback	medium	True	ENGINE_IMPLEMENTATION|P1|INFERRED->ENGINE_INTERFACE|P3|CONFIRMED	sdk=App::Canvas::Tick; containing=00848210(off+224,tail-77,00848210..0084833d,FUN_00848210); xrefs_to=0; bytes=8d54241c52ffd083c408385c24147516; prologue=False padding=False; neighbors=00848210|00848340
00848fb0	App::Canvas::SetClientArea	adjudicated-dead-address	NULL	no-container-no-callers-no-prologue	low	False	no-triage-row-affected	sdk=App::Canvas::SetClientArea; containing=NONE(No function found for 0x00848fb0); xrefs_to=0; bytes=3c8b7c244003cf03c2894e488bce8956; prologue=False padding=False; neighbors=00848e40|008490c0
00849bf0	App::Canvas::Init	adjudicated-dead-address	NULL	no-container-no-callers-no-prologue	low	False	no-triage-row-affected	sdk=App::Canvas::Init; containing=NONE(No function found for 0x00849bf0); xrefs_to=0; bytes=56780fb74e70508b868400000057528b; prologue=False padding=False; neighbors=00849a40|00849da0
00849ed0	App::Canvas::SetCaption	repaired-contained	00849e30	containing-function-fallback	medium	True	UNKNOWN|P3|UNKNOWN->ENGINE_INTERFACE|P1|CONFIRMED	sdk=App::Canvas::SetCaption; containing=00849e30(off+160,tail-157,00849e30..00849f6d,FUN_00849e30); xrefs_to=0; bytes=fd000000002bc76a0003c003c0685021; prologue=False padding=False; neighbors=00849e30|00849f70
0084a050	App::Canvas::func88h	repaired-contained	00849f70	containing-function-fallback	medium	True	ENGINE_IMPLEMENTATION|P1|INFERRED->ENGINE_INTERFACE|P3|CONFIRMED	sdk=App::Canvas::func88h; containing=00849f70(off+224,tail-465,00849f70..0084a221,FUN_00849f70); xrefs_to=0; bytes=4424100102000033ed83fb018d53ff7c; prologue=False padding=False; neighbors=00849f70|0084a230
00883970	App::cMessageManager::GetOption	adjudicated-dead-address	NULL	no-container-no-callers-no-prologue	low	False	no-triage-row-affected	sdk=App::cMessageManager::GetOption; containing=NONE(No function found for 0x00883970); xrefs_to=0; bytes=000000c20800837c2408000f95c28891; prologue=False padding=False; neighbors=00883870|008839e0
00883a00	App::cMessageManager::SetOption	repaired-contained	008839e0	containing-function-fallback	medium	True	ENGINE_IMPLEMENTATION|P1|INFERRED->ENGINE_INTERFACE|P3|CONFIRMED	sdk=App::cMessageManager::SetOption; containing=008839e0(off+32,tail-45,008839e0..00883a2d,FUN_008839e0); xrefs_to=0; bytes=10894424143886c400000074078b018b; prologue=False padding=False; neighbors=008839e0|00883ab0
00883a90	App::cMessageManager::AddUnmanagedListener	adjudicated-dead-address	NULL	no-container-no-callers-no-prologue	low	False	no-triage-row-affected	sdk=App::cMessageManager::AddUnmanagedListener; containing=NONE(No function found for 0x00883a90); xrefs_to=0; bytes=c21400cccccccccccccccccccccccccc; prologue=False padding=False; neighbors=008839e0|00883ab0
00883ad0	App::cMessageManager::AddListener	repaired-contained	00883ab0	containing-function-fallback	medium	True	ENGINE_IMPLEMENTATION|P1|INFERRED->ENGINE_INTERFACE|P3|CONFIRMED	sdk=App::cMessageManager::AddListener; containing=00883ab0(off+32,tail-42,00883ab0..00883afa,FUN_00883ab0); xrefs_to=0; bytes=e6090068187942018d4e38e8d0e60900; prologue=False padding=False; neighbors=00883ab0|00883b00
00883b20	App::cMessageManager::AddHandler	repaired-contained	00883b00	containing-function-fallback	medium	True	UNKNOWN|P3|UNKNOWN->ENGINE_INTERFACE|P1|CONFIRMED	sdk=App::cMessageManager::AddHandler; containing=00883b00(off+32,tail-88,00883b00..00883b78,FUN_00883b00); xrefs_to=0; bytes=83fe08730f8d04408d14c75f8bc18911; prologue=False padding=False; neighbors=00883b00|00883b80
00883b90	App::cMessageManager::RemoveHandler	repaired-contained	00883b80	containing-function-fallback	medium	True	UNKNOWN|P3|UNKNOWN->ENGINE_INTERFACE|P1|CONFIRMED	sdk=App::cMessageManager::RemoveHandler; containing=00883b80(off+16,tail-201,00883b80..00883c59,FUN_00883b80); xrefs_to=0; bytes=0000568b1089118b48048b54242c894a; prologue=False padding=False; neighbors=00883b80|00883c60
00883ba0	App::cMessageManager::Lock	repaired-contained	00883b80	containing-function-fallback	medium	True	UNKNOWN|P3|UNKNOWN->ENGINE_INTERFACE|P1|CONFIRMED	sdk=App::cMessageManager::Lock; containing=00883b80(off+32,tail-185,00883b80..00883c59,FUN_00883b80); xrefs_to=0; bytes=048b48088b54242c894a088b480c8b54; prologue=False padding=False; neighbors=00883b80|00883c60
008846c0	App::cMessageManager::RemoveEntry	repaired-contained	008845d0	containing-function-fallback	medium	True	ENGINE_IMPLEMENTATION|P1|INFERRED->ENGINE_INTERFACE|P3|CONFIRMED	sdk=App::cMessageManager::RemoveEntry; containing=008845d0(off+240,tail-58,008845d0..008846fa,FUN_008845d0); xrefs_to=0; bytes=3bf775ef57e8b62c6c0083c4048d4424; prologue=False padding=False; neighbors=008845d0|00884700
008847f0	App::cMessageManager::ProcessQueue2	repaired-contained	00884700	containing-function-fallback	medium	True	ENGINE_IMPLEMENTATION|P1|INFERRED->ENGINE_INTERFACE|P3|CONFIRMED	sdk=App::cMessageManager::ProcessQueue2; containing=00884700(off+240,tail-165,00884700..00884895,FUN_00884700); xrefs_to=0; bytes=1f8b038b500455518bcbffd280bec400; prologue=False padding=False; neighbors=00884700|008848a0
00884bd0	App::cMessageManager::Dispose	repaired-contained	00884ae0	containing-function-fallback	medium	True	ENGINE_IMPLEMENTATION|P1|INFERRED->ENGINE_INTERFACE|P3|CONFIRMED	sdk=App::cMessageManager::Dispose; containing=00884ae0(off+240,tail-165,00884ae0..00884c75,FUN_00884ae0); xrefs_to=0; bytes=ef57e8a9276c0083c404837b7c000f85; prologue=False padding=False; neighbors=00884ae0|00884c80
00884d70	App::cMessageManager::AddEntry	repaired-contained	00884c80	containing-function-fallback	medium	True	ENGINE_IMPLEMENTATION|P1|INFERRED->ENGINE_INTERFACE|P3|CONFIRMED	sdk=App::cMessageManager::AddEntry; containing=00884c80(off+240,tail-23,00884c80..00884d87,FUN_00884c80); xrefs_to=0; bytes=00740b8d8d90000000e8f2d409005f5e; prologue=False padding=False; neighbors=00884c80|00884d90
008854a0	App::cMessageManager::MessageSend	adjudicated-dead-address	NULL	no-container-no-callers-no-prologue	low	False	no-triage-row-affected	sdk=App::cMessageManager::MessageSend; containing=NONE(No function found for 0x008854a0); xrefs_to=0; bytes=74238b018b4004528b9424440a000052; prologue=False padding=False; neighbors=00885390|00885610
00885980	App::cMessageManager::MessagePost	repaired-contained	00885930	containing-function-fallback	medium	True	ENGINE_IMPLEMENTATION|P1|INFERRED->ENGINE_INTERFACE|P3|CONFIRMED	sdk=App::cMessageManager::MessagePost; containing=00885930(off+80,tail-74,00885930..008859ca,FUN_00885930); xrefs_to=0; bytes=4c24348b44242c8d542410894c241c52; prologue=False padding=False; neighbors=00885930|008859d0
00885a20	App::cMessageManager::MessagePostFunction	repaired-contained	008859f0	containing-function-fallback	medium	True	UNKNOWN|P3|UNKNOWN->ENGINE_INTERFACE|P1|CONFIRMED	sdk=App::cMessageManager::MessagePostFunction; containing=008859f0(off+48,tail-49,008859f0..00885a51,FUN_008859f0); xrefs_to=0; bytes=050f2fc8eb21f30f104108f30f104a08; prologue=False padding=False; neighbors=008859f0|00885a60
00885d80	UTFWin::Window::GetFillColor	adjudicated-tail-alias	NULL	tail-bytes-no-callers	medium	False	no-triage-row-affected	sdk=UTFWin::Window::GetFillColor; containing=00885d60(off+32,tail-10,00885d60..00885d8a,FUN_00885d60); xrefs_to=0; bytes=89bed00100005f5ec20400cccccccccc; prologue=False padding=False; neighbors=00885d60|00885dd0
0088a610	IO::StreamNull::Write	adjudicated-dead-address	NULL	no-container-no-callers-no-prologue	low	False	no-triage-row-affected	sdk=IO::StreamNull::Write; containing=NONE(No function found for 0x0088a610); xrefs_to=0; bytes=24488bc8c1e9020faf4c2438034c242c; prologue=False padding=False; neighbors=0088a420|0088aa50
008d3340	GameInput::IsMouseButtonDown	repaired-contained	008d32f0	containing-function-fallback	medium	True	UNKNOWN|P3|UNKNOWN->ENGINE_INTERFACE|P1|CONFIRMED	sdk=GameInput::IsMouseButtonDown; containing=008d32f0(off+80,tail-233,008d32f0..008d3429,FUN_008d32f0); xrefs_to=0; bytes=036a308d460c5350c70660594301895e; prologue=False padding=False; neighbors=008d32f0|008d3430
008d6130	Resource::DatabaseDirectoryFiles::Lock	adjudicated-tail-alias	NULL	tail-bytes-no-callers	medium	False	no-triage-row-affected	sdk=Resource::DatabaseDirectoryFiles::Lock; containing=008d60d0(off+96,tail-7,008d60d0..008d6137,Resource::DatabaseDirectoryFiles::Dispose); xrefs_to=0; bytes=0a5f8bc65ec20800cccccccccccccccc; prologue=False padding=False; neighbors=008d60d0|008d6140
008d61f0	Resource::DatabaseDirectoryFiles::GetKeyFromFileName	repaired-contained	008d61e0	containing-function-fallback	medium	True	ENGINE_IMPLEMENTATION|P1|INFERRED->ENGINE_INTERFACE|P3|CONFIRMED	sdk=Resource::DatabaseDirectoryFiles::GetKeyFromFileName; containing=008d61e0(off+16,tail-127,008d61e0..008d626f,FUN_008d61e0); xrefs_to=0; bytes=24664301894c2414e8b3bf04008b5c24; prologue=False padding=False; neighbors=008d61e0|008d6270
008d62a0	IO::FileStream::GetType	repaired-contained	008d6290	containing-function-fallback	medium	True	ENGINE_IMPLEMENTATION|P1|INFERRED->ENGINE_INTERFACE|P3|CONFIRMED	sdk=IO::FileStream::GetType; containing=008d6290(off+16,tail-71,008d6290..008d62e7,FUN_008d6290); xrefs_to=0; bytes=8bcfe809bf04008b467483c6703bc674; prologue=False padding=False; neighbors=008d6290|008d62f0
008d6330	Resource::DatabaseDirectoryFiles::Open	repaired-contained	008d62f0	containing-function-fallback	medium	True	ENGINE_IMPLEMENTATION|P1|INFERRED->ENGINE_INTERFACE|P3|CONFIRMED	sdk=Resource::DatabaseDirectoryFiles::Open; containing=008d62f0(off+64,tail-176,008d62f0..008d63e0,FUN_008d62f0); xrefs_to=0; bytes=744e89beb00000008bbe940000008dae; prologue=False padding=False; neighbors=008d62f0|008d6410
008d6530	Resource::DatabaseDirectoryFiles::GetTypeFromTypename	repaired-contained	008d6510	containing-function-fallback	medium	True	ENGINE_IMPLEMENTATION|P1|INFERRED->ENGINE_INTERFACE|P3|CONFIRMED	sdk=Resource::DatabaseDirectoryFiles::GetTypeFromTypename; containing=008d6510(off+32,tail-78,008d6510..008d657e,FUN_008d6510); xrefs_to=0; bytes=8d8e8c000000e885b814008b0081c690; prologue=False padding=False; neighbors=008d6510|008d6580
008d6640	Resource::DatabaseDirectoryFiles::Attach	adjudicated-tail-alias	NULL	tail-bytes-no-callers	medium	False	no-triage-row-affected	sdk=Resource::DatabaseDirectoryFiles::Attach; containing=008d65e0(off+96,tail-14,008d65e0..008d664e,Resource::DatabaseDirectoryFiles::GetTypenameFromType); xrefs_to=0; bytes=4424143b44241875a85f5e5bc21000cc; prologue=False padding=False; neighbors=008d65e0|008d66a0
008d6760	Resource::DatabaseDirectoryFiles::Flush	adjudicated-tail-alias	NULL	tail-bytes-no-callers	medium	False	no-triage-row-affected	sdk=Resource::DatabaseDirectoryFiles::Flush; containing=008d66a0(off+192,tail-10,008d66a0..008d676a,FUN_008d66a0); xrefs_to=0; bytes=04005f5e5d32c05bc20400cccccccccc; prologue=False padding=False; neighbors=008d66a0|008d6770
008d67f0	Resource::DatabaseDirectoryFiles::GetOpenCount	repaired-contained	008d6770	containing-function-fallback	medium	True	UNKNOWN|P3|UNKNOWN->ENGINE_INTERFACE|P1|CONFIRMED	sdk=Resource::DatabaseDirectoryFiles::GetOpenCount; containing=008d6770(off+128,tail-56,008d6770..008d6828,FUN_008d6770); xrefs_to=0; bytes=ffd257e8880b670083c4043bf375e18b; prologue=False padding=False; neighbors=008d6770|008d6830
008d6860	Resource::DatabaseDirectoryFiles::GetFileNameFromKey	repaired-contained	008d6830	containing-function-fallback	medium	True	UNKNOWN|P3|UNKNOWN->ENGINE_INTERFACE|P1|CONFIRMED	sdk=Resource::DatabaseDirectoryFiles::GetFileNameFromKey; containing=008d6830(off+48,tail-83,008d6830..008d68b3,FUN_008d6830); xrefs_to=0; bytes=83c41085c07c07bb01000000eb0233db; prologue=False padding=False; neighbors=008d6830|008d68c0
008d69a0	Resource::DatabaseDirectoryFiles::SetLocation	repaired-contained	008d6970	containing-function-fallback	medium	True	UNKNOWN|P3|UNKNOWN->ENGINE_INTERFACE|P1|CONFIRMED	sdk=Resource::DatabaseDirectoryFiles::SetLocation; containing=008d6970(off+48,tail-78,008d6970..008d69ee,FUN_008d6970); xrefs_to=0; bytes=442420e89c9d90008b4c24208d042989; prologue=False padding=False; neighbors=008d6970|008d69f0
008d6e70	Resource::DatabaseDirectoryFiles::GetKeyList	repaired-contained	008d6e20	containing-function-fallback	medium	True	UNKNOWN|P3|UNKNOWN->ENGINE_INTERFACE|P1|CONFIRMED	sdk=Resource::DatabaseDirectoryFiles::GetKeyList; containing=008d6e20(off+80,tail-85,008d6e20..008d6ec5,FUN_008d6e20); xrefs_to=0; bytes=4e188b118b5208506a006a48ffd28bf8; prologue=False padding=False; neighbors=008d6e20|008d6ed0
008d6f90	Resource::DatabaseDirectoryFiles::AddExtensionMapping	repaired-contained	008d6ed0	containing-function-fallback	medium	True	UNKNOWN|P3|UNKNOWN->ENGINE_INTERFACE|P1|CONFIRMED	sdk=Resource::DatabaseDirectoryFiles::AddExtensionMapping; containing=008d6ed0(off+192,tail-616,008d6ed0..008d71f8,FUN_008d6ed0); xrefs_to=0; bytes=b8030000e857a9050084c00f84410200; prologue=False padding=False; neighbors=008d6ed0|008d7200
008d7640	Resource::DatabaseDirectoryFiles::Close	repaired-contained	008d7610	containing-function-fallback	medium	True	UNKNOWN|P3|UNKNOWN->ENGINE_INTERFACE|P1|CONFIRMED	sdk=Resource::DatabaseDirectoryFiles::Close; containing=008d7610(off+48,tail-351,008d7610..008d779f,FUN_008d7610); xrefs_to=0; bytes=2478894c2408894c240c8b4c2474894c; prologue=False padding=False; neighbors=008d7610|008d77a0
008d76a0	Resource::DatabaseDirectoryFiles::DeleteRecord	repaired-contained	008d7610	containing-function-fallback	medium	True	UNKNOWN|P3|UNKNOWN->ENGINE_INTERFACE|P1|CONFIRMED	sdk=Resource::DatabaseDirectoryFiles::DeleteRecord; containing=008d7610(off+144,tail-255,008d7610..008d779f,FUN_008d7610); xrefs_to=0; bytes=6c528d442434508d4c247c518d8e8c00; prologue=False padding=False; neighbors=008d7610|008d77a0
008d7ca0	Resource::DatabaseDirectoryFiles::UpdateRecordData2	adjudicated-tail-alias	NULL	tail-bytes-no-callers	medium	False	no-triage-row-affected	sdk=Resource::DatabaseDirectoryFiles::UpdateRecordData2; containing=008d7c90(off+16,tail-13,008d7c90..008d7cad,FUN_008d7c90); xrefs_to=0; bytes=e8bbe3040083c4048bc65ec20400cccc; prologue=False padding=False; neighbors=008d7c90|008d82a0
008d7db0	Resource::DatabaseDirectoryFiles::UpdateRecordData	adjudicated-dead-address	NULL	no-container-no-callers-no-prologue	low	False	no-triage-row-affected	sdk=Resource::DatabaseDirectoryFiles::UpdateRecordData; containing=NONE(No function found for 0x008d7db0); xrefs_to=0; bytes=75ef8bbc24480400008bcbe8b0a40400; prologue=False padding=False; neighbors=008d7c90|008d82a0
008d7fd0	Resource::DatabaseDirectoryFiles::OpenRecord	adjudicated-dead-address	NULL	no-container-no-callers-no-prologue	low	False	no-triage-row-affected	sdk=Resource::DatabaseDirectoryFiles::OpenRecord; containing=NONE(No function found for 0x008d7fd0); xrefs_to=0; bytes=85c0740f0b84244c040000a8020f85a4; prologue=False padding=False; neighbors=008d7c90|008d82a0
008d84f0	Resource::DatabasePackedFile::Lock	repaired-contained	008d84d0	containing-function-fallback	medium	True	UNKNOWN|P3|UNKNOWN->ENGINE_INTERFACE|P1|CONFIRMED	sdk=Resource::DatabasePackedFile::Lock; containing=008d84d0(off+32,tail-58,008d84d0..008d852a,FUN_008d84d0); xrefs_to=0; bytes=00741950518d8e3c030000e8003b0000; prologue=False padding=False; neighbors=008d84d0|008d8530
008d8520	Resource::DatabasePackedFile::CreateRecordWrite	adjudicated-tail-alias	NULL	tail-bytes-no-callers	medium	False	no-triage-row-affected	sdk=Resource::DatabasePackedFile::CreateRecordWrite; containing=008d84d0(off+80,tail-10,008d84d0..008d852a,FUN_008d84d0); xrefs_to=0; bytes=005ec20c00b0015ec20c00cccccccccc; prologue=False padding=False; neighbors=008d84d0|008d8530
008d85c0	Resource::DatabasePackedFile::CreateRecordReadCopy	adjudicated-dead-address	NULL	no-container-no-callers-no-prologue	low	False	no-triage-row-affected	sdk=Resource::DatabasePackedFile::CreateRecordReadCopy; containing=NONE(No function found for 0x008d85c0); xrefs_to=0; bytes=4c24188b168b52445150538bceffd23b; prologue=False padding=False; neighbors=008d8570|008d8650
008d8600	Resource::DatabasePackedFile::CreateRecordRead	adjudicated-dead-address	NULL	no-container-no-callers-no-prologue	low	False	no-triage-row-affected	sdk=Resource::DatabasePackedFile::CreateRecordRead; containing=NONE(No function found for 0x008d8600); xrefs_to=0; bytes=24143bc374103b868003000074085f5e; prologue=False padding=False; neighbors=008d8570|008d8650
008d8640	Resource::DatabasePackedFile::ReadHeaders	adjudicated-dead-address	NULL	no-container-no-callers-no-prologue	low	False	no-triage-row-affected	sdk=Resource::DatabasePackedFile::ReadHeaders; containing=NONE(No function found for 0x008d8640); xrefs_to=0; bytes=8ac35bc20c00cccccccccccccccccccc; prologue=False padding=False; neighbors=008d8570|008d8650
008d8680	Resource::DatabasePackedFile::CreateIndex	repaired-contained	008d8650	containing-function-fallback	medium	True	ENGINE_IMPLEMENTATION|P1|INFERRED->ENGINE_INTERFACE|P3|CONFIRMED	sdk=Resource::DatabasePackedFile::CreateIndex; containing=008d8650(off+48,tail-37,008d8650..008d86a5,FUN_008d8650); xrefs_to=0; bytes=0000008b8e6002000085c97411c78660; prologue=False padding=False; neighbors=008d8650|008d86b0
008d86d0	Resource::DatabasePackedFile::MakeIndexModifiable	repaired-contained	008d86c0	containing-function-fallback	medium	True	ENGINE_IMPLEMENTATION|P1|INFERRED->ENGINE_INTERFACE|P3|CONFIRMED	sdk=Resource::DatabasePackedFile::MakeIndexModifiable; containing=008d86c0(off+16,tail-54,008d86c0..008d8706,FUN_008d86c0); xrefs_to=0; bytes=bb600200003bf7742085f674098b068b; prologue=False padding=False; neighbors=008d86c0|008d8710
008d88c0	Resource::DatabasePackedFile::Attach	adjudicated-tail-alias	NULL	tail-bytes-no-callers	medium	False	no-triage-row-affected	sdk=Resource::DatabasePackedFile::Attach; containing=008d8890(off+48,tail-11,008d8890..008d88cb,FUN_008d8890); xrefs_to=0; bytes=048b40286a0052ffd0c20400cccccccc; prologue=False padding=False; neighbors=008d8890|008d88d0
008d89d0	Resource::DatabasePackedFile::GetStream	repaired-contained	008d8980	containing-function-fallback	medium	True	ENGINE_IMPLEMENTATION|P1|INFERRED->ENGINE_INTERFACE|P3|CONFIRMED	sdk=Resource::DatabasePackedFile::GetStream; containing=008d8980(off+80,tail-347,008d8980..008d8b2b,FUN_008d8980); xrefs_to=0; bytes=5f8ac35b5ec20c00807c24180074118b; prologue=False padding=False; neighbors=008d8980|008d8b30
008d89e0	Resource::DatabasePackedFile::SetStream	repaired-contained	008d8980	containing-function-fallback	medium	True	ENGINE_IMPLEMENTATION|P1|INFERRED->ENGINE_INTERFACE|P3|CONFIRMED	sdk=Resource::DatabasePackedFile::SetStream; containing=008d8980(off+96,tail-331,008d8980..008d8b2b,FUN_008d8980); xrefs_to=0; bytes=4c2410b3015f8ac35b894e185ec20c00; prologue=False padding=False; neighbors=008d8980|008d8b30
008d8a30	Resource::DatabasePackedFile::GetKeyList	repaired-contained	008d8980	containing-function-fallback	medium	True	ENGINE_IMPLEMENTATION|P1|INFERRED->ENGINE_INTERFACE|P3|CONFIRMED	sdk=Resource::DatabasePackedFile::GetKeyList; containing=008d8980(off+176,tail-251,008d8980..008d8b2b,FUN_008d8980); xrefs_to=0; bytes=c384db756b5d5f8ac35bc74614000000; prologue=False padding=False; neighbors=008d8980|008d8b30
008d8bf0	Resource::DatabasePackedFile::ReadBytes	repaired-contained	008d8b70	containing-function-fallback	medium	True	ENGINE_IMPLEMENTATION|P1|INFERRED->ENGINE_INTERFACE|P3|CONFIRMED	sdk=Resource::DatabasePackedFile::ReadBytes; containing=008d8b70(off+128,tail-83,008d8b70..008d8c43,FUN_008d8b70); xrefs_to=0; bytes=5c2410895c2414895c2418885c241e8b; prologue=False padding=False; neighbors=008d8b70|008d8c50
008d8ca0	Resource::DatabasePackedFile::Open	repaired-contained	008d8c50	containing-function-fallback	medium	True	ENGINE_IMPLEMENTATION|P1|INFERRED->ENGINE_INTERFACE|P3|CONFIRMED	sdk=Resource::DatabasePackedFile::Open; containing=008d8c50(off+80,tail-237,008d8c50..008d8d8d,FUN_008d8c50); xrefs_to=0; bytes=c40c6a608d54240c528bcee820fcffff; prologue=False padding=False; neighbors=008d8c50|008d9000
008d8e90	Resource::DatabasePackedFile::DeleteRecord	adjudicated-dead-address	NULL	no-container-no-callers-no-prologue	low	False	no-triage-row-affected	sdk=Resource::DatabasePackedFile::DeleteRecord; containing=NONE(No function found for 0x008d8e90); xrefs_to=0; bytes=9e18030000899e1c030000899e200300; prologue=False padding=False; neighbors=008d8c50|008d9000
008d8f70	Resource::DatabasePackedFile::ReadHeaderRecord	adjudicated-dead-address	NULL	no-container-no-callers-no-prologue	low	False	no-triage-row-affected	sdk=Resource::DatabasePackedFile::ReadHeaderRecord; containing=NONE(No function found for 0x008d8f70); xrefs_to=0; bytes=998944245433c083c40c83f9ff0f9fc0; prologue=False padding=False; neighbors=008d8c50|008d9000
008d90b0	Resource::DatabasePackedFile::VerifyHeaderRecordIntegrity	repaired-contained	008d9050	containing-function-fallback	medium	True	UNKNOWN|P3|UNKNOWN->ENGINE_INTERFACE|P1|CONFIRMED	sdk=Resource::DatabasePackedFile::VerifyHeaderRecordIntegrity; containing=008d9050(off+96,tail-39,008d9050..008d90d7,FUN_008d9050); xrefs_to=0; bytes=e81bf8ffff83f8ff8bcf0f95c3e8ae91; prologue=False padding=False; neighbors=008d9050|008d90e0
008d9140	Resource::DatabasePackedFile::WriteEmptyHeaderRecord	repaired-contained	008d90e0	containing-function-fallback	medium	True	UNKNOWN|P3|UNKNOWN->ENGINE_INTERFACE|P1|CONFIRMED	sdk=Resource::DatabasePackedFile::WriteEmptyHeaderRecord; containing=008d90e0(off+96,tail-39,008d90e0..008d9167,FUN_008d90e0); xrefs_to=0; bytes=38508b44241450ffd28bcf8ad8e81e91; prologue=False padding=False; neighbors=008d90e0|008d9170
008d9200	Resource::DatabasePackedFile::WriteHeaderRecord	repaired-contained	008d91e0	containing-function-fallback	medium	True	UNKNOWN|P3|UNKNOWN->ENGINE_INTERFACE|P1|CONFIRMED	sdk=Resource::DatabasePackedFile::WriteHeaderRecord; containing=008d91e0(off+32,tail-287,008d91e0..008d931f,FUN_008d91e0); xrefs_to=0; bytes=62020f87b80000008b4c24208b542410; prologue=False padding=False; neighbors=008d91e0|008d9320
008d97a0	Resource::DatabasePackedFile::GetDatabaseType	repaired-contained	008d9770	containing-function-fallback	medium	True	ENGINE_IMPLEMENTATION|P1|INFERRED->ENGINE_INTERFACE|P3|CONFIRMED	sdk=Resource::DatabasePackedFile::GetDatabaseType; containing=008d9770(off+48,tail-174,008d9770..008d984e,FUN_008d9770); xrefs_to=0; bytes=8bd8538bcfe8f61b00008dae5c030000; prologue=False padding=False; neighbors=008d9770|008d9850
008d9880	Resource::DatabasePackedFile::GetOpenCount	repaired-contained	008d9850	containing-function-fallback	medium	True	UNKNOWN|P3|UNKNOWN->ENGINE_INTERFACE|P1|CONFIRMED	sdk=Resource::DatabasePackedFile::GetOpenCount; containing=008d9850(off+48,tail-104,008d9850..008d98e8,FUN_008d9850); xrefs_to=0; bytes=f9ffff84c074598b5500db450085d27d; prologue=False padding=False; neighbors=008d9850|008d98f0
008d9910	Resource::DatabasePackedFile::WriteIndexRecord	repaired-contained	008d98f0	containing-function-fallback	medium	True	UNKNOWN|P3|UNKNOWN->ENGINE_INTERFACE|P1|CONFIRMED	sdk=Resource::DatabasePackedFile::WriteIndexRecord; containing=008d98f0(off+32,tail-127,008d98f0..008d998f,FUN_008d98f0); xrefs_to=0; bytes=103bc175108b43088b4d183bc175068b; prologue=False padding=False; neighbors=008d98f0|008d9990
008d9a90	Resource::DatabasePackedFile::InitializeHoleTable	repaired-contained	008d9a10	containing-function-fallback	medium	True	ENGINE_IMPLEMENTATION|P1|INFERRED->ENGINE_INTERFACE|P3|CONFIRMED	sdk=Resource::DatabasePackedFile::InitializeHoleTable; containing=008d9a10(off+128,tail-1163,008d9a10..008d9f1b,FUN_008d9a10); xrefs_to=0; bytes=008d4c2430518d9ee80200008d542474; prologue=False padding=False; neighbors=008d9a10|008d9f20
008d9cd0	Resource::DatabasePackedFile::Close	repaired-contained	008d9a10	containing-function-fallback	medium	True	ENGINE_IMPLEMENTATION|P1|INFERRED->ENGINE_INTERFACE|P3|CONFIRMED	sdk=Resource::DatabasePackedFile::Close; containing=008d9a10(off+704,tail-587,008d9a10..008d9f1b,FUN_008d9a10); xrefs_to=0; bytes=8b4424748d4c2428518d542420525350; prologue=False padding=False; neighbors=008d9a10|008d9f20
008d9ce0	Resource::DatabasePackedFile::SetLocation	repaired-contained	008d9a10	containing-function-fallback	medium	True	ENGINE_IMPLEMENTATION|P1|INFERRED->ENGINE_INTERFACE|P3|CONFIRMED	sdk=Resource::DatabasePackedFile::SetLocation; containing=008d9a10(off+720,tail-571,008d9a10..008d9f1b,FUN_008d9a10); xrefs_to=0; bytes=8bcee869fbffff84c0750a33c0894424; prologue=False padding=False; neighbors=008d9a10|008d9f20
008d9d30	Resource::DatabasePackedFile::CloseRecord	repaired-contained	008d9a10	containing-function-fallback	medium	True	ENGINE_IMPLEMENTATION|P1|INFERRED->ENGINE_INTERFACE|P3|CONFIRMED	sdk=Resource::DatabasePackedFile::CloseRecord; containing=008d9a10(off+800,tail-491,008d9a10..008d9f1b,FUN_008d9a10); xrefs_to=0; bytes=4424120085c0741ba80274178b4c241c; prologue=False padding=False; neighbors=008d9a10|008d9f20
008da6f0	Resource::DatabasePackedFile::OpenRecord	repaired-contained	008da3d0	containing-function-fallback	medium	True	ENGINE_IMPLEMENTATION|P1|INFERRED->ENGINE_INTERFACE|P3|CONFIRMED	sdk=Resource::DatabasePackedFile::OpenRecord; containing=008da3d0(off+800,tail-95,008da3d0..008da74f,FUN_008da3d0); xrefs_to=0; bytes=8b55088944241c894c24208d44241c50; prologue=False padding=False; neighbors=008da3d0|008da750
008daa70	Resource::DatabasePackedFile::ReadIndexRecord	repaired-contained	008da920	containing-function-fallback	medium	True	UNKNOWN|P3|UNKNOWN->ENGINE_INTERFACE|P1|CONFIRMED	sdk=Resource::DatabasePackedFile::ReadIndexRecord; containing=008da920(off+336,tail-301,008da920..008dab9d,FUN_008da920); xrefs_to=0; bytes=2448508bcfe8467314008b4c2444ff4f; prologue=False padding=False; neighbors=008da920|008daba0
008daec0	Resource::DatabasePackedFile::Flush	repaired-contained	008daeb0	containing-function-fallback	medium	True	UNKNOWN|P3|UNKNOWN->ENGINE_INTERFACE|P1|CONFIRMED	sdk=Resource::DatabasePackedFile::Flush; containing=008daeb0(off+16,tail-46,008daeb0..008daeee,FUN_008daeb0); xrefs_to=0; bytes=ff027c28568d77fed1fe46eb038d4900; prologue=False padding=False; neighbors=008daeb0|008daef0
008db260	Resource::PFIndexModifiable::GetDataEnd	adjudicated-dead-address	NULL	no-container-no-callers-no-prologue	low	False	no-triage-row-affected	sdk=Resource::PFIndexModifiable::GetDataEnd; containing=NONE(No function found for 0x008db260); xrefs_to=0; bytes=750a8b420483c20485c074f68b71308b; prologue=False padding=False; neighbors=008daef0|008db310
008db2c0	Resource::PFIndexModifiable::GetTotalDiskSize	adjudicated-dead-address	NULL	no-container-no-callers-no-prologue	low	False	no-triage-row-affected	sdk=Resource::PFIndexModifiable::GetTotalDiskSize; containing=NONE(No function found for 0x008db2c0); xrefs_to=0; bytes=8bd92b5c241c8bef2b6c241c3bdd732d; prologue=False padding=False; neighbors=008daef0|008db310
008db550	Resource::PFIndexModifiable::SetIsSaved	adjudicated-tail-alias	NULL	tail-bytes-no-callers	medium	False	no-triage-row-affected	sdk=Resource::PFIndexModifiable::SetIsSaved; containing=008db450(off+256,tail-4,008db450..008db554,FUN_008db450); xrefs_to=0; bytes=c410c20c00cccccccccccccccccccccc; prologue=False padding=False; neighbors=008db450|008db560
008db5a0	Resource::PFIndexModifiable::CheckFilesInRange	repaired-contained	008db560	containing-function-fallback	medium	True	UNKNOWN|P3|UNKNOWN->ENGINE_INTERFACE|P1|CONFIRMED	sdk=Resource::PFIndexModifiable::CheckFilesInRange; containing=008db560(off+64,tail-62,008db560..008db5de,FUN_008db560); xrefs_to=0; bytes=18e8fabd66008bf88d471083c41885c0; prologue=False padding=False; neighbors=008db560|008db5e0
008dbaa0	Resource::PFIndexModifiable::Reset	repaired-contained	008db9b0	containing-function-fallback	medium	True	ENGINE_IMPLEMENTATION|P1|INFERRED->ENGINE_INTERFACE|P3|CONFIRMED	sdk=Resource::PFIndexModifiable::Reset; containing=008db9b0(off+240,tail-110,008db9b0..008dbb0e,FUN_008db9b0); xrefs_to=0; bytes=0066894c2448c644244a00807c247800; prologue=False padding=False; neighbors=008db9b0|008dbb10
008dbb20	Resource::PFIndexModifiable::GetFileInfo	repaired-contained	008dbb10	containing-function-fallback	medium	True	UNKNOWN|P3|UNKNOWN->ENGINE_INTERFACE|P1|CONFIRMED	sdk=Resource::PFIndexModifiable::GetFileInfo; containing=008dbb10(off+16,tail-120,008dbb10..008dbb98,FUN_008dbb10); xrefs_to=0; bytes=f9e8aaf8ffff8b4f088b57048b442408; prologue=False padding=False; neighbors=008dbb10|008dbba0
008dbb60	Resource::PFIndexModifiable::RemoveFile	repaired-contained	008dbb10	containing-function-fallback	medium	True	UNKNOWN|P3|UNKNOWN->ENGINE_INTERFACE|P1|CONFIRMED	sdk=Resource::PFIndexModifiable::RemoveFile; containing=008dbb10(off+80,tail-56,008dbb10..008dbb98,FUN_008dbb10); xrefs_to=0; bytes=2852894c24388d442420895c24208b5e; prologue=False padding=False; neighbors=008dbb10|008dbba0
008dbcc0	Resource::PFIndexModifiable::Read	repaired-contained	008dbc20	containing-function-fallback	medium	True	UNKNOWN|P3|UNKNOWN->ENGINE_INTERFACE|P1|CONFIRMED	sdk=Resource::PFIndexModifiable::Read; containing=008dbc20(off+160,tail-34,008dbc20..008dbce2,FUN_008dbc20); xrefs_to=0; bytes=44241c50518d4c2410518bcee8cff9ff; prologue=False padding=False; neighbors=008dbc20|008dbcf0
008dc0c0	Resource::PFIndexModifiable::GetAllFiles	repaired-contained	008dc000	containing-function-fallback	medium	False	stable:ENGINE_INTERFACE|P3|CONFIRMED	sdk=Resource::PFIndexModifiable::GetAllFiles; containing=008dc000(off+192,tail-80,008dc000..008dc110,Resource::PFIndexModifiable::GetFiles); xrefs_to=0; bytes=57e8ba57040057e8b4b2660083c4148b; prologue=True padding=False; neighbors=008dc000|008dc120
008dc1c0	Resource::PFIndexModifiable::PutFileInfo	repaired-contained	008dc1a0	containing-function-fallback	medium	True	UNKNOWN|P3|UNKNOWN->ENGINE_INTERFACE|P1|CONFIRMED	sdk=Resource::PFIndexModifiable::PutFileInfo; containing=008dc1a0(off+32,tail-224,008dc1a0..008dc2a0,FUN_008dc1a0); xrefs_to=0; bytes=5424147e253bf07d0932c05e83c40cc2; prologue=False padding=False; neighbors=008dc1a0|008dc3f0
008dc5c0	Resource::PFIndexModifiable::func24h	repaired-contained	008dc510	containing-function-fallback	medium	True	UNKNOWN|P3|UNKNOWN->ENGINE_INTERFACE|P1|CONFIRMED	sdk=Resource::PFIndexModifiable::func24h; containing=008dc510(off+176,tail-22,008dc510..008dc5d6,FUN_008dc510); xrefs_to=0; bytes=6cf805008a566880ca025f8856685ec3; prologue=False padding=False; neighbors=008dc510|008dc5e0
008dc650	Resource::PFRecordWrite::GetStream	repaired-contained	008dc600	containing-function-fallback	medium	True	UNKNOWN|P3|UNKNOWN->ENGINE_INTERFACE|P1|CONFIRMED	sdk=Resource::PFRecordWrite::GetStream; containing=008dc600(off+80,tail-230,008dc600..008dc736,FUN_008dc600); xrefs_to=0; bytes=2500000066894c2412b8380000006689; prologue=False padding=False; neighbors=008dc600|008dc740
008dc670	Resource::PFRecordRead::GetType	repaired-contained	008dc600	containing-function-fallback	medium	True	UNKNOWN|P3|UNKNOWN->ENGINE_INTERFACE|P1|CONFIRMED	sdk=Resource::PFRecordRead::GetType; containing=008dc600(off+112,tail-198,008dc600..008dc736,FUN_008dc600); xrefs_to=0; bytes=000066894c2418b82500000066894424; prologue=False padding=False; neighbors=008dc600|008dc740
008dc680	Resource::PFRecordWrite::GetAccessFlags	repaired-contained	008dc600	containing-function-fallback	medium	True	UNKNOWN|P3|UNKNOWN->ENGINE_INTERFACE|P1|CONFIRMED	sdk=Resource::PFRecordWrite::GetAccessFlags; containing=008dc600(off+128,tail-182,008dc600..008dc736,FUN_008dc600); xrefs_to=0; bytes=1cba5f000000668954241ab930000000; prologue=False padding=False; neighbors=008dc600|008dc740
008dc690	Resource::PFRecordRead::GetPosition	repaired-contained	008dc600	containing-function-fallback	medium	True	UNKNOWN|P3|UNKNOWN->ENGINE_INTERFACE|P1|CONFIRMED	sdk=Resource::PFRecordRead::GetPosition; containing=008dc600(off+144,tail-166,008dc600..008dc736,FUN_008dc600); xrefs_to=0; bytes=66894c241eb878000000ba3800000066; prologue=False padding=False; neighbors=008dc600|008dc740
008dc6d0	Resource::PFRecordRead::GetAvailable	repaired-contained	008dc600	containing-function-fallback	medium	True	UNKNOWN|P3|UNKNOWN->ENGINE_INTERFACE|P1|CONFIRMED	sdk=Resource::PFRecordRead::GetAvailable; containing=008dc600(off+208,tail-102,008dc600..008dc736,FUN_008dc600); xrefs_to=0; bytes=006a008d4c243c518d9424480200006a; prologue=False padding=False; neighbors=008dc600|008dc740
008dcaa0	Resource::PFRecordWrite::GetKey	adjudicated-dead-address	NULL	no-container-no-callers-no-prologue	low	False	no-triage-row-affected	sdk=Resource::PFRecordWrite::GetKey; containing=NONE(No function found for 0x008dcaa0); xrefs_to=0; bytes=c3b001c3cccccccccccccccccccccccc; prologue=False padding=False; neighbors=008dca00|008dcab0
008dcac0	Resource::PFRecordWrite::GetSize	repaired-contained	008dcab0	containing-function-fallback	medium	False	stable:ENGINE_INTERFACE|P0|CONFIRMED	sdk=Resource::PFRecordWrite::GetSize; containing=008dcab0(off+16,tail-161,008dcab0..008dcb61,Resource::PFRecordWrite::GetType); xrefs_to=0; bytes=e84bfaffff8a464884c00f8580000000; prologue=False padding=False; neighbors=008dcab0|008dcb70
008dcaf0	Resource::PFRecordWrite::SetSize	repaired-contained	008dcab0	containing-function-fallback	medium	False	stable:ENGINE_INTERFACE|P0|CONFIRMED	sdk=Resource::PFRecordWrite::SetSize; containing=008dcab0(off+64,tail-113,008dcab0..008dcb61,Resource::PFRecordWrite::GetType); xrefs_to=0; bytes=f7da3bd0773d03c1894640b0015ec208; prologue=False padding=False; neighbors=008dcab0|008dcb70
008dcb30	Resource::PFRecordWrite::SetPosition	repaired-contained	008dcab0	containing-function-fallback	medium	False	stable:ENGINE_INTERFACE|P0|CONFIRMED	sdk=Resource::PFRecordWrite::SetPosition; containing=008dcab0(off+128,tail-49,008dcab0..008dcb61,Resource::PFRecordWrite::GetType); xrefs_to=0; bytes=c97d0dc7464000000000b0015ec20800; prologue=False padding=False; neighbors=008dcab0|008dcb70
008dcd10	Resource::PFRecordRead::DoPostClose	repaired-contained	008dcc80	containing-function-fallback	medium	True	UNKNOWN|P3|UNKNOWN->ENGINE_INTERFACE|P1|CONFIRMED	sdk=Resource::PFRecordRead::DoPostClose; containing=008dcc80(off+144,tail-85,008dcc80..008dcd65,FUN_008dcc80); xrefs_to=0; bytes=608b53648956640fb64368884668b901; prologue=False padding=False; neighbors=008dcc80|008dcd70
008dcd60	Resource::PFRecordRead::RecordOpen	adjudicated-tail-alias	NULL	tail-bytes-no-callers	medium	False	no-triage-row-affected	sdk=Resource::PFRecordRead::RecordOpen; containing=008dcc80(off+224,tail-5,008dcc80..008dcd65,FUN_008dcc80); xrefs_to=0; bytes=5e5d5bc20c00cccccccccccccccccccc; prologue=False padding=False; neighbors=008dcc80|008dcd70
008dcd80	Resource::PFRecordRead::RecordClose	repaired-contained	008dcd70	containing-function-fallback	medium	True	ENGINE_IMPLEMENTATION|P1|INFERRED->ENGINE_INTERFACE|P3|CONFIRMED	sdk=Resource::PFRecordRead::RecordClose; containing=008dcd70(off+16,tail-59,008dcd70..008dcdbb,FUN_008dcd70); xrefs_to=0; bytes=c4684301740b8b4e188b018b503c56ff; prologue=False padding=False; neighbors=008dcd70|008dcdc0
008dcf00	Resource::PFRecordWrite::DoPostClose	repaired-contained	008dcea0	containing-function-fallback	medium	True	UNKNOWN|P3|UNKNOWN->ENGINE_INTERFACE|P1|CONFIRMED	sdk=Resource::PFRecordWrite::DoPostClose; containing=008dcea0(off+96,tail-435,008dcea0..008dd0b3,FUN_008dcea0); xrefs_to=0; bytes=694301e848ee05008d7e486a008bcfe8; prologue=False padding=False; neighbors=008dcea0|008dd0d0
008dcf60	Resource::PFRecordWrite::RecordOpen	repaired-contained	008dcea0	containing-function-fallback	medium	True	UNKNOWN|P3|UNKNOWN->ENGINE_INTERFACE|P1|CONFIRMED	sdk=Resource::PFRecordWrite::RecordOpen; containing=008dcea0(off+192,tail-339,008dcea0..008dd0b3,FUN_008dcea0); xrefs_to=0; bytes=f53e0151d91c246a038bcde8d0eb0500; prologue=False padding=False; neighbors=008dcea0|008dd0d0
008de4b0	Resource::IResourceManager::Get	repaired-contained	008de450	containing-function-fallback	medium	True	UNKNOWN|P3|UNKNOWN->ENGINE_INTERFACE|P1|CONFIRMED	sdk=Resource::IResourceManager::Get; containing=008de450(off+96,tail-59,008de450..008de4eb,FUN_008de450); xrefs_to=0; bytes=9cc0eb1c8b068b4f103bc175108b4604; prologue=False padding=False; neighbors=008de450|008de4f0
008de540	Resource::cResourceManager::GetKeyFromName	repaired-contained	008de530	containing-function-fallback	medium	False	stable:ENGINE_INTERFACE|P3|CONFIRMED	sdk=Resource::cResourceManager::GetKeyFromName; containing=008de530(off+16,tail-152,008de530..008de5d8,Resource::cResourceManager::Initialize); xrefs_to=0; bytes=8b018b4008528d3cad000000006a008d; prologue=False padding=False; neighbors=008de530|008de5e0
008de590	Resource::cResourceManager::GetLoadedResource	repaired-contained	008de530	containing-function-fallback	medium	False	stable:ENGINE_INTERFACE|P3|CONFIRMED	sdk=Resource::cResourceManager::GetLoadedResource; containing=008de530(off+96,tail-72,008de530..008de5d8,Resource::cResourceManager::Initialize); xrefs_to=0; bytes=b88b0493894108890c938b4e048b0cb9; prologue=False padding=False; neighbors=008de530|008de5e0
008de620	Resource::cResourceManager::FindDatabase	repaired-contained	008de5e0	containing-function-fallback	medium	False	stable:ENGINE_INTERFACE|P3|CONFIRMED	sdk=Resource::cResourceManager::FindDatabase; containing=008de5e0(off+64,tail-104,008de5e0..008de688,Resource::cResourceManager::IsDatabaseRegistered); xrefs_to=0; bytes=3d8b4e048b0cb985c97429eb038d4900; prologue=False padding=False; neighbors=008de5e0|008de690
008de670	Resource::cResourceManager::FindCache	repaired-contained	008de5e0	containing-function-fallback	medium	False	stable:ENGINE_INTERFACE|P3|CONFIRMED	sdk=Resource::cResourceManager::FindCache; containing=008de5e0(off+144,tail-24,008de5e0..008de688,Resource::cResourceManager::IsDatabaseRegistered); xrefs_to=0; bytes=8504000000508b460450ffd25f895e04; prologue=False padding=False; neighbors=008de5e0|008de690
008de6c0	Resource::cResourceManager::CacheResource	repaired-contained	008de690	containing-function-fallback	medium	True	UNKNOWN|P3|UNKNOWN->ENGINE_INTERFACE|P1|CONFIRMED	sdk=Resource::cResourceManager::CacheResource; containing=008de690(off+48,tail-123,008de690..008de73b,FUN_008de690); xrefs_to=0; bytes=c7041fffffffff33ff83c40c397e0876; prologue=False padding=False; neighbors=008de690|008de740
008de710	Resource::cResourceManager::FlushCache	repaired-contained	008de690	containing-function-fallback	medium	True	UNKNOWN|P3|UNKNOWN->ENGINE_INTERFACE|P1|CONFIRMED	sdk=Resource::cResourceManager::FlushCache; containing=008de690(off+128,tail-43,008de690..008de73b,FUN_008de690); xrefs_to=0; bytes=148b460883f80176168b4e1c8b118b52; prologue=False padding=False; neighbors=008de690|008de740
008deda0	Resource::cResourceManager::WriteResource	repaired-contained	008ded00	containing-function-fallback	medium	True	UNKNOWN|P3|UNKNOWN->ENGINE_INTERFACE|P1|CONFIRMED	sdk=Resource::cResourceManager::WriteResource; containing=008ded00(off+160,tail-60,008ded00..008deddc,FUN_008ded00); xrefs_to=0; bytes=088b4604893c018b44241cff460c8b56; prologue=False padding=False; neighbors=008ded00|008dede0
008deec0	Resource::cResourceManager::DoDatabaseChanged	repaired-contained	008dee90	containing-function-fallback	medium	True	UNKNOWN|P3|UNKNOWN->ENGINE_INTERFACE|P1|CONFIRMED	sdk=Resource::cResourceManager::DoDatabaseChanged; containing=008dee90(off+48,tail-89,008dee90..008def19,FUN_008dee90); xrefs_to=0; bytes=00eb0233db8b461c8b4e188b118b5208; prologue=False padding=False; neighbors=008dee90|008def20
008df700	Resource::cResourceManager::GetResource	repaired-contained	008df460	containing-function-fallback	medium	True	ENGINE_IMPLEMENTATION|P1|INFERRED->ENGINE_INTERFACE|P3|CONFIRMED	sdk=Resource::cResourceManager::GetResource; containing=008df460(off+672,tail-152,008df460..008df798,FUN_008df460); xrefs_to=0; bytes=20e86a2b0400eb7485db743c837c244c; prologue=False padding=False; neighbors=008df460|008df7a0
008df730	Resource::cResourceManager::GetResourceAsync	repaired-contained	008df460	containing-function-fallback	medium	True	ENGINE_IMPLEMENTATION|P1|INFERRED->ENGINE_INTERFACE|P3|CONFIRMED	sdk=Resource::cResourceManager::GetResourceAsync; containing=008df460(off+720,tail-104,008df460..008df798,FUN_008df460); xrefs_to=0; bytes=006a016a066a016a008d442438508bcd; prologue=False padding=False; neighbors=008df460|008df7a0
008dfa70	Resource::cResourceManager::ReloadResource	adjudicated-dead-address	NULL	no-container-no-callers-no-prologue	low	False	no-triage-row-affected	sdk=Resource::cResourceManager::ReloadResource; containing=NONE(No function found for 0x008dfa70); xrefs_to=0; bytes=6a016a066a018944242c6a008d44242c; prologue=False padding=False; neighbors=008df970|008dfb20
008dfc40	Resource::cResourceManager::GetTypeMapping	repaired-contained	008dfc10	containing-function-fallback	medium	False	stable:ENGINE_INTERFACE|P3|CONFIRMED	sdk=Resource::cResourceManager::GetTypeMapping; containing=008dfc10(off+48,tail-21,008dfbf0..008dfc55,Resource::cResourceManager::GetPrivateResource); xrefs_to=0; bytes=008b4c24108b36e8242604005f8bc65e; prologue=False padding=False; neighbors=008dfc10|008dfc60
008dfc80	Resource::cResourceManager::FindRecord	repaired-contained	008dfc60	containing-function-fallback	medium	True	ENGINE_IMPLEMENTATION|P1|INFERRED->ENGINE_INTERFACE|P3|CONFIRMED	sdk=Resource::cResourceManager::FindRecord; containing=008dfc60(off+32,tail-65,008dfc60..008dfcc1,FUN_008dfc60); xrefs_to=0; bytes=240c81c6b0000000518bcee830b61500; prologue=False padding=False; neighbors=008dfc60|008dfcd0
008dfdf0	Resource::cResourceManager::FindFactory	repaired-contained	008dfde0	containing-function-fallback	medium	True	UNKNOWN|P3|UNKNOWN->ENGINE_INTERFACE|P1|CONFIRMED	sdk=Resource::cResourceManager::FindFactory; containing=008dfde0(off+16,tail-221,008dfde0..008dfecd,FUN_008dfde0); xrefs_to=0; bytes=0185c9743c8b7e0c8b411c3bc774050f; prologue=False padding=False; neighbors=008dfde0|008dfed0
008dfe70	Resource::cResourceManager::GetTypeFromTypename	repaired-contained	008dfde0	containing-function-fallback	medium	True	UNKNOWN|P3|UNKNOWN->ENGINE_INTERFACE|P1|CONFIRMED	sdk=Resource::cResourceManager::GetTypeFromTypename; containing=008dfde0(off+144,tail-93,008dfde0..008dfecd,FUN_008dfde0); xrefs_to=0; bytes=c64004015dc20c008b48108b163bca75; prologue=False padding=False; neighbors=008dfde0|008dfed0
008e0200	Resource::cResourceManager::GetFactoryList	repaired-contained	008e01c0	containing-function-fallback	medium	True	ENGINE_IMPLEMENTATION|P1|INFERRED->ENGINE_INTERFACE|P3|CONFIRMED	sdk=Resource::cResourceManager::GetFactoryList; containing=008e01c0(off+64,tail-77,008e01c0..008e024d,FUN_008e01c0); xrefs_to=0; bytes=258b4424206a006a00575053ff1568c4; prologue=False padding=False; neighbors=008e01c0|008e0250
008e0380	Resource::cResourceManager::GetDatabaseList	adjudicated-tail-alias	NULL	tail-bytes-no-callers	medium	False	no-triage-row-affected	sdk=Resource::cResourceManager::GetDatabaseList; containing=008e02b0(off+208,tail-10,008e02b0..008e038a,FUN_008e02b0); xrefs_to=0; bytes=008950045b83c408c20c00cccccccccc; prologue=False padding=False; neighbors=008e02b0|008e0390
008e0410	Resource::cResourceManager::GetCacheList	repaired-contained	008e0390	containing-function-fallback	medium	True	UNKNOWN|P3|UNKNOWN->ENGINE_INTERFACE|P1|CONFIRMED	sdk=Resource::cResourceManager::GetCacheList; containing=008e0390(off+128,tail-129,008e0390..008e0491,FUN_008e0390); xrefs_to=0; bytes=ff740c8b4c2424518bcfe8717fd1ffc7; prologue=False padding=False; neighbors=008e0390|008e0550
008e0490	Resource::cResourceManager::GetNameFromKey	adjudicated-tail-alias	NULL	tail-bytes-no-callers	medium	False	no-triage-row-affected	sdk=Resource::cResourceManager::GetNameFromKey; containing=008e0390(off+256,tail-1,008e0390..008e0491,FUN_008e0390); xrefs_to=0; bytes=0c00cccccccccccccccccccccccccccc; prologue=False padding=False; neighbors=008e0390|008e0550
008e0770	Resource::cResourceManager::RegisterChangeNotification	repaired-contained	008e0740	containing-function-fallback	medium	True	UNKNOWN|P3|UNKNOWN->ENGINE_INTERFACE|P1|CONFIRMED	sdk=Resource::cResourceManager::RegisterChangeNotification; containing=008e0740(off+48,tail-59,008e0740..008e07ab,FUN_008e0740); xrefs_to=0; bytes=83f9027e0d85c0740950e8016c660083; prologue=False padding=False; neighbors=008e0740|008e07b0
008e0b90	Resource::cResourceManager::GetRecordTypesFromResourceType	repaired-contained	008e0a30	containing-function-fallback	medium	True	ENGINE_IMPLEMENTATION|P1|INFERRED->ENGINE_INTERFACE|P3|CONFIRMED	sdk=Resource::cResourceManager::GetRecordTypesFromResourceType; containing=008e0a30(off+352,tail-126,008e0a30..008e0c0e,FUN_008e0a30); xrefs_to=0; bytes=243833ff8bce2b4c2434b8555555d5f7; prologue=False padding=False; neighbors=008e0a30|008e0e10
008e0c20	Resource::cResourceManager::GetResourceKeyList	adjudicated-dead-address	NULL	no-container-no-callers-no-prologue	low	False	no-triage-row-affected	sdk=Resource::cResourceManager::GetResourceKeyList; containing=NONE(No function found for 0x008e0c20); xrefs_to=0; bytes=db0000008bb19c0000008bb9a0000000; prologue=False padding=False; neighbors=008e0a30|008e0e10
008e0d00	Resource::cResourceManager::GetRecordKeyList	adjudicated-dead-address	NULL	no-container-no-callers-no-prologue	low	False	no-triage-row-affected	sdk=Resource::cResourceManager::GetRecordKeyList; containing=NONE(No function found for 0x008e0d00); xrefs_to=0; bytes=492c8b3185f6741c8b7c24248b5c2420; prologue=False padding=False; neighbors=008e0a30|008e0e10
008e1000	Resource::cResourceManager::RegisterDatabase	repaired-contained	008e0fe0	containing-function-fallback	medium	True	UNKNOWN|P3|UNKNOWN->ENGINE_INTERFACE|P1|CONFIRMED	sdk=Resource::cResourceManager::RegisterDatabase; containing=008e0fe0(off+32,tail-107,008e0fe0..008e106b,FUN_008e0fe0); xrefs_to=0; bytes=000000014e048b46048b00890685c074; prologue=False padding=False; neighbors=008e0fe0|008e1070
008e17b0	Resource::cResourceManager::ForgetKeyName	repaired-contained	008e1750	containing-function-fallback	medium	False	stable:ENGINE_INTERFACE|P3|CONFIRMED	sdk=Resource::cResourceManager::ForgetKeyName; containing=008e1750(off+96,tail-374,008e1750..008e1926,Resource::cResourceManager::SetKeyName); xrefs_to=0; bytes=24408b75003bf0751383c50439450075; prologue=False padding=False; neighbors=008e1750|008e1930
008e1830	Resource::cResourceManager::SetTypename	repaired-contained	008e1750	containing-function-fallback	medium	False	stable:ENGINE_INTERFACE|P3|CONFIRMED	sdk=Resource::cResourceManager::SetTypename; containing=008e1750(off+224,tail-246,008e1750..008e1926,Resource::cResourceManager::SetKeyName); xrefs_to=0; bytes=f075ad8b7c24348b5c24188d4424303b; prologue=False padding=False; neighbors=008e1750|008e1930
008e18e0	Resource::cResourceManager::ResetTypename	repaired-contained	008e1750	containing-function-fallback	medium	False	stable:ENGINE_INTERFACE|P3|CONFIRMED	sdk=Resource::cResourceManager::ResetTypename; containing=008e1750(off+400,tail-70,008e1750..008e1926,Resource::cResourceManager::SetKeyName); xrefs_to=0; bytes=e89b5a660083c4048bf785ff75e28b43; prologue=False padding=False; neighbors=008e1750|008e1930
008e19d0	Resource::cResourceManager::Dispose	repaired-contained	008e1930	containing-function-fallback	medium	True	ENGINE_IMPLEMENTATION|P1|INFERRED->ENGINE_INTERFACE|P3|CONFIRMED	sdk=Resource::cResourceManager::Dispose; containing=008e1930(off+160,tail-123,008e1930..008e1a4b,FUN_008e1930); xrefs_to=0; bytes=00505152e86bed8f0083c40c33f63bfb; prologue=False padding=False; neighbors=008e1930|008e1a50
008e1c00	Resource::cResourceManager::SetTypeMapping	repaired-contained	008e1a50	containing-function-fallback	medium	True	ENGINE_IMPLEMENTATION|P1|INFERRED->ENGINE_INTERFACE|P3|CONFIRMED	sdk=Resource::cResourceManager::SetTypeMapping; containing=008e1a50(off+432,tail-284,008e1a50..008e1d1c,FUN_008e1a50); xrefs_to=0; bytes=6c2430ffd0895c24348b5e043bfb7524; prologue=False padding=False; neighbors=008e1a50|008e1d20
008e2020	Resource::cResourceManager::RegisterCache	repaired-contained	008e1f10	containing-function-fallback	medium	True	UNKNOWN|P3|UNKNOWN->ENGINE_INTERFACE|P1|CONFIRMED	sdk=Resource::cResourceManager::RegisterCache; containing=008e1f10(off+272,tail-153,008e1f10..008e20b9,FUN_008e1f10); xrefs_to=0; bytes=895f0c83f80176168b4f1c8b118b520c; prologue=False padding=False; neighbors=008e1f10|008e20c0
008e8230	Resource::PFIndexModifiable::GetFileCount	adjudicated-dead-address	NULL	no-container-no-callers-no-prologue	low	False	no-triage-row-affected	sdk=Resource::PFIndexModifiable::GetFileCount; containing=NONE(No function found for 0x008e8230); xrefs_to=0; bytes=568d4c2424e8866600008b078b502c8d; prologue=False padding=False; neighbors=008e8050|008e8310
009019a0	IO::XmlWriter::EndProcessingInstruction	repaired-contained	00901960	containing-function-fallback	medium	True	ENGINE_IMPLEMENTATION|P1|INFERRED->ENGINE_INTERFACE|P3|CONFIRMED	sdk=IO::XmlWriter::EndProcessingInstruction; containing=00901960(off+64,tail-102,00901960..00901a06,FUN_00901960); xrefs_to=0; bytes=741f84c974178b066894a143018b5018; prologue=False padding=False; neighbors=00901960|00901a10
009019e0	IO::XmlWriter::AppendAttribute	repaired-contained	00901960	containing-function-fallback	medium	True	ENGINE_IMPLEMENTATION|P1|INFERRED->ENGINE_INTERFACE|P3|CONFIRMED	sdk=IO::XmlWriter::AppendAttribute; containing=00901960(off+128,tail-38,00901960..00901a06,FUN_00901960); xrefs_to=0; bytes=068b50186844a143016880a143018bce; prologue=False padding=False; neighbors=00901960|00901a10
00901b40	IO::XmlWriter::WriteCharData	repaired-contained	00901b30	containing-function-fallback	medium	True	ENGINE_IMPLEMENTATION|P1|INFERRED->ENGINE_INTERFACE|P3|CONFIRMED	sdk=IO::XmlWriter::WriteCharData; containing=00901b30(off+16,tail-70,00901b30..00901b86,FUN_00901b30); xrefs_to=0; bytes=ffffff84c0743a8b068b50306a016880; prologue=False padding=False; neighbors=00901b30|00901b90
00901b70	IO::XmlWriter::WriteCDATA	repaired-contained	00901b30	containing-function-fallback	medium	True	ENGINE_IMPLEMENTATION|P1|INFERRED->ENGINE_INTERFACE|P3|CONFIRMED	sdk=IO::XmlWriter::WriteCDATA; containing=00901b30(off+64,tail-22,00901b30..00901b86,FUN_00901b30); xrefs_to=0; bytes=c7460c01000000c6460901b0015ec204; prologue=False padding=False; neighbors=00901b30|00901b90
00901bd0	IO::XmlWriter::WriteName	repaired-contained	00901b90	containing-function-fallback	medium	True	ENGINE_IMPLEMENTATION|P1|INFERRED->ENGINE_INTERFACE|P3|CONFIRMED	sdk=IO::XmlWriter::WriteName; containing=00901b90(off+64,tail-119,00901b90..00901c47,FUN_00901b90); xrefs_to=0; bytes=0b8bcee898feffff84c074668b068b50; prologue=False padding=False; neighbors=00901b90|00901c00
00901dd0	IO::XmlWriter::BeginElement	repaired-contained	00901dc0	containing-function-fallback	medium	True	ENGINE_IMPLEMENTATION|P1|INFERRED->ENGINE_INTERFACE|P3|CONFIRMED	sdk=IO::XmlWriter::BeginElement; containing=00901dc0(off+16,tail-28,00901dc0..00901dec,FUN_00901dc0); xrefs_to=0; bytes=8b018b5008ffd2f644240801740956e8; prologue=False padding=False; neighbors=00901dc0|00901e60
00901e30	IO::XmlWriter::EndElement	adjudicated-dead-address	NULL	no-container-no-callers-no-prologue	low	False	no-triage-row-affected	sdk=IO::XmlWriter::EndElement; containing=NONE(No function found for 0x00901e30); xrefs_to=0; bytes=1089514033c03941400f95c0c3cccccc; prologue=False padding=False; neighbors=00901dc0|00901e60
00901f00	IO::XmlWriter::WriteComment	repaired-contained	00901ec0	containing-function-fallback	medium	True	UNKNOWN|P3|UNKNOWN->ENGINE_INTERFACE|P1|CONFIRMED	sdk=IO::XmlWriter::WriteComment; containing=00901ec0(off+64,tail-134,00901ec0..00901f86,FUN_00901ec0); xrefs_to=0; bytes=db83c424395f08765f8da42400000000; prologue=False padding=False; neighbors=00901ec0|00901f90
00902030	IO::XmlWriter::WriteText	repaired-contained	00902000	containing-function-fallback	medium	True	UNKNOWN|P3|UNKNOWN->ENGINE_INTERFACE|P1|CONFIRMED	sdk=IO::XmlWriter::WriteText; containing=00902000(off+48,tail-124,00902000..009020ac,FUN_00902000); xrefs_to=0; bytes=6a0053e806e78d00c7041fffffffff33; prologue=False padding=False; neighbors=00902000|009020b0
00920320	App::IClassManager::Get	repaired-contained	00920290	containing-function-fallback	medium	True	UNKNOWN|P3|UNKNOWN->ENGINE_INTERFACE|P1|CONFIRMED	sdk=App::IClassManager::Get; containing=00920290(off+144,tail-28,00920290..0092033c,FUN_00920290); xrefs_to=0; bytes=0801760c8b560452e85370620083c404; prologue=False padding=False; neighbors=00920290|00920340
00925f40	IO::GetAllocator	repaired-contained	00925f30	containing-function-fallback	medium	True	UNKNOWN|P3|UNKNOWN->ENGINE_INTERFACE|P1|CONFIRMED	sdk=IO::GetAllocator; containing=00925f30(off+16,tail-29,00925f30..00925f5d,FUN_00925f30); xrefs_to=0; bytes=50148b54240889480889480c89481089; prologue=False padding=False; neighbors=00925f30|00925f60
00926220	FixedPoolAllocator::Alloc_	repaired-contained	009261f0	containing-function-fallback	medium	True	UNKNOWN|P3|UNKNOWN->ENGINE_INTERFACE|P1|CONFIRMED	sdk=FixedPoolAllocator::Alloc_; containing=009261f0(off+48,tail-207,009261f0..009262ef,FUN_009261f0); xrefs_to=0; bytes=008b54240c83fe04721a8d9b00000000; prologue=False padding=False; neighbors=009261f0|009262f0
00926270	IO::EAIOZoneObject::new_	repaired-contained	009261f0	containing-function-fallback	medium	True	UNKNOWN|P3|UNKNOWN->ENGINE_INTERFACE|P1|CONFIRMED	sdk=IO::EAIOZoneObject::new_; containing=009261f0(off+128,tail-127,009261f0..009262ef,FUN_009261f0); xrefs_to=0; bytes=2bc7750f83fe03761e0fb642030fb649; prologue=False padding=False; neighbors=009261f0|009262f0
0092b420	App::CommandLine::Get	repaired-contained	0092b300	containing-function-fallback	medium	True	UNKNOWN|P3|UNKNOWN->ENGINE_INTERFACE|P1|CONFIRMED	sdk=App::CommandLine::Get; containing=0092b300(off+288,tail-166,0092b300..0092b4c6,FUN_0092b300); xrefs_to=0; bytes=276683f93a74278b7c24108b44242040; prologue=False padding=False; neighbors=0092b300|0092b4d0
0092b570	App::CommandLine::FindSwitch	repaired-contained	0092b4d0	containing-function-fallback	medium	True	UNKNOWN|P3|UNKNOWN->ENGINE_INTERFACE|P1|CONFIRMED	sdk=App::CommandLine::FindSwitch; containing=0092b4d0(off+160,tail-121,0092b4d0..0092b5e9,FUN_0092b4d0); xrefs_to=0; bytes=241c463bf172b9807c241300744484db; prologue=False padding=False; neighbors=0092b4d0|0092b5f0
009300d0	IO::ConcatenatePathComponents	repaired-contained	00930070	containing-function-fallback	medium	True	UNKNOWN|P3|UNKNOWN->ENGINE_INTERFACE|P1|CONFIRMED	sdk=IO::ConcatenatePathComponents; containing=00930070(off+96,tail-162,00930070..00930172,FUN_00930070); xrefs_to=0; bytes=33d26685c9742a6683f95c75064283fa; prologue=False padding=False; neighbors=00930070|00930180
00931740	IO::EnsureTrailingPathSeparator	repaired-contained	00931460	containing-function-fallback	medium	True	UNKNOWN|P3|UNKNOWN->ENGINE_INTERFACE|P1|CONFIRMED	sdk=IO::EnsureTrailingPathSeparator; containing=00931460(off+736,tail-35,00931460..00931763,FUN_00931460); xrefs_to=0; bytes=fe83fa027e1385f6740f3b7424187409; prologue=False padding=False; neighbors=00931460|00931770
00931780	IO::FileStream::AddRef	repaired-contained	00931770	containing-function-fallback	medium	True	UNKNOWN|P3|UNKNOWN->ENGINE_INTERFACE|P1|CONFIRMED	sdk=IO::FileStream::AddRef; containing=00931770(off+16,tail-33,00931770..009317a1,FUN_00931770); xrefs_to=0; bytes=f80fb74442fe83f85c740a83f82f7405; prologue=False padding=False; neighbors=00931770|009317b0
00931790	IO::FileStream::Release	repaired-contained	00931770	containing-function-fallback	medium	True	UNKNOWN|P3|UNKNOWN->ENGINE_INTERFACE|P1|CONFIRMED	sdk=IO::FileStream::Release; containing=00931770(off+32,tail-17,00931770..009317a1,FUN_00931770); xrefs_to=0; bytes=83f83a750332c0c36a5ce8714dbcffb0; prologue=False padding=False; neighbors=00931770|009317b0
00931870	IO::FileStream::GetPath	adjudicated-dead-address	NULL	no-container-no-callers-no-prologue	low	False	no-triage-row-affected	sdk=IO::FileStream::GetPath; containing=NONE(No function found for 0x00931870); xrefs_to=0; bytes=3c014881c404010000c208008b018b40; prologue=False padding=False; neighbors=00931810|009318a0
009318c0	IO::FileStream::Open	repaired-contained	009318a0	containing-function-fallback	medium	True	ENGINE_IMPLEMENTATION|P1|INFERRED->ENGINE_INTERFACE|P3|CONFIRMED	sdk=IO::FileStream::Open; containing=009318a0(off+32,tail-37,009318a0..009318e5,FUN_009318a0); xrefs_to=0; bytes=0183c40c33c966894c73fe5e8d47085f; prologue=False padding=False; neighbors=009318a0|009318f0
00931a40	IO::FileStream::Close	adjudicated-tail-alias	NULL	tail-bytes-no-callers	medium	False	no-triage-row-affected	sdk=IO::FileStream::Close; containing=009318f0(off+336,tail-14,009318f0..00931a4e,FUN_009318f0); xrefs_to=0; bytes=c0837e04ff5e0f95c083c40cc2100090; prologue=False padding=False; neighbors=009318f0|00931a70
00931a90	IO::FileStream::GetAccessFlags	repaired-contained	00931a70	containing-function-fallback	medium	True	ENGINE_IMPLEMENTATION|P1|INFERRED->ENGINE_INTERFACE|P3|CONFIRMED	sdk=IO::FileStream::GetAccessFlags; containing=00931a70(off+32,tail-32,00931a70..00931ab0,FUN_00931a70); xrefs_to=0; bytes=0089861802000089861c020000898620; prologue=False padding=False; neighbors=00931a70|00931b70
00931aa0	IO::FileStream::GetState	adjudicated-tail-alias	NULL	tail-bytes-no-callers	medium	False	no-triage-row-affected	sdk=IO::FileStream::GetState; containing=00931a70(off+48,tail-16,00931a70..00931ab0,FUN_00931a70); xrefs_to=0; bytes=020000c78628020000ffffffffb0015e; prologue=False padding=False; neighbors=00931a70|00931b70
00931b40	IO::FileStream::GetSize	adjudicated-dead-address	NULL	no-container-no-callers-no-prologue	low	False	no-triage-row-affected	sdk=IO::FileStream::GetSize; containing=NONE(No function found for 0x00931b40); xrefs_to=0; bytes=f71a93000f1b9300151b93001b1b9300; prologue=False padding=False; neighbors=00931a70|00931b70
00931b90	IO::FileStream::SetSize	repaired-contained	00931b70	containing-function-fallback	medium	True	ENGINE_IMPLEMENTATION|P1|INFERRED->ENGINE_INTERFACE|P3|CONFIRMED	sdk=IO::FileStream::SetSize; containing=00931b70(off+32,tail-42,00931b70..00931bba,FUN_00931b70); xrefs_to=0; bytes=2cc23c0183f8ff741183be28020000fe; prologue=False padding=False; neighbors=00931b70|00931bc0
00931be0	IO::FileStream::GetPosition	repaired-contained	00931bc0	containing-function-fallback	medium	True	ENGINE_IMPLEMENTATION|P1|INFERRED->ENGINE_INTERFACE|P3|CONFIRMED	sdk=IO::FileStream::GetPosition; containing=00931bc0(off+32,tail-37,00931bc0..00931c05,FUN_00931bc0); xrefs_to=0; bytes=8b560452ff1530c23c0185c07406b001; prologue=False padding=False; neighbors=00931bc0|00931c70
00931c40	IO::FileStream::SetPosition	adjudicated-dead-address	NULL	no-container-no-callers-no-prologue	low	False	no-triage-row-affected	sdk=IO::FileStream::SetPosition; containing=NONE(No function found for 0x00931c40); xrefs_to=0; bytes=c23c018bf883ffff74128b168b421c8b; prologue=False padding=False; neighbors=00931bc0|00931c70
00931ca0	IO::FileStream::GetAvailable	repaired-contained	00931c70	containing-function-fallback	medium	True	ENGINE_IMPLEMENTATION|P1|INFERRED->ENGINE_INTERFACE|P3|CONFIRMED	sdk=IO::FileStream::GetAvailable; containing=00931c70(off+48,tail-36,00931c70..00931cc4,FUN_00931c70); xrefs_to=0; bytes=5051ff1534c23c0183f8ff7406b0015e; prologue=False padding=False; neighbors=00931c70|00931ce0
00931cb0	IO::FileStream::Read	repaired-contained	00931c70	containing-function-fallback	medium	True	ENGINE_IMPLEMENTATION|P1|INFERRED->ENGINE_INTERFACE|P3|CONFIRMED	sdk=IO::FileStream::Read; containing=00931c70(off+64,tail-20,00931c70..00931cc4,FUN_00931c70); xrefs_to=0; bytes=c20800ff1528c23c0189862402000032; prologue=False padding=False; neighbors=00931c70|00931ce0
00931d00	IO::FileStream::Write	repaired-contained	00931ce0	containing-function-fallback	medium	True	ENGINE_IMPLEMENTATION|P1|INFERRED->ENGINE_INTERFACE|P3|CONFIRMED	sdk=IO::FileStream::Write; containing=00931ce0(off+32,tail-33,00931ce0..00931d21,FUN_00931ce0); xrefs_to=0; bytes=c23c0185c074088b44240c5ec20800ff; prologue=False padding=False; neighbors=00931ce0|00931d30
00931d40	IO::FileStream::Flush	repaired-contained	00931d30	containing-function-fallback	medium	True	ENGINE_IMPLEMENTATION|P1|INFERRED->ENGINE_INTERFACE|P3|CONFIRMED	sdk=IO::FileStream::Flush; containing=00931d30(off+16,tail-46,00931d30..00931d6e,FUN_00931d30); xrefs_to=0; bytes=008d4c2410518b4c2410525150ff153c; prologue=False padding=False; neighbors=00931d30|00931d70
00931f70	IO::File::Exists	repaired-contained	00931f20	containing-function-fallback	medium	True	UNKNOWN|P3|UNKNOWN->ENGINE_INTERFACE|P1|CONFIRMED	sdk=IO::File::Exists; containing=00931f20(off+80,tail-34,00931f20..00931f92,FUN_00931f20); xrefs_to=0; bytes=56ff1534c23c0156ff1530c23c0156ff; prologue=False padding=False; neighbors=00931f20|00931fa0
00932280	IO::Directory::Exists	repaired-contained	00932220	containing-function-fallback	medium	True	UNKNOWN|P3|UNKNOWN->ENGINE_INTERFACE|P1|CONFIRMED	sdk=IO::Directory::Exists; containing=00932220(off+96,tail-35,00932220..009322a3,FUN_00932220); xrefs_to=0; bytes=83c410b80a00000081c410020000c38b; prologue=False padding=False; neighbors=00932220|009322b0
00932860	IO::Directory::Remove	repaired-contained	009326b0	containing-function-fallback	medium	True	UNKNOWN|P3|UNKNOWN->ENGINE_INTERFACE|P1|CONFIRMED	sdk=IO::Directory::Remove; containing=009326b0(off+432,tail-33,009326b0..00932881,FUN_009326b0); xrefs_to=0; bytes=e82b00000083c40884c074048a5c240f; prologue=False padding=False; neighbors=009326b0|00932890
00932930	IO::Directory::Create	repaired-contained	00932890	containing-function-fallback	medium	True	UNKNOWN|P3|UNKNOWN->ENGINE_INTERFACE|P1|CONFIRMED	sdk=IO::Directory::Create; containing=00932890(off+160,tail-33,00932890..00932951,FUN_00932890); xrefs_to=0; bytes=cf0fb71183c1026685d275f557ff1564; prologue=False padding=False; neighbors=00932890|00932960
00936040	Math::RandomNumberGenerator::RandomFloat	adjudicated-tail-alias	NULL	tail-bytes-no-callers	medium	False	no-triage-row-affected	sdk=Math::RandomNumberGenerator::RandomFloat; containing=00935fb0(off+144,tail-10,00935fb0..0093604a,FUN_00935fb0); xrefs_to=0; bytes=c414c35e8ac15b83c414c3cccccccccc; prologue=False padding=False; neighbors=00935fb0|00936050
0093a110	Clock::SetMode	repaired-contained	00939d40	containing-function-fallback	medium	True	UNKNOWN|P3|UNKNOWN->ENGINE_INTERFACE|P1|CONFIRMED	sdk=Clock::SetMode; containing=00939d40(off+976,tail-131,00939d40..0093a193,FUN_00939d40); xrefs_to=0; bytes=28c1f30f5ec3f30f1105909966010f28; prologue=False padding=False; neighbors=00939d40|0093a1a0
0093a250	Clock::Pause	repaired-contained	0093a1a0	containing-function-fallback	medium	True	UNKNOWN|P3|UNKNOWN->ENGINE_INTERFACE|P1|CONFIRMED	sdk=Clock::Pause; containing=0093a1a0(off+176,tail-104,0093a1a0..0093a2b8,FUN_0093a1a0); xrefs_to=0; bytes=f9d9591483c408c20400f30f10055899; prologue=False padding=False; neighbors=0093a1a0|0093a2e0
0093a310	Clock::GetElapsedTicks	repaired-contained	0093a2e0	containing-function-fallback	medium	True	UNKNOWN|P3|UNKNOWN->ENGINE_INTERFACE|P1|CONFIRMED	sdk=Clock::GetElapsedTicks; containing=0093a2e0(off+48,tail-101,0093a2e0..0093a375,FUN_0093a2e0); xrefs_to=0; bytes=ff15b8c23c018b4424048b5424082b06; prologue=False padding=False; neighbors=0093a2e0|0093a380
0093a550	Clock::GetElapsedTime	adjudicated-tail-alias	NULL	tail-bytes-no-callers	medium	False	no-triage-row-affected	sdk=Clock::GetElapsedTime; containing=0093a510(off+64,tail-12,0093a510..0093a55c,FUN_0093a510); xrefs_to=0; bytes=8b4424088b54240c5e8be55dc3cccccc; prologue=False padding=False; neighbors=0093a510|0093a560
0093a630	IO::ReadUInt8	repaired-contained	0093a610	containing-function-fallback	medium	True	UNKNOWN|P3|UNKNOWN->ENGINE_INTERFACE|P1|CONFIRMED	sdk=IO::ReadUInt8; containing=0093a610(off+32,tail-129,0093a610..0093a6b1,FUN_0093a610); xrefs_to=0; bytes=e8eb0d8bac241c0800003be876028be8; prologue=False padding=False; neighbors=0093a610|0093a6c0
0093a670	IO::ReadUInt16	repaired-contained	0093a610	containing-function-fallback	medium	True	UNKNOWN|P3|UNKNOWN->ENGINE_INTERFACE|P1|CONFIRMED	sdk=IO::ReadUInt16; containing=0093a610(off+96,tail-65,0093a610..0093a6b1,FUN_0093a610); xrefs_to=0; bytes=83feff742f8b8c24180800008b018b40; prologue=False padding=False; neighbors=0093a610|0093a6c0
0093a6f0	IO::ReadInt32	adjudicated-tail-alias	NULL	tail-bytes-no-callers	medium	False	no-triage-row-affected	sdk=IO::ReadInt32; containing=0093a6c0(off+48,tail-1,0093a6c0..0093a6f1,FUN_0093a6c0); xrefs_to=0; bytes=5ec3cccccccccccccccccccccccccccc; prologue=False padding=False; neighbors=0093a6c0|0093a700
0093a770	IO::ReadResourceID	adjudicated-tail-alias	NULL	tail-bytes-no-callers	medium	False	no-triage-row-affected	sdk=IO::ReadResourceID; containing=0093a700(off+112,tail-5,0093a700..0093a775,FUN_0093a700); xrefs_to=0; bytes=145f5e5d5bc3cccccccccccccccccccc; prologue=False padding=False; neighbors=0093a700|0093a780
0093a820	IO::ReadLine	repaired-contained	0093a800	containing-function-fallback	medium	True	UNKNOWN|P3|UNKNOWN->ENGINE_INTERFACE|P1|CONFIRMED	sdk=IO::ReadLine; containing=0093a800(off+32,tail-98,0093a800..0093a882,FUN_0093a800); xrefs_to=0; bytes=740432c05bc38b038b503055568b7424; prologue=False padding=False; neighbors=0093a800|0093a890
0093a910	IO::WriteUInt8	repaired-contained	0093a8b0	containing-function-fallback	medium	True	UNKNOWN|P3|UNKNOWN->ENGINE_INTERFACE|P1|CONFIRMED	sdk=IO::WriteUInt8; containing=0093a8b0(off+96,tail-47,0093a8b0..0093a93f,FUN_0093a8b0); xrefs_to=0; bytes=4085ff740c8b442424483be87303880f; prologue=False padding=False; neighbors=0093a8b0|0093a940
0093a9e0	IO::WriteInt32	repaired-contained	0093a9d0	containing-function-fallback	medium	True	UNKNOWN|P3|UNKNOWN->ENGINE_INTERFACE|P1|CONFIRMED	sdk=IO::WriteInt32; containing=0093a9d0(off+16,tail-137,0093a9d0..0093aa69,FUN_0093a9d0); xrefs_to=0; bytes=068b50108bceffd28b068b50148bceff; prologue=False padding=False; neighbors=0093a9d0|0093aa70
0093aa80	IO::WriteResourceID	repaired-contained	0093aa70	containing-function-fallback	medium	True	UNKNOWN|P3|UNKNOWN->ENGINE_INTERFACE|P1|CONFIRMED	sdk=IO::WriteResourceID; containing=0093aa70(off+16,tail-131,0093aa70..0093ab03,FUN_0093aa70); xrefs_to=0; bytes=068b50108bceffd28b068b50148bceff; prologue=False padding=False; neighbors=0093aa70|0093ab10
0093abf0	IO::ReadBool8	repaired-contained	0093abd0	containing-function-fallback	medium	True	UNKNOWN|P3|UNKNOWN->ENGINE_INTERFACE|P1|CONFIRMED	sdk=IO::ReadBool8; containing=0093abd0(off+32,tail-135,0093abd0..0093ac77,FUN_0093abd0); xrefs_to=0; bytes=b00183feff751033f6803f008bcf741a; prologue=False padding=False; neighbors=0093abd0|0093ac80
0093ada0	IO::StreamBuffer::GetType	adjudicated-tail-alias	NULL	tail-bytes-no-callers	medium	False	no-triage-row-affected	sdk=IO::StreamBuffer::GetType; containing=0093acd0(off+208,tail-5,0093acd0..0093ada5,FUN_0093acd0); xrefs_to=0; bytes=5f83c8ff5ec3cccccccccccccccccccc; prologue=False padding=False; neighbors=0093acd0|0093adb0
0093add0	IO::StreamBuffer::GetState	repaired-contained	0093adb0	containing-function-fallback	medium	False	stable:ENGINE_INTERFACE|P3|CONFIRMED	sdk=IO::StreamBuffer::GetState; containing=0093adb0(off+32,tail-85,0093adb0..0093ae25,IO::StreamBuffer::GetAccessFlags); xrefs_to=0; bytes=d285c074055f32c05dc3538b5c241456; prologue=False padding=False; neighbors=0093adb0|0093ae60
0093adf0	IO::StreamBuffer::GetSize	repaired-contained	0093adb0	containing-function-fallback	medium	False	stable:ENGINE_INTERFACE|P3|CONFIRMED	sdk=IO::StreamBuffer::GetSize; containing=0093adb0(off+64,tail-53,0093adb0..0093ae25,IO::StreamBuffer::GetAccessFlags); xrefs_to=0; bytes=7407404680380075f9556a018d442428; prologue=False padding=False; neighbors=0093adb0|0093ae60
0093ae20	IO::StreamBuffer::GetPosition	adjudicated-tail-alias	NULL	tail-bytes-no-callers	medium	False	no-triage-row-affected	sdk=IO::StreamBuffer::GetPosition; containing=0093adb0(off+112,tail-5,0093adb0..0093ae25,IO::StreamBuffer::GetAccessFlags); xrefs_to=0; bytes=d05e5b5f5dc3cccccccccccccccccccc; prologue=False padding=False; neighbors=0093adb0|0093ae60
0093aed0	IO::StreamBuffer::SetBufferSizes	repaired-contained	0093aeb0	containing-function-fallback	medium	True	ENGINE_IMPLEMENTATION|P1|INFERRED->ENGINE_INTERFACE|P3|CONFIRMED	sdk=IO::StreamBuffer::SetBufferSizes; containing=0093aeb0(off+32,tail-28,0093aeb0..0093aeec,FUN_0093aeb0); xrefs_to=0; bytes=501cffd28b4e0c2bc88bc15ec204008b; prologue=False padding=False; neighbors=0093aeb0|0093aef0
0093b010	IO::StreamBuffer::SetPosition	repaired-contained	0093afc0	containing-function-fallback	medium	False	stable:ENGINE_INTERFACE|P3|CONFIRMED	sdk=IO::StreamBuffer::SetPosition; containing=0093afc0(off+80,tail-59,0093afc0..0093b04b,IO::StreamBuffer::SetSize); xrefs_to=0; bytes=5f248b0d448b6c016a0085db750c5353; prologue=False padding=False; neighbors=0093afc0|0093b050
0093b0b0	IO::StreamBuffer::Read	repaired-contained	0093b0a0	containing-function-fallback	medium	True	ENGINE_IMPLEMENTATION|P1|INFERRED->ENGINE_INTERFACE|P3|CONFIRMED	sdk=IO::StreamBuffer::Read; containing=0093b0a0(off+16,tail-143,0093b0a0..0093b13f,FUN_0093b0a0); xrefs_to=0; bytes=8b4424105783f80175098b7c2410037e; prologue=False padding=False; neighbors=0093b0a0|0093b310
0093b270	IO::StreamBuffer::Flush	adjudicated-dead-address	NULL	no-container-no-callers-no-prologue	low	False	no-triage-row-affected	sdk=IO::StreamBuffer::Flush; containing=NONE(No function found for 0x0093b270); xrefs_to=0; bytes=2bc55d5f5e59c208008b4424105550ff; prologue=False padding=False; neighbors=0093b0a0|0093b310
0093b280	IO::StreamBuffer::FillWriteBuffer	adjudicated-dead-address	NULL	no-container-no-callers-no-prologue	low	False	no-triage-row-affected	sdk=IO::StreamBuffer::FillWriteBuffer; containing=NONE(No function found for 0x0093b280); xrefs_to=0; bytes=d283f8ff740801461001460c2be88b44; prologue=False padding=False; neighbors=0093b0a0|0093b310
0093b330	IO::StreamBuffer::SetStream	repaired-contained	0093b310	containing-function-fallback	medium	True	UNKNOWN|P3|UNKNOWN->ENGINE_INTERFACE|P1|CONFIRMED	sdk=IO::StreamBuffer::SetStream; containing=0093b310(off+32,tail-131,0093b310..0093b3b3,FUN_0093b310); xrefs_to=0; bytes=2c8d14283b562877208b4c24148b5624; prologue=False padding=False; neighbors=0093b310|0093b3c0
0093b400	IO::StreamBuffer::Write	repaired-contained	0093b3c0	containing-function-fallback	medium	False	stable:ENGINE_INTERFACE|P3|CONFIRMED	sdk=IO::StreamBuffer::Write; containing=0093b3c0(off+64,tail-73,0093b3c0..0093b449,IO::StreamBuffer::Close); xrefs_to=0; bytes=cfffd28b078b50108bcfffd285c07412; prologue=False padding=False; neighbors=0093b3c0|0093b450
0093b640	IO::StreamChild::GetState	repaired-contained	0093b630	containing-function-fallback	medium	False	stable:ENGINE_INTERFACE|P3|CONFIRMED	sdk=IO::StreamChild::GetState; containing=0093b630(off+16,tail-86,0093b630..0093b696,UTFWin::ImageDrawable::GetImageDrawableFlags); xrefs_to=0; bytes=ff744c8b078b50108bcfffd2a801743f; prologue=False padding=False; neighbors=0093b630|0093b6c0
0093b660	IO::StreamChild::GetPosition	repaired-contained	0093b630	containing-function-fallback	medium	False	stable:ENGINE_INTERFACE|P3|CONFIRMED	sdk=IO::StreamChild::GetPosition; containing=0093b630(off+48,tail-54,0093b630..0093b696,UTFWin::ImageDrawable::GetImageDrawableFlags); xrefs_to=0; bytes=188d1c113bc873273bd877233bd9721f; prologue=False padding=False; neighbors=0093b630|0093b6c0
0093b670	IO::StreamChild::SetPosition	repaired-contained	0093b630	containing-function-fallback	medium	False	stable:ENGINE_INTERFACE|P3|CONFIRMED	sdk=IO::StreamChild::SetPosition; containing=0093b630(off+64,tail-38,0093b630..0093b696,UTFWin::ImageDrawable::GetImageDrawableFlags); xrefs_to=0; bytes=897e0c5fc7460801000000894e10c746; prologue=False padding=False; neighbors=0093b630|0093b6c0
0093b840	IO::FixedMemoryStream::GetType	adjudicated-tail-alias	NULL	tail-bytes-no-callers	medium	False	no-triage-row-affected	sdk=IO::FixedMemoryStream::GetType; containing=0093b820(off+32,tail-15,0093b820..0093b84f,IO::MemoryStream::Release); xrefs_to=0; bytes=0100008bb4241c0100008d9b00000000; prologue=False padding=False; neighbors=0093b820|0093b850
0093b870	IO::FixedMemoryStream::SetSize	repaired-contained	0093b850	containing-function-fallback	medium	False	stable:ENGINE_INTERFACE|P3|CONFIRMED	sdk=IO::FixedMemoryStream::SetSize; containing=0093b850(off+32,tail-56,0093b850..0093b8a8,IO::FixedMemoryStream::SetData); xrefs_to=0; bytes=3883c4182bf88d34468b442410508d4c; prologue=False padding=False; neighbors=0093b850|0093b8e0
0093b890	IO::MemoryStream::GetPosition	repaired-contained	0093b850	containing-function-fallback	medium	False	stable:ENGINE_INTERFACE|P3|CONFIRMED	sdk=IO::MemoryStream::GetPosition; containing=0093b850(off+64,tail-24,0093b850..0093b8a8,IO::FixedMemoryStream::SetData); xrefs_to=0; bytes=5e5db0015b81c404010000c35f5e5d32; prologue=False padding=False; neighbors=0093b850|0093b8e0
0093b8c0	IO::FixedMemoryStream::SetPosition	adjudicated-dead-address	NULL	no-container-no-callers-no-prologue	low	False	no-triage-row-affected	sdk=IO::FixedMemoryStream::SetPosition; containing=NONE(No function found for 0x0093b8c0); xrefs_to=0; bytes=106a01ffd233c0c3cccccccccccccccc; prologue=False padding=False; neighbors=0093b850|0093b8e0
0093b910	IO::FixedMemoryStream::Read	adjudicated-dead-address	NULL	no-container-no-callers-no-prologue	low	False	no-triage-row-affected	sdk=IO::FixedMemoryStream::Read; containing=NONE(No function found for 0x0093b910); xrefs_to=0; bytes=03894114b001c2040032c0c20400cccc; prologue=False padding=False; neighbors=0093b8e0|0093b920
0093b9f0	IO::MemoryStream::GetType	repaired-contained	0093b9e0	containing-function-fallback	medium	True	ENGINE_IMPLEMENTATION|P1|INFERRED->ENGINE_INTERFACE|P3|CONFIRMED	sdk=IO::MemoryStream::GetType; containing=0093b9e0(off+16,tail-67,0093b9e0..0093ba33,FUN_0093b9e0); xrefs_to=0; bytes=0c18578bfb3b4e1076078b7e0c2bf8eb; prologue=False padding=False; neighbors=0093b9e0|0093ba40
0093ba00	IO::MemoryStream::GetAccessFlags	repaired-contained	0093b9e0	containing-function-fallback	medium	True	ENGINE_IMPLEMENTATION|P1|INFERRED->ENGINE_INTERFACE|P3|CONFIRMED	sdk=IO::MemoryStream::GetAccessFlags; containing=0093b9e0(off+32,tail-51,0093b9e0..0093ba33,FUN_0093b9e0); xrefs_to=0; bytes=08394e0c7303894e0c8b4c24108b5604; prologue=False padding=False; neighbors=0093b9e0|0093ba40
0093ba10	IO::MemoryStream::GetAvailable	repaired-contained	0093b9e0	containing-function-fallback	medium	True	ENGINE_IMPLEMENTATION|P1|INFERRED->ENGINE_INTERFACE|P3|CONFIRMED	sdk=IO::MemoryStream::GetAvailable; containing=0093b9e0(off+48,tail-35,0093b9e0..0093ba33,FUN_0093b9e0); xrefs_to=0; bytes=575103d052e82a4d8a00017e1483c40c; prologue=False padding=False; neighbors=0093b9e0|0093ba40
0093ba20	IO::MemoryStream::GetOption	repaired-contained	0093b9e0	containing-function-fallback	medium	True	ENGINE_IMPLEMENTATION|P1|INFERRED->ENGINE_INTERFACE|P3|CONFIRMED	sdk=IO::MemoryStream::GetOption; containing=0093b9e0(off+64,tail-19,0093b9e0..0093ba33,FUN_0093b9e0); xrefs_to=0; bytes=33c03bfb5f5e0f94c05bc208005eb001; prologue=False padding=False; neighbors=0093b9e0|0093ba40
0093bb60	IO::MemoryStream::Read	repaired-contained	0093bb40	containing-function-fallback	medium	True	UNKNOWN|P3|UNKNOWN->ENGINE_INTERFACE|P1|CONFIRMED	sdk=IO::MemoryStream::Read; containing=0093bb40(off+32,tail-121,0093bb40..0093bbd9,FUN_0093bb40); xrefs_to=0; bytes=48019ff6c4447b0bb801000000884118; prologue=False padding=False; neighbors=0093bb40|0093bc40
0093bda0	IO::MemoryStream::SetDataRaw	repaired-contained	0093bd90	containing-function-fallback	medium	True	ENGINE_IMPLEMENTATION|P1|INFERRED->ENGINE_INTERFACE|P3|CONFIRMED	sdk=IO::MemoryStream::SetDataRaw; containing=0093bd90(off+16,tail-56,0093bd90..0093bdd8,FUN_0093bd90); xrefs_to=0; bytes=70eb430174108b4e0c8b018b56108b40; prologue=False padding=False; neighbors=0093bd90|0093bde0
0093bee0	IO::MemoryStream::SetData	repaired-contained	0093be30	containing-function-fallback	medium	True	UNKNOWN|P3|UNKNOWN->ENGINE_INTERFACE|P1|CONFIRMED	sdk=IO::MemoryStream::SetData; containing=0093be30(off+176,tail-143,0093be30..0093bf6f,FUN_0093be30); xrefs_to=0; bytes=241c6a00566a18e8f4a0feff83c40c85; prologue=False padding=False; neighbors=0093be30|0093bf70
0093c030	IO::MemoryStream::SetPosition	repaired-contained	0093c000	containing-function-fallback	medium	True	UNKNOWN|P3|UNKNOWN->ENGINE_INTERFACE|P1|CONFIRMED	sdk=IO::MemoryStream::SetPosition; containing=0093c000(off+48,tail-136,0093c000..0093c0b8,FUN_0093c000); xrefs_to=0; bytes=c0741f6a0056538bc8e8b2fcffff8bf0; prologue=False padding=False; neighbors=0093c000|0093c0c0
0093c290	IO::MemoryStream::Close	repaired-contained	0093c270	containing-function-fallback	medium	True	UNKNOWN|P3|UNKNOWN->ENGINE_INTERFACE|P1|CONFIRMED	sdk=IO::MemoryStream::Close; containing=0093c270(off+32,tail-46,0093c270..0093c2be,FUN_0093c270); xrefs_to=0; bytes=894610894614884618884619f30f1146; prologue=False padding=False; neighbors=0093c270|0093c2c0
0093c2e0	IO::MemoryStream::SetSize	repaired-contained	0093c2c0	containing-function-fallback	medium	True	UNKNOWN|P3|UNKNOWN->ENGINE_INTERFACE|P1|CONFIRMED	sdk=IO::MemoryStream::SetSize; containing=0093c2c0(off+32,tail-61,0093c2c0..0093c31d,FUN_0093c2c0); xrefs_to=0; bytes=894610894614884618884619f30f1146; prologue=False padding=False; neighbors=0093c2c0|0093c370
0093c340	IO::StreamNull::GetType	adjudicated-dead-address	NULL	no-container-no-callers-no-prologue	low	False	no-triage-row-affected	sdk=IO::StreamNull::GetType; containing=NONE(No function found for 0x0093c340); xrefs_to=0; bytes=7513ba0100000087103bcf74088b018b; prologue=False padding=False; neighbors=0093c2c0|0093c370
0093c350	IO::StreamNull::AddRef	adjudicated-dead-address	NULL	no-container-no-callers-no-prologue	low	False	no-triage-row-affected	sdk=IO::StreamNull::AddRef; containing=NONE(No function found for 0x0093c350); xrefs_to=0; bytes=106a01ffd2897e04897e10897e0c897e; prologue=False padding=False; neighbors=0093c2c0|0093c370
0093c360	IO::StreamChild::Release;IO::StreamNull::Release	adjudicated-dead-address	NULL	no-container-no-callers-no-prologue	low	False	no-triage-row-affected	sdk=IO::StreamChild::Release;IO::StreamNull::Release; containing=NONE(No function found for 0x0093c360); xrefs_to=0; bytes=145fb0015e59c3cccccccccccccccccc; prologue=False padding=False; neighbors=0093c2c0|0093c370
0093c380	IO::StreamNull::GetAvailable	repaired-contained	0093c370	containing-function-fallback	medium	True	ENGINE_IMPLEMENTATION|P1|INFERRED->ENGINE_INTERFACE|P3|CONFIRMED	sdk=IO::StreamNull::GetAvailable; containing=0093c370(off+16,tail-65,0093c370..0093c3c1,FUN_0093c370); xrefs_to=0; bytes=4e0c578b7c240cb0013bf97430807e18; prologue=False padding=False; neighbors=0093c370|0093c3e0
0093c390	IO::StreamNull::Read	repaired-contained	0093c370	containing-function-fallback	medium	True	ENGINE_IMPLEMENTATION|P1|INFERRED->ENGINE_INTERFACE|P3|CONFIRMED	sdk=IO::StreamNull::Read; containing=0093c370(off+32,tail-49,0093c370..0093c3c1,FUN_0093c370); xrefs_to=0; bytes=0074283bf97310897e0c397e14761e89; prologue=False padding=False; neighbors=0093c370|0093c3e0
0093daf0	App::Property::Clear	repaired-contained	0093d740	containing-function-fallback	medium	True	UNKNOWN|P3|UNKNOWN->ENGINE_INTERFACE|P1|CONFIRMED	sdk=App::Property::Clear; containing=0093d740(off+944,tail-129,0093d740..0093db71,FUN_0093d740); xrefs_to=0; bytes=012bf3d1fef7de03f683c40c0177048b; prologue=False padding=False; neighbors=0093d740|0093db80
0093dcf0	App::Property::Set	repaired-contained	0093dcc0	containing-function-fallback	medium	True	UNKNOWN|P3|UNKNOWN->ENGINE_INTERFACE|P1|CONFIRMED	sdk=App::Property::Set; containing=0093dcc0(off+48,tail-128,0093dcc0..0093dd70,FUN_0093dcc0); xrefs_to=0; bytes=6a0053e8462a8a00c7041fffffffff33; prologue=False padding=False; neighbors=0093dcc0|0093dd80
00950e00	UTFWin::VariableWidthDrawable::UseCollision	repaired-contained	00950bb0	containing-function-fallback	medium	True	ENGINE_IMPLEMENTATION|P1|INFERRED->ENGINE_INTERFACE|P3|CONFIRMED	sdk=UTFWin::VariableWidthDrawable::UseCollision; containing=00950bb0(off+592,tail-37,00950bb0..00950e25,FUN_00950bb0); xrefs_to=0; bytes=188b078b5068518bcfffd25f32c05ec2; prologue=False padding=False; neighbors=00950bb0|00950ea0
00950e50	UTFWin::InteractiveWinProc::HandleUIMessage	adjudicated-dead-address	NULL	no-container-no-callers-no-prologue	low	False	no-triage-row-affected	sdk=UTFWin::InteractiveWinProc::HandleUIMessage; containing=NONE(No function found for 0x00950e50); xrefs_to=0; bytes=090d95001f0d9500f30d9500f30d9500; prologue=False padding=False; neighbors=00950bb0|00950ea0
00951190	UTFWin::VariableWidthDrawable::GetDimensions	repaired-contained	00950ef0	containing-function-fallback	medium	True	ENGINE_IMPLEMENTATION|P1|INFERRED->ENGINE_INTERFACE|P3|CONFIRMED	sdk=UTFWin::VariableWidthDrawable::GetDimensions; containing=00950ef0(off+672,tail-26,00950ef0..009511aa,FUN_00950ef0); xrefs_to=0; bytes=0081fa0110000075ca8b118b4424088b; prologue=False padding=False; neighbors=00950ef0|00951220
00951290	UTFWin::UTFWinObject::delete_	repaired-contained	00951280	containing-function-fallback	medium	True	ENGINE_IMPLEMENTATION|P1|INFERRED->ENGINE_INTERFACE|P3|CONFIRMED	sdk=UTFWin::UTFWinObject::delete_; containing=00951280(off+16,tail-21,00951280..009512a5,FUN_00951280); xrefs_to=0; bytes=01c74608010000008b118b4214ffd089; prologue=False padding=False; neighbors=00951280|009512b0
00957540	UTFWin::Image::GetProxyID	adjudicated-tail-alias	NULL	tail-bytes-no-callers	medium	False	no-triage-row-affected	sdk=UTFWin::Image::GetProxyID; containing=00957530(off+16,tail-9,00957530..00957549,FUN_00957530); xrefs_to=0; bytes=d2c74604000000005ec3cccccccccccc; prologue=False padding=False; neighbors=00957530|009575b0
0095bb70	UTFWin::UIRenderer::GetGraphics2D	adjudicated-tail-alias	NULL	tail-bytes-no-callers	medium	False	no-triage-row-affected	sdk=UTFWin::UIRenderer::GetGraphics2D; containing=0095bb20(off+80,tail-6,0095bb20..0095bb76,FUN_0095bb20); xrefs_to=0; bytes=fe0c5f5e5d5bc3cccccccccccccccccc; prologue=False padding=False; neighbors=0095bb20|0095bb80
0095c550	UTFWin::Graphics2D::DrawTiledImage	repaired-contained	0095c420	containing-function-fallback	medium	True	UNKNOWN|P3|UNKNOWN->ENGINE_INTERFACE|P1|CONFIRMED	sdk=UTFWin::Graphics2D::DrawTiledImage; containing=0095c420(off+304,tail-158,0095c420..0095c5ee,FUN_0095c420); xrefs_to=0; bytes=f30f105608538b5c24388d9b00000000; prologue=False padding=False; neighbors=0095c420|0095c5f0
0095c9a0	UTFWin::Graphics2D::DrawSlicedTiledImage	repaired-contained	0095c920	containing-function-fallback	medium	True	UNKNOWN|P3|UNKNOWN->ENGINE_INTERFACE|P1|CONFIRMED	sdk=UTFWin::Graphics2D::DrawSlicedTiledImage; containing=0095c920(off+128,tail-153,0095c920..0095ca39,FUN_0095c920); xrefs_to=0; bytes=623f8800d84c242cd8442438f30f104c; prologue=False padding=False; neighbors=0095c920|0095ca40
0095cf60	UTFWin::Graphics2D::DrawSlicedStretchedImage	repaired-contained	0095ca40	containing-function-fallback	medium	True	UNKNOWN|P3|UNKNOWN->ENGINE_INTERFACE|P1|CONFIRMED	sdk=UTFWin::Graphics2D::DrawSlicedStretchedImage; containing=0095ca40(off+1312,tail-149,0095ca40..0095cff5,FUN_0095ca40); xrefs_to=0; bytes=11442444f30f1046088d4c244051f30f; prologue=False padding=False; neighbors=0095ca40|0095d000
0095f930	UTFWin::Window::GetParent	repaired-contained	0095f8c0	containing-function-fallback	medium	True	UNKNOWN|P3|UNKNOWN->ENGINE_INTERFACE|P1|CONFIRMED	sdk=UTFWin::Window::GetParent; containing=0095f8c0(off+112,tail-45,0095f8c0..0095f95d,FUN_0095f8c0); xrefs_to=0; bytes=c1ea0803d781e6ff0000ff0bc60bc241; prologue=False padding=False; neighbors=0095f8c0|0095f960
0095f940	UTFWin::Window::GetShadeColor	repaired-contained	0095f8c0	containing-function-fallback	medium	True	UNKNOWN|P3|UNKNOWN->ENGINE_INTERFACE|P1|CONFIRMED	sdk=UTFWin::Window::GetShadeColor; containing=0095f8c0(off+128,tail-29,0095f8c0..0095f95d,FUN_0095f8c0); xrefs_to=0; bytes=8bd181e200ffffffc1e10803d1c1e208; prologue=False padding=False; neighbors=0095f8c0|0095f960
0095f950	UTFWin::Window::GetArea	adjudicated-tail-alias	NULL	tail-bytes-no-callers	medium	False	no-triage-row-affected	sdk=UTFWin::Window::GetArea; containing=0095f8c0(off+144,tail-13,0095f8c0..0095f95d,FUN_0095f8c0); xrefs_to=0; bytes=c1e80881e2000000ff5f0bc25ec3cccc; prologue=False padding=False; neighbors=0095f8c0|0095f960
0095f970	UTFWin::Window::func17	repaired-contained	0095f960	containing-function-fallback	medium	False	stable:ENGINE_INTERFACE|P0|CONFIRMED	sdk=UTFWin::Window::func17; containing=0095f960(off+16,tail-28,0095f960..0095f98c,UTFWin::Window::GetRealArea); xrefs_to=0; bytes=8283c5ee741481f91882eeee750a85c0; prologue=False padding=False; neighbors=0095f960|0095f990
0095f980	UTFWin::Window::SetControlID	adjudicated-tail-alias	NULL	tail-bytes-no-callers	medium	False	no-triage-row-affected	sdk=UTFWin::Window::SetControlID; containing=0095f960(off+32,tail-12,0095f960..0095f98c,UTFWin::Window::GetRealArea); xrefs_to=0; bytes=740683c004c2040033c0c20400cccccc; prologue=False padding=False; neighbors=0095f960|0095f990
0095f9b0	UTFWin::Window::GetTextFontID	repaired-contained	0095f9a0	containing-function-fallback	medium	False	stable:ENGINE_INTERFACE|P0|CONFIRMED	sdk=UTFWin::Window::GetTextFontID; containing=0095f9a0(off+16,tail-25,0095f9a0..0095f9c9,UTFWin::Window::SetTextFontID); xrefs_to=0; bytes=ba01000000f00fc11085c974098b018b; prologue=False padding=False; neighbors=0095f9a0|0095fa00
0095f9c0	UTFWin::Window::SetFillColor	adjudicated-tail-alias	NULL	tail-bytes-no-callers	medium	False	no-triage-row-affected	sdk=UTFWin::Window::SetFillColor; containing=0095f9a0(off+32,tail-9,0095f9a0..0095f9c9,UTFWin::Window::SetTextFontID); xrefs_to=0; bytes=50086a01ffd28bc65ec3cccccccccccc; prologue=False padding=False; neighbors=0095f9a0|0095fa00
0095fa80	UTFWin::Window::func63	repaired-contained	0095fa60	containing-function-fallback	medium	True	ENGINE_IMPLEMENTATION|P1|INFERRED->ENGINE_INTERFACE|P3|CONFIRMED	sdk=UTFWin::Window::func63; containing=0095fa60(off+32,tail-66,0095fa60..0095fac2,FUN_0095fa60); xrefs_to=0; bytes=ffd28b4e3085c974338d46fc8bd0f7da; prologue=False padding=False; neighbors=0095fa60|0095fad0
0095fac0	UTFWin::Window::func64	adjudicated-tail-alias	NULL	tail-bytes-no-callers	medium	False	no-triage-row-affected	sdk=UTFWin::Window::func64; containing=0095fa60(off+96,tail-2,0095fa60..0095fac2,FUN_0095fa60); xrefs_to=0; bytes=c20400cccccccccccccccccccccccccc; prologue=False padding=False; neighbors=0095fa60|0095fad0
0095fcb0	UTFWin::Window::func18	adjudicated-tail-alias	NULL	tail-bytes-no-callers	medium	False	no-triage-row-affected	sdk=UTFWin::Window::func18; containing=0095fc50(off+96,tail-4,0095fc50..0095fcb4,FUN_0095fc50); xrefs_to=0; bytes=af5e5f5bc3cccccccccccccccccccccc; prologue=False padding=False; neighbors=0095fc50|0095fcc0
0095fd20	UTFWin::Window::SetShadeColor	repaired-contained	0095fcc0	containing-function-fallback	medium	False	stable:ENGINE_INTERFACE|P3|CONFIRMED	sdk=UTFWin::Window::SetShadeColor; containing=0095fcc0(off+96,tail-37,0095fcc0..0095fd45,UTFWin::Window::SetState); xrefs_to=0; bytes=75128b4424188b00894424183b442410; prologue=False padding=False; neighbors=0095fcc0|0095fd60
0095fda0	UTFWin::Window::SetArea	repaired-contained	0095fd60	containing-function-fallback	medium	False	stable:ENGINE_INTERFACE|P0|CONFIRMED	sdk=UTFWin::Window::SetArea; containing=0095fd60(off+64,tail-22,0095fd60..0095fdb6,UTFWin::Window::func35); xrefs_to=0; bytes=0000740c8b068b90900000008bceffd2; prologue=False padding=False; neighbors=0095fd60|0095fdc0
0095fe20	UTFWin::Window::SetLocation	adjudicated-dead-address	NULL	no-container-no-callers-no-prologue	low	False	no-triage-row-affected	sdk=UTFWin::Window::SetLocation; containing=NONE(No function found for 0x0095fe20); xrefs_to=0; bytes=b3e001000085ff74098b078b50048bcf; prologue=False padding=False; neighbors=0095fdc0|0095fe40
0095fe80	UTFWin::Window::SetSize	repaired-contained	0095fe40	containing-function-fallback	medium	True	ENGINE_IMPLEMENTATION|P1|INFERRED->ENGINE_INTERFACE|P3|CONFIRMED	sdk=UTFWin::Window::SetSize; containing=0095fe40(off+64,tail-62,0095fe40..0095febe,FUN_0095fe40); xrefs_to=0; bytes=89a00000000f2e4a0c9ff6c4447b2df3; prologue=False padding=False; neighbors=0095fe40|0095fec0
0095fed0	UTFWin::Window::SetLayoutLocation	repaired-contained	0095fec0	containing-function-fallback	medium	True	ENGINE_IMPLEMENTATION|P1|INFERRED->ENGINE_INTERFACE|P3|CONFIRMED	sdk=UTFWin::Window::SetLayoutLocation; containing=0095fec0(off+16,tail-78,0095fec0..0095ff1e,FUN_0095fec0); xrefs_to=0; bytes=00f30f5c9194000000f30f104c24188b; prologue=False padding=False; neighbors=0095fec0|0095ff20
0095ff30	UTFWin::Window::SetLayoutSize	repaired-contained	0095ff20	containing-function-fallback	medium	True	ENGINE_IMPLEMENTATION|P1|INFERRED->ENGINE_INTERFACE|P3|CONFIRMED	sdk=UTFWin::Window::SetLayoutSize; containing=0095ff20(off+16,tail-54,0095ff20..0095ff66,FUN_0095ff20); xrefs_to=0; bytes=0000008b018b40608d1424f30f110424; prologue=False padding=False; neighbors=0095ff20|0095ff70
0095ff80	UTFWin::Window::SetCursorID	repaired-contained	0095ff70	containing-function-fallback	medium	True	ENGINE_IMPLEMENTATION|P1|INFERRED->ENGINE_INTERFACE|P3|CONFIRMED	sdk=UTFWin::Window::SetCursorID; containing=0095ff70(off+16,tail-78,0095ff70..0095ffce,FUN_0095ff70); xrefs_to=0; bytes=00f30f5c9184000000f30f104c24188b; prologue=False padding=False; neighbors=0095ff70|0095ffd0
0095ffb0	UTFWin::Window::func34	repaired-contained	0095ff70	containing-function-fallback	medium	True	ENGINE_IMPLEMENTATION|P1|INFERRED->ENGINE_INTERFACE|P3|CONFIRMED	sdk=UTFWin::Window::func34; containing=0095ff70(off+64,tail-30,0095ff70..0095ffce,FUN_0095ff70); xrefs_to=0; bytes=f30f58c152f30f114c2408f30f115424; prologue=False padding=False; neighbors=0095ff70|0095ffd0
00960000	UTFWin::Window::Invalidate	repaired-contained	0095ffd0	containing-function-fallback	medium	True	ENGINE_IMPLEMENTATION|P1|INFERRED->ENGINE_INTERFACE|P3|CONFIRMED	sdk=UTFWin::Window::Invalidate; containing=0095ffd0(off+48,tail-22,0095ffd0..00960016,FUN_0095ffd0); xrefs_to=0; bytes=241852f30f1144240cf30f114c2410ff; prologue=False padding=False; neighbors=0095ffd0|00960020
00960030	UTFWin::Window::InvalidateTransform	repaired-contained	00960020	containing-function-fallback	medium	True	ENGINE_IMPLEMENTATION|P1|INFERRED->ENGINE_INTERFACE|P3|CONFIRMED	sdk=UTFWin::Window::InvalidateTransform; containing=00960020(off+16,tail-25,00960020..00960049,FUN_00960020); xrefs_to=0; bytes=a40000008b483085c9740c83c0fc8944; prologue=False padding=False; neighbors=00960020|00960050
00960060	UTFWin::Window::ToGlobalCoordinates	repaired-contained	00960050	containing-function-fallback	medium	False	stable:ENGINE_INTERFACE|P0|CONFIRMED	sdk=UTFWin::Window::ToGlobalCoordinates; containing=00960050(off+16,tail-59,00960050..0096009b,UTFWin::Window::GetDrawable); xrefs_to=0; bytes=538b9fe40100003bf3741f85f674088b; prologue=True padding=False; neighbors=00960050|009600f0
009600e0	UTFWin::Window::ToLocalCoordinates	adjudicated-dead-address	NULL	no-container-no-callers-no-prologue	low	False	no-triage-row-affected	sdk=UTFWin::Window::ToLocalCoordinates; containing=NONE(No function found for 0x009600e0); xrefs_to=0; bytes=ffffc3cccccccccccccccccccccccccc; prologue=False padding=False; neighbors=00960050|009600f0
00960140	UTFWin::Window::LocateChild	repaired-contained	00960100	containing-function-fallback	medium	True	ENGINE_IMPLEMENTATION|P1|INFERRED->ENGINE_INTERFACE|P3|CONFIRMED	sdk=UTFWin::Window::LocateChild; containing=00960100(off+64,tail-63,00960100..0096017f,FUN_00960100); xrefs_to=0; bytes=508d4c2414f30f1144240c0f57c0518d; prologue=False padding=False; neighbors=00960100|009601e0
00960190	UTFWin::Window::DisposeWindowFamily	adjudicated-dead-address	NULL	no-container-no-callers-no-prologue	low	False	no-triage-row-affected	sdk=UTFWin::Window::DisposeWindowFamily; containing=NONE(No function found for 0x00960190); xrefs_to=0; bytes=8bc4f30f1100f30f10442420f30f1140; prologue=False padding=False; neighbors=00960100|009601e0
00960220	UTFWin::Window::func68	adjudicated-tail-alias	NULL	tail-bytes-no-callers	medium	False	no-triage-row-affected	sdk=UTFWin::Window::func68; containing=009601e0(off+64,tail-6,009601e0..00960226,UTFWin::Window::DisposeAllWindowFamilies); xrefs_to=0; bytes=24048908c20800cccccccccccccccccc; prologue=False padding=False; neighbors=009601e0|00960250
00960270	UTFWin::Window::OnPaint	adjudicated-tail-alias	NULL	tail-bytes-no-callers	medium	False	no-triage-row-affected	sdk=UTFWin::Window::OnPaint; containing=00960250(off+32,tail-7,00960250..00960277,UTFWin::Window::SendMsg); xrefs_to=0; bytes=ceffd05f5ec20400cccccccccccccccc; prologue=False padding=False; neighbors=00960250|00960280
00960370	UTFWin::Window::DoMessage	repaired-contained	00960310	containing-function-fallback	medium	True	ENGINE_IMPLEMENTATION|P1|INFERRED->ENGINE_INTERFACE|P3|CONFIRMED	sdk=UTFWin::Window::DoMessage; containing=00960310(off+96,tail-155,00960310..0096040b,FUN_00960310); xrefs_to=0; bytes=000000f30f11442408d95424048bcfd9; prologue=False padding=False; neighbors=00960310|00960410
00960480	UTFWin::Window::SetSerializer	repaired-contained	00960410	containing-function-fallback	medium	True	ENGINE_IMPLEMENTATION|P1|INFERRED->ENGINE_INTERFACE|P3|CONFIRMED	sdk=UTFWin::Window::SetSerializer; containing=00960410(off+112,tail-150,00960410..00960516,FUN_00960410); xrefs_to=0; bytes=c20f84870000000f57c0f30f1144241c; prologue=False padding=False; neighbors=00960410|00960520
00960820	UTFWin::Window::SetLayoutArea	repaired-contained	00960650	containing-function-fallback	medium	True	UNKNOWN|P3|UNKNOWN->ENGINE_INTERFACE|P1|CONFIRMED	sdk=UTFWin::Window::SetLayoutArea; containing=00960650(off+464,tail-31,00960650..0096083f,FUN_00960650); xrefs_to=0; bytes=3bc2741333d28b088d74241889500489; prologue=False padding=False; neighbors=00960650|009608c0
00960910	UTFWin::Window::Revalidate	repaired-contained	009608c0	containing-function-fallback	medium	True	ENGINE_IMPLEMENTATION|P1|INFERRED->ENGINE_INTERFACE|P3|CONFIRMED	sdk=UTFWin::Window::Revalidate; containing=009608c0(off+80,tail-145,009608c0..009609a1,FUN_009608c0); xrefs_to=0; bytes=008b6b60f30f1144241cf30f1040048d; prologue=False padding=False; neighbors=009608c0|009609b0
00960e80	UTFWin::Window::SetDrawable	repaired-contained	00960be0	containing-function-fallback	medium	True	UNKNOWN|P3|UNKNOWN->ENGINE_INTERFACE|P1|CONFIRMED	sdk=UTFWin::Window::SetDrawable; containing=00960be0(off+672,tail-157,00960be0..00960f1d,FUN_00960be0); xrefs_to=0; bytes=00f30f59c2f30f59ca8d442414508d4c; prologue=False padding=False; neighbors=00960be0|00960f20
00960f40	UTFWin::Window::ContainsPoint	repaired-contained	00960f20	containing-function-fallback	medium	True	ENGINE_IMPLEMENTATION|P1|INFERRED->ENGINE_INTERFACE|P3|CONFIRMED	sdk=UTFWin::Window::ContainsPoint; containing=00960f20(off+32,tail-157,00960f20..00960fdd,FUN_00960f20); xrefs_to=0; bytes=741f85ff74088b078b108bcfffd289be; prologue=False padding=False; neighbors=00960f20|00960fe0
009610b0	UTFWin::Window::ToLocalCoordinates2	repaired-contained	00960fe0	containing-function-fallback	medium	True	ENGINE_IMPLEMENTATION|P1|INFERRED->ENGINE_INTERFACE|P3|CONFIRMED	sdk=UTFWin::Window::ToLocalCoordinates2; containing=00960fe0(off+208,tail-155,00960fe0..0096114b,FUN_00960fe0); xrefs_to=0; bytes=44243c0f2f44240c0f8285000000f30f; prologue=False padding=False; neighbors=00960fe0|00961150
009611e0	UTFWin::Window::BringToFront	repaired-contained	00961150	containing-function-fallback	medium	True	ENGINE_IMPLEMENTATION|P1|INFERRED->ENGINE_INTERFACE|P3|CONFIRMED	sdk=UTFWin::Window::BringToFront; containing=00961150(off+144,tail-123,00961150..0096125b,FUN_00961150); xrefs_to=0; bytes=f30f1005d80a4401f30f104c24180f2f; prologue=False padding=False; neighbors=00961150|00961260
009616b0	UTFWin::Window::SetFlag	repaired-contained	00961680	containing-function-fallback	medium	True	UNKNOWN|P3|UNKNOWN->ENGINE_INTERFACE|P1|CONFIRMED	sdk=UTFWin::Window::SetFlag; containing=00961680(off+48,tail-39,00961680..009616d7,FUN_00961680); xrefs_to=0; bytes=85c974068b118b02ffd08b4f0c894e0c; prologue=False padding=False; neighbors=00961680|00961760
009617b0	UTFWin::Window::func39	repaired-contained	00961760	containing-function-fallback	medium	True	ENGINE_IMPLEMENTATION|P1|INFERRED->ENGINE_INTERFACE|P3|CONFIRMED	sdk=UTFWin::Window::func39; containing=00961760(off+80,tail-171,00961760..0096185b,FUN_00961760); xrefs_to=0; bytes=2c04755a8d6efc8bcde882f3ffff84db; prologue=False padding=False; neighbors=00961760|00961860
00961830	UTFWin::Window::func40	repaired-contained	00961760	containing-function-fallback	medium	True	ENGINE_IMPLEMENTATION|P1|INFERRED->ENGINE_INTERFACE|P3|CONFIRMED	sdk=UTFWin::Window::func40; containing=00961760(off+208,tail-43,00961760..0096185b,FUN_00961760); xrefs_to=0; bytes=281bc08d7c24145723c68b3152508b46; prologue=False padding=False; neighbors=00961760|00961860
009618a0	UTFWin::Window::func45	repaired-contained	00961860	containing-function-fallback	medium	True	ENGINE_IMPLEMENTATION|P1|INFERRED->ENGINE_INTERFACE|P3|CONFIRMED	sdk=UTFWin::Window::func45; containing=00961860(off+64,tail-52,00961860..009618d4,FUN_00961860); xrefs_to=0; bytes=e001894424148d46fc8bd0f7da1bd223; prologue=False padding=False; neighbors=00961860|009618e0
00961980	UTFWin::Window::RemoveWinProc	adjudicated-tail-alias	NULL	tail-bytes-no-callers	medium	False	no-triage-row-affected	sdk=UTFWin::Window::RemoveWinProc; containing=00961950(off+48,tail-11,00961950..0096198b,FUN_00961950); xrefs_to=0; bytes=08c2040033c083c408c20400cccccccc; prologue=False padding=False; neighbors=00961950|00961990
00961f10	UTFWin::Window::AddWinProc	adjudicated-tail-alias	NULL	tail-bytes-no-callers	medium	False	no-triage-row-affected	sdk=UTFWin::Window::AddWinProc; containing=00961e80(off+144,tail-0,00961e80..00961f10,FUN_00961e80); xrefs_to=0; bytes=c3cccccccccccccccccccccccccccccc; prologue=False padding=False; neighbors=00961e80|00961f20
00962480	UTFWin::Window::func46	repaired-contained	00962360	containing-function-fallback	medium	True	UNKNOWN|P3|UNKNOWN->ENGINE_INTERFACE|P1|CONFIRMED	sdk=UTFWin::Window::func46; containing=00962360(off+288,tail-166,00962360..00962526,FUN_00962360); xrefs_to=0; bytes=2430528bce896c242c896c2430e8eef7; prologue=False padding=False; neighbors=00962360|00962530
009624d0	UTFWin::Window::FindWindowByID	repaired-contained	00962360	containing-function-fallback	medium	True	UNKNOWN|P3|UNKNOWN->ENGINE_INTERFACE|P1|CONFIRMED	sdk=UTFWin::Window::FindWindowByID; containing=00962360(off+368,tail-86,00962360..00962526,FUN_00962360); xrefs_to=0; bytes=ceffd28b078b50108bcfffd28b6b0c8b; prologue=False padding=False; neighbors=00962360|00962530
00962500	UTFWin::Window::FindWindowTypeByID	repaired-contained	00962360	containing-function-fallback	medium	True	UNKNOWN|P3|UNKNOWN->ENGINE_INTERFACE|P1|CONFIRMED	sdk=UTFWin::Window::FindWindowTypeByID; containing=00962360(off+416,tail-38,00962360..00962526,FUN_00962360); xrefs_to=0; bytes=ffd28bc75f5e5d5b83c424c20c0033c0; prologue=False padding=False; neighbors=00962360|00962530
00962780	UTFWin::Window::AddWindow	repaired-contained	00962740	containing-function-fallback	medium	True	UNKNOWN|P3|UNKNOWN->ENGINE_INTERFACE|P1|CONFIRMED	sdk=UTFWin::Window::AddWindow; containing=00962740(off+64,tail-165,00962740..00962825,FUN_00962740); xrefs_to=0; bytes=560452e8f84b5e0083c4048b8fe80100; prologue=False padding=False; neighbors=00962740|00962830
009633e0	UTFWin::RotateEffect::GetEventFlags	repaired-contained	009630e0	containing-function-fallback	medium	True	UNKNOWN|P3|UNKNOWN->ENGINE_INTERFACE|P1|CONFIRMED	sdk=UTFWin::RotateEffect::GetEventFlags; containing=009630e0(off+768,tail-175,009630e0..0096348f,FUN_009630e0); xrefs_to=0; bytes=9e20040000889e21040000538b470850; prologue=False padding=False; neighbors=009630e0|00963490
009635f0	UTFWin::BiStateEffect::GetEase	repaired-contained	009635e0	containing-function-fallback	medium	True	UNKNOWN|P3|UNKNOWN->ENGINE_INTERFACE|P1|CONFIRMED	sdk=UTFWin::BiStateEffect::GetEase; containing=009635e0(off+16,tail-56,009635e0..00963628,FUN_009635e0); xrefs_to=0; bytes=837854007530c74054020000008b1189; prologue=False padding=False; neighbors=009635e0|00963630
00963610	UTFWin::BiStateEffect::SetEase	repaired-contained	009635e0	containing-function-fallback	medium	True	UNKNOWN|P3|UNKNOWN->ENGINE_INTERFACE|P1|CONFIRMED	sdk=UTFWin::BiStateEffect::SetEase; containing=009635e0(off+48,tail-24,009635e0..00963628,FUN_009635e0); xrefs_to=0; bytes=15c74054000000008b11894424048b82; prologue=False padding=False; neighbors=009635e0|00963630
00963680	UTFWin::BiStateEffect::SetDamping	repaired-contained	00963630	containing-function-fallback	medium	True	UNKNOWN|P3|UNKNOWN->ENGINE_INTERFACE|P1|CONFIRMED	sdk=UTFWin::BiStateEffect::SetDamping; containing=00963630(off+80,tail-65,00963630..009636c1,FUN_00963630); xrefs_to=0; bytes=5885c97418837e54007512c746540200; prologue=False padding=False; neighbors=00963630|00963760
009636a0	UTFWin::RotateEffect::HandleUIMessage	repaired-contained	00963630	containing-function-fallback	medium	True	UNKNOWN|P3|UNKNOWN->ENGINE_INTERFACE|P1|CONFIRMED	sdk=UTFWin::RotateEffect::HandleUIMessage; containing=00963630(off+112,tail-33,00963630..009636c1,FUN_00963630); xrefs_to=0; bytes=90140100008d4c2408518bcfc7442414; prologue=False padding=False; neighbors=00963630|00963760
00963ca0	UTFWin::FadeEffect::SetSerializer	repaired-contained	00963780	containing-function-fallback	medium	True	ENGINE_IMPLEMENTATION|P1|INFERRED->ENGINE_INTERFACE|P3|CONFIRMED	sdk=UTFWin::FadeEffect::SetSerializer; containing=00963780(off+1312,tail-126,00963780..00963d1e,FUN_00963780); xrefs_to=0; bytes=00020000746fd9464c8b16518bced91c; prologue=False padding=False; neighbors=00963780|00963db0
00964630	UTFWin::ButtonDrawableStandard::SetImage	adjudicated-tail-alias	NULL	tail-bytes-no-callers	medium	False	no-triage-row-affected	sdk=UTFWin::ButtonDrawableStandard::SetImage; containing=00964610(off+32,tail-5,00964610..00964635,FUN_00964610); xrefs_to=0; bytes=5ee97ac3ffffcccccccccccccccccccc; prologue=False padding=False; neighbors=00964610|00964640
00964680	UTFWin::ButtonDrawableStandard::GetProxyID	repaired-contained	00964640	containing-function-fallback	medium	True	ENGINE_IMPLEMENTATION|P1|INFERRED->ENGINE_INTERFACE|P3|CONFIRMED	sdk=UTFWin::ButtonDrawableStandard::GetProxyID; containing=00964640(off+64,tail-78,00964640..009646ce,FUN_00964640); xrefs_to=0; bytes=8e08020000506a01ffd283c6fc80be10; prologue=False padding=False; neighbors=00964640|009646d0
00964690	UTFWin::ButtonDrawableStandard::GetDimensions	repaired-contained	00964640	containing-function-fallback	medium	True	ENGINE_IMPLEMENTATION|P1|INFERRED->ENGINE_INTERFACE|P3|CONFIRMED	sdk=UTFWin::ButtonDrawableStandard::GetDimensions; containing=00964640(off+80,tail-62,00964640..009646ce,FUN_00964640); xrefs_to=0; bytes=0200000075168b46048b507c8d4e046a; prologue=False padding=False; neighbors=00964640|009646d0
00965560	UTFWin::ButtonDrawableStandard::SetSerializer	adjudicated-dead-address	NULL	no-container-no-callers-no-prologue	low	False	no-triage-row-affected	sdk=UTFWin::ButtonDrawableStandard::SetSerializer; containing=NONE(No function found for 0x00965560); xrefs_to=0; bytes=28e0f30f5ce3f30f11a628020000f30f; prologue=False padding=False; neighbors=00965230|00965640
009655f0	UTFWin::ButtonDrawableStandard::Paint	adjudicated-dead-address	NULL	no-container-no-callers-no-prologue	low	False	no-triage-row-affected	sdk=UTFWin::ButtonDrawableStandard::Paint; containing=NONE(No function found for 0x009655f0); xrefs_to=0; bytes=58863c020000f30f11863c020000f30f; prologue=False padding=False; neighbors=00965230|00965640
00966a40	UTFWin::ButtonDrawableStandard::GetTexCoords	repaired-contained	009656d0	containing-function-fallback	medium	True	ENGINE_IMPLEMENTATION|P1|INFERRED->ENGINE_INTERFACE|P3|CONFIRMED	sdk=UTFWin::ButtonDrawableStandard::GetTexCoords; containing=009656d0(off+4976,tail-182,009656d0..00966af6,FUN_009656d0); xrefs_to=0; bytes=0000528b403c8d8c24a0030000518d94; prologue=False padding=False; neighbors=009656d0|00966c70
00966ad0	UTFWin::ButtonDrawableRadio::GetTexCoords	repaired-contained	009656d0	containing-function-fallback	medium	True	ENGINE_IMPLEMENTATION|P1|INFERRED->ENGINE_INTERFACE|P3|CONFIRMED	sdk=UTFWin::ButtonDrawableRadio::GetTexCoords; containing=009656d0(off+5120,tail-38,009656d0..00966af6,FUN_009656d0); xrefs_to=0; bytes=0f119c24e8030000f30f118c24ec0300; prologue=False padding=False; neighbors=009656d0|00966c70
009670a0	UTFWin::IButton::Create	repaired-contained	00966f90	containing-function-fallback	medium	True	UNKNOWN|P3|UNKNOWN->ENGINE_INTERFACE|P1|CONFIRMED	sdk=UTFWin::IButton::Create; containing=00966f90(off+272,tail-117,00966f90..00967115,FUN_00966f90); xrefs_to=0; bytes=0f114118f30f11410cf30f1141108959; prologue=False padding=False; neighbors=00966f90|00967120
00967220	UTFWin::BiStateEffect::SetTime	repaired-contained	009671c0	containing-function-fallback	medium	True	UNKNOWN|P3|UNKNOWN->ENGINE_INTERFACE|P1|CONFIRMED	sdk=UTFWin::BiStateEffect::SetTime; containing=009671c0(off+96,tail-142,009671c0..009672ae,FUN_009671c0); xrefs_to=0; bytes=8b068b5044518bceffd2e891a0feff50; prologue=False padding=False; neighbors=009671c0|009672b0
00967240	UTFWin::CascadeEffect::SetInterval	repaired-contained	009671c0	containing-function-fallback	medium	True	UNKNOWN|P3|UNKNOWN->ENGINE_INTERFACE|P1|CONFIRMED	sdk=UTFWin::CascadeEffect::SetInterval; containing=009671c0(off+128,tail-110,009671c0..009672ae,FUN_009671c0); xrefs_to=0; bytes=1085c0743ac740042ca73f018d480cc7; prologue=False padding=False; neighbors=009671c0|009672b0
00967260	UTFWin::CascadeEffect::GetProxyID	repaired-contained	009671c0	containing-function-fallback	medium	True	UNKNOWN|P3|UNKNOWN->ENGINE_INTERFACE|P1|CONFIRMED	sdk=UTFWin::CascadeEffect::GetProxyID; containing=009671c0(off+160,tail-78,009671c0..009672ae,FUN_009671c0); xrefs_to=0; bytes=000000c6401400c7008c784101c74004; prologue=False padding=False; neighbors=009671c0|009672b0
009672a0	UTFWin::CascadeEffect::SetSerializer	adjudicated-tail-alias	NULL	tail-bytes-no-callers	medium	False	no-triage-row-affected	sdk=UTFWin::CascadeEffect::SetSerializer; containing=009671c0(off+224,tail-14,009671c0..009672ae,FUN_009671c0); xrefs_to=0; bytes=68e65500ff6a038bceffd28bc65ec3cc; prologue=False padding=False; neighbors=009671c0|009672b0
00967d90	App::cGameModeManager::GetCameraManager	adjudicated-dead-address	NULL	no-container-no-callers-no-prologue	low	False	no-triage-row-affected	sdk=App::cGameModeManager::GetCameraManager; containing=NONE(No function found for 0x00967d90); xrefs_to=0; bytes=618b068b500c6802e91eaf8bceffd285; prologue=False padding=False; neighbors=00967d20|00967e20
00967dd0	UTFWin::ComboBoxDrawable::GetProxyID	adjudicated-dead-address	NULL	no-container-no-callers-no-prologue	low	False	no-triage-row-affected	sdk=UTFWin::ComboBoxDrawable::GetProxyID; containing=NONE(No function found for 0x00967dd0); xrefs_to=0; bytes=168b42108bceffd085c074168b168b42; prologue=False padding=False; neighbors=00967d20|00967e20
00968cc0	UTFWin::ComboBoxDrawable::Paint	adjudicated-dead-address	NULL	no-container-no-callers-no-prologue	low	False	no-triage-row-affected	sdk=UTFWin::ComboBoxDrawable::Paint; containing=NONE(No function found for 0x00968cc0); xrefs_to=0; bytes=96f8fdffff8b82900000008d8ef8fdff; prologue=False padding=False; neighbors=00968c00|00968ce0
0096b940	UTFWin::DialogDrawable::GetProxyID	adjudicated-dead-address	NULL	no-container-no-callers-no-prologue	low	False	no-triage-row-affected	sdk=UTFWin::DialogDrawable::GetProxyID; containing=NONE(No function found for 0x0096b940); xrefs_to=0; bytes=0000f30f11810c010000f30f10442408; prologue=False padding=False; neighbors=0096b8f0|0096ba00
0096b980	UTFWin::DialogDrawable::GetDimensions	adjudicated-dead-address	NULL	no-container-no-callers-no-prologue	low	False	no-triage-row-affected	sdk=UTFWin::DialogDrawable::GetDimensions; containing=NONE(No function found for 0x0096b980); xrefs_to=0; bytes=00008b4c2408d919c20800cccccccccc; prologue=False padding=False; neighbors=0096b8f0|0096ba00
0096ba60	UTFWin::DialogDrawable::SetImage	adjudicated-dead-address	NULL	no-container-no-callers-no-prologue	low	False	no-triage-row-affected	sdk=UTFWin::DialogDrawable::SetImage; containing=NONE(No function found for 0x0096ba60); xrefs_to=0; bytes=4120f30f114004b001c20c008b491c85; prologue=False padding=False; neighbors=0096ba00|0096bcd0
0096baa0	UTFWin::DialogDrawable::GetBackgroundColor	adjudicated-dead-address	NULL	no-container-no-callers-no-prologue	low	False	no-triage-row-affected	sdk=UTFWin::DialogDrawable::GetBackgroundColor; containing=NONE(No function found for 0x0096baa0); xrefs_to=0; bytes=f30f10055cb93e01f30f1101b001c20c; prologue=False padding=False; neighbors=0096ba00|0096bcd0
0096bab0	UTFWin::DialogDrawable::SetBackgroundTiling	adjudicated-dead-address	NULL	no-container-no-callers-no-prologue	low	False	no-triage-row-affected	sdk=UTFWin::DialogDrawable::SetBackgroundTiling; containing=NONE(No function found for 0x0096bab0); xrefs_to=0; bytes=008b542404f30f10055cb93e01f30f11; prologue=False padding=False; neighbors=0096ba00|0096bcd0
0096bac0	UTFWin::DialogDrawable::GetBackgroundTiling	adjudicated-dead-address	NULL	no-container-no-callers-no-prologue	low	False	no-triage-row-affected	sdk=UTFWin::DialogDrawable::GetBackgroundTiling; containing=NONE(No function found for 0x0096bac0); xrefs_to=0; bytes=4204b001c20c008b442404f30f10055c; prologue=False padding=False; neighbors=0096ba00|0096bcd0
0096d560	UTFWin::DialogDrawable::SetSerializer	repaired-contained	0096d500	containing-function-fallback	medium	True	ENGINE_IMPLEMENTATION|P1|INFERRED->ENGINE_INTERFACE|P3|CONFIRMED	sdk=UTFWin::DialogDrawable::SetSerializer; containing=0096d500(off+96,tail-167,0096d500..0096d607,FUN_0096d500); xrefs_to=0; bytes=f30f1109f30f10868c020000f30f108e; prologue=False padding=False; neighbors=0096d500|0096d610
0096d620	UTFWin::DialogDrawable::Paint	repaired-contained	0096d610	containing-function-fallback	medium	True	ENGINE_IMPLEMENTATION|P1|INFERRED->ENGINE_INTERFACE|P3|CONFIRMED	sdk=UTFWin::DialogDrawable::Paint; containing=0096d610(off+16,tail-21,0096d610..0096d635,FUN_0096d610); xrefs_to=0; bytes=01c74608010000008b118b4214ffd089; prologue=False padding=False; neighbors=0096d610|0096d640
0096efe0	UTFWin::FadeEffect::func84h	repaired-contained	0096ef80	containing-function-fallback	medium	True	UNKNOWN|P3|UNKNOWN->ENGINE_INTERFACE|P1|CONFIRMED	sdk=UTFWin::FadeEffect::func84h; containing=0096ef80(off+96,tail-83,0096ef80..0096f033,FUN_0096ef80); xrefs_to=0; bytes=9c6c0100e877c3ffffe8a2e00000e87d; prologue=False padding=False; neighbors=0096ef80|0096f040
0096f020	UTFWin::FadeEffect::GetProxyID	repaired-contained	0096ef80	containing-function-fallback	medium	True	UNKNOWN|P3|UNKNOWN->ENGINE_INTERFACE|P1|CONFIRMED	sdk=UTFWin::FadeEffect::GetProxyID; containing=0096ef80(off+160,tail-19,0096ef80..0096f033,FUN_0096ef80); xrefs_to=0; bytes=e89b140100e8c6160100e871fcffffe9; prologue=False padding=False; neighbors=0096ef80|0096f040
0096f1d0	UTFWin::FrameDrawable::GetProxyID	repaired-contained	0096f1b0	containing-function-fallback	medium	True	UNKNOWN|P3|UNKNOWN->ENGINE_INTERFACE|P1|CONFIRMED	sdk=UTFWin::FrameDrawable::GetProxyID; containing=0096f1b0(off+32,tail-18,0096f1b0..0096f1e2,FUN_0096f1b0); xrefs_to=0; bytes=4004d95c2404d9008b421cd91c24ffd0; prologue=False padding=False; neighbors=0096f1b0|0096f1f0
0096f350	UTFWin::FrameDrawable::Paint	adjudicated-tail-alias	NULL	tail-bytes-no-callers	medium	False	no-triage-row-affected	sdk=UTFWin::FrameDrawable::Paint; containing=0096f320(off+48,tail-4,0096f320..0096f354,UTFWin::FrameDrawable::SetSerializer); xrefs_to=0; bytes=5fb0015ec3cccccccccccccccccccccc; prologue=False padding=False; neighbors=0096f320|0096f3c0
0096ffe0	UTFWin::GlideEffect::SetSerializer	repaired-contained	0096ffd0	containing-function-fallback	medium	True	ENGINE_IMPLEMENTATION|P1|INFERRED->ENGINE_INTERFACE|P3|CONFIRMED	sdk=UTFWin::GlideEffect::SetSerializer; containing=0096ffd0(off+16,tail-40,0096ffd0..00970008,FUN_0096ffd0); xrefs_to=0; bytes=c7460c84254401c7466038b93e01e82d; prologue=False padding=False; neighbors=0096ffd0|00970010
0097d020	UTFWin::ImageDrawable::GetProxyID	adjudicated-dead-address	NULL	no-container-no-callers-no-prologue	low	False	no-triage-row-affected	sdk=UTFWin::ImageDrawable::GetProxyID; containing=NONE(No function found for 0x0097d020); xrefs_to=0; bytes=c6450801ffd089bd800000005f89757c; prologue=False padding=False; neighbors=0097ca70|0097d090
0097d070	UTFWin::ImageDrawable::SetImage	adjudicated-dead-address	NULL	no-container-no-callers-no-prologue	low	False	no-triage-row-affected	sdk=UTFWin::ImageDrawable::SetImage; containing=NONE(No function found for 0x0097d070); xrefs_to=0; bytes=00cccccccccccccccccccccccccccccc; prologue=False padding=False; neighbors=0097ca70|0097d090
0097d0a0	UTFWin::ImageDrawable::SetImageDrawableFlag	adjudicated-tail-alias	NULL	tail-bytes-no-callers	medium	False	no-triage-row-affected	sdk=UTFWin::ImageDrawable::SetImageDrawableFlag; containing=0097d090(off+16,tail-5,0097d090..0097d0a5,FUN_0097d090); xrefs_to=0; bytes=f65401ffd0c3cccccccccccccccccccc; prologue=False padding=False; neighbors=0097d090|0097d0c0
0097d0d0	UTFWin::ImageDrawable::SetAlignmentVertical	repaired-contained	0097d0c0	containing-function-fallback	medium	True	UNKNOWN|P3|UNKNOWN->ENGINE_INTERFACE|P1|CONFIRMED	sdk=UTFWin::ImageDrawable::SetAlignmentVertical; containing=0097d0c0(off+16,tail-35,0097d0c0..0097d0f3,FUN_0097d0c0); xrefs_to=0; bytes=740989442404e96541fdff85c974108d; prologue=False padding=False; neighbors=0097d0c0|0097d160
0097d0e0	UTFWin::ImageDrawable::GetDimensions	repaired-contained	0097d0c0	containing-function-fallback	medium	True	UNKNOWN|P3|UNKNOWN->ENGINE_INTERFACE|P1|CONFIRMED	sdk=UTFWin::ImageDrawable::GetDimensions; containing=0097d0c0(off+32,tail-19,0097d0c0..0097d0f3,FUN_0097d0c0); xrefs_to=0; bytes=410cc2040085c974068d4104c2040033; prologue=False padding=False; neighbors=0097d0c0|0097d160
0097d1e0	UTFWin::ImageDrawable::Paint	adjudicated-dead-address	NULL	no-container-no-callers-no-prologue	low	False	no-triage-row-affected	sdk=UTFWin::ImageDrawable::Paint; containing=NONE(No function found for 0x0097d1e0); xrefs_to=0; bytes=00ae4e3ccfb801000000c20800cccccc; prologue=False padding=False; neighbors=0097d170|0097d200
0097e450	UTFWin::InflateEffect::GetProxyID	repaired-contained	0097e440	containing-function-fallback	medium	False	stable:ENGINE_INTERFACE|P0|CONFIRMED	sdk=UTFWin::InflateEffect::GetProxyID; containing=0097e440(off+16,tail-36,0097e440..0097e474,UTFWin::PerspectiveEffect::GetNearPlane); xrefs_to=0; bytes=3344016a046860070000e8712efdff83; prologue=False padding=False; neighbors=0097e440|0097e480
0097e5d0	UTFWin::InflateEffect::SetSerializer	adjudicated-tail-alias	NULL	tail-bytes-no-callers	medium	False	no-triage-row-affected	sdk=UTFWin::InflateEffect::SetSerializer; containing=0097e5a0(off+48,tail-8,0097e5a0..0097e5d8,FUN_0097e5a0); xrefs_to=0; bytes=83c4048bc65ec20400cccccccccccccc; prologue=False padding=False; neighbors=0097e5a0|0097e5e0
0097e760	UTFWin::SimpleLayout::Cast	adjudicated-dead-address	NULL	no-container-no-callers-no-prologue	low	False	no-triage-row-affected	sdk=UTFWin::SimpleLayout::Cast; containing=NONE(No function found for 0x0097e760); xrefs_to=0; bytes=344401c74660a0354401f30f1146648b; prologue=False padding=False; neighbors=0097e690|0097e780
0097e7b0	UTFWin::SimpleLayout::GetProxyID	adjudicated-dead-address	NULL	no-container-no-callers-no-prologue	low	False	no-triage-row-affected	sdk=UTFWin::SimpleLayout::GetProxyID; containing=NONE(No function found for 0x0097e7b0); xrefs_to=0; bytes=0011f43dafb801000000c20800cccccc; prologue=False padding=False; neighbors=0097e780|0097e7d0
0097e810	UTFWin::SimpleLayout::OnLayout	adjudicated-tail-alias	NULL	tail-bytes-no-callers	medium	False	no-triage-row-affected	sdk=UTFWin::SimpleLayout::OnLayout; containing=0097e7f0(off+32,tail-2,0097e7f0..0097e812,FUN_0097e7f0); xrefs_to=0; bytes=c20400cccccccccccccccccccccccccc; prologue=False padding=False; neighbors=0097e7f0|0097e850
0097e900	UTFWin::SimpleLayout::RevertLayout	repaired-contained	0097e8a0	containing-function-fallback	medium	True	ENGINE_IMPLEMENTATION|P1|INFERRED->ENGINE_INTERFACE|P3|CONFIRMED	sdk=UTFWin::SimpleLayout::RevertLayout; containing=0097e8a0(off+96,tail-31,0097e8a0..0097e91f,FUN_0097e8a0); xrefs_to=0; bytes=46087605f30f114608f30f1046040f2f; prologue=False padding=False; neighbors=0097e8a0|0097e990
0097e9e0	UTFWin::ProportionalLayout::ApplyLayout	repaired-contained	0097e990	containing-function-fallback	medium	False	stable:ENGINE_INTERFACE|P0|CONFIRMED	sdk=UTFWin::ProportionalLayout::ApplyLayout; containing=0097e990(off+80,tail-48,0097e990..0097ea10,UTFWin::SimpleLayout::SetSerializer); xrefs_to=0; bytes=f30f10480cf30f5cc8f30f11480cf641; prologue=False padding=False; neighbors=0097e990|0097ea20
0097ead0	UTFWin::ProportionalLayout::SetSerializer	adjudicated-dead-address	NULL	no-container-no-callers-no-prologue	low	False	no-triage-row-affected	sdk=UTFWin::ProportionalLayout::SetSerializer; containing=NONE(No function found for 0x0097ead0); xrefs_to=0; bytes=58420cf30f11420cc20800cccccccccc; prologue=False padding=False; neighbors=0097ea50|0097eb60
0097ee60	UTFWin::BiStateEffect::GetDamping	adjudicated-dead-address	NULL	no-container-no-callers-no-prologue	low	False	no-triage-row-affected	sdk=UTFWin::BiStateEffect::GetDamping; containing=NONE(No function found for 0x0097ee60); xrefs_to=0; bytes=00cccccccccccccccccccccccccccccc; prologue=False padding=False; neighbors=0097ece0|0097eeb0
0097ee80	UTFWin::CascadeEffect::GetInterval	adjudicated-dead-address	NULL	no-container-no-callers-no-prologue	low	False	no-triage-row-affected	sdk=UTFWin::CascadeEffect::GetInterval; containing=NONE(No function found for 0x0097ee80); xrefs_to=0; bytes=08f30f114130c681d8feffff01c20800; prologue=False padding=False; neighbors=0097ece0|0097eeb0
009800d0	UTFWin::ModulateEffect::func84h	adjudicated-tail-alias	NULL	tail-bytes-no-callers	medium	False	no-triage-row-affected	sdk=UTFWin::ModulateEffect::func84h; containing=009800c0(off+16,tail-5,009800c0..009800d5,FUN_009800c0); xrefs_to=0; bytes=f95401ffd0c3cccccccccccccccccccc; prologue=False padding=False; neighbors=009800c0|009800e0
00980100	UTFWin::ModulateEffect::GetColors	repaired-contained	009800f0	containing-function-fallback	medium	True	ENGINE_IMPLEMENTATION|P1|INFERRED->ENGINE_INTERFACE|P3|CONFIRMED	sdk=UTFWin::ModulateEffect::GetColors; containing=009800f0(off+16,tail-18,009800f0..00980112,FUN_009800f0); xrefs_to=0; bytes=8c33feff85c974068d4160c2040033c0; prologue=False padding=False; neighbors=009800f0|00980120
00980140	UTFWin::ModulateEffect::GetProxyID	adjudicated-tail-alias	NULL	tail-bytes-no-callers	medium	False	no-triage-row-affected	sdk=UTFWin::ModulateEffect::GetProxyID; containing=00980120(off+32,tail-12,00980120..0098014c,UTFWin::ModulateEffect::SetColors); xrefs_to=0; bytes=83c40c508bceffd25f5ec20800cccccc; prologue=False padding=False; neighbors=00980120|00980200
00980230	UTFWin::RotateEffect::ToWinProc	repaired-contained	00980210	containing-function-fallback	medium	True	ENGINE_IMPLEMENTATION|P1|INFERRED->ENGINE_INTERFACE|P3|CONFIRMED	sdk=UTFWin::RotateEffect::ToWinProc; containing=00980210(off+32,tail-24,00980210..00980248,FUN_00980210); xrefs_to=0; bytes=010000f644240801740956e8f010fdff; prologue=False padding=False; neighbors=00980210|00980250
00980500	UTFWin::PerspectiveEffect::SetNearPlane	adjudicated-tail-alias	NULL	tail-bytes-no-callers	medium	False	no-triage-row-affected	sdk=UTFWin::PerspectiveEffect::SetNearPlane; containing=009804e0(off+32,tail-2,009804e0..00980502,UTFWin::PerspectiveEffect::func80h); xrefs_to=0; bytes=c20400cccccccccccccccccccccccccc; prologue=False padding=False; neighbors=009804e0|00980510
00980590	UTFWin::PerspectiveEffect::SetSerializer	adjudicated-dead-address	NULL	no-container-no-callers-no-prologue	low	False	no-triage-row-affected	sdk=UTFWin::PerspectiveEffect::SetSerializer; containing=NONE(No function found for 0x00980590); xrefs_to=0; bytes=c20400cccccccccccccccccccccccccc; prologue=False padding=False; neighbors=00980510|00980630
00980b80	UTFWin::RotateEffect::SetRotationAxis	adjudicated-dead-address	NULL	no-container-no-callers-no-prologue	low	False	no-triage-row-affected	sdk=UTFWin::RotateEffect::SetRotationAxis; containing=NONE(No function found for 0x00980b80); xrefs_to=0; bytes=bc4244016a046a20e84307fdff8bf083; prologue=False padding=False; neighbors=00980760|00980be0
00980ba0	UTFWin::RotateEffect::SetRotationAngle	adjudicated-dead-address	NULL	no-container-no-callers-no-prologue	low	False	no-triage-row-affected	sdk=UTFWin::RotateEffect::SetRotationAngle; containing=NONE(No function found for 0x00980ba0); xrefs_to=0; bytes=2ca73f01c70638424401c74604204244; prologue=False padding=False; neighbors=00980760|00980be0
00980d60	UTFWin::RotateEffect::SetSerializer	adjudicated-dead-address	NULL	no-container-no-callers-no-prologue	low	False	no-triage-row-affected	sdk=UTFWin::RotateEffect::SetSerializer; containing=NONE(No function found for 0x00980d60); xrefs_to=0; bytes=4401518b4c2414f30f110424e88fddfd; prologue=False padding=False; neighbors=00980cb0|00980e00
00981710	UTFWin::ScrollbarDrawable::GetProxyID	repaired-contained	00981700	containing-function-fallback	medium	True	ENGINE_IMPLEMENTATION|P1|INFERRED->ENGINE_INTERFACE|P3|CONFIRMED	sdk=UTFWin::ScrollbarDrawable::GetProxyID; containing=00981700(off+16,tail-92,00981700..0098176c,FUN_00981700); xrefs_to=0; bytes=008db7480200007404b301eb0232db80; prologue=False padding=False; neighbors=00981700|009817c0
00981760	UTFWin::ScrollbarDrawable::GetDimensions	adjudicated-tail-alias	NULL	tail-bytes-no-callers	medium	False	no-triage-row-affected	sdk=UTFWin::ScrollbarDrawable::GetDimensions; containing=00981700(off+96,tail-12,00981700..0098176c,FUN_00981700); xrefs_to=0; bytes=516a088bceffd25f5e5bc20400cccccc; prologue=False padding=False; neighbors=00981700|009817c0
00982640	UTFWin::ScrollbarDrawable::SetSerializer	repaired-contained	00981f80	containing-function-fallback	medium	True	ENGINE_IMPLEMENTATION|P1|INFERRED->ENGINE_INTERFACE|P3|CONFIRMED	sdk=UTFWin::ScrollbarDrawable::SetSerializer; containing=00981f80(off+1728,tail-149,00981f80..009826d5,FUN_00981f80); xrefs_to=0; bytes=eb18d986a4020000d99e94020000d986; prologue=False padding=False; neighbors=00981f80|009826e0
009826d0	UTFWin::ScrollbarDrawable::Paint	adjudicated-tail-alias	NULL	tail-bytes-no-callers	medium	False	no-triage-row-affected	sdk=UTFWin::ScrollbarDrawable::Paint; containing=00981f80(off+1872,tail-5,00981f80..009826d5,FUN_00981f80); xrefs_to=0; bytes=5d5b8be55dc3cccccccccccccccccccc; prologue=False padding=False; neighbors=00981f80|009826e0
00983ed0	UTFWin::SpinnerDrawable::GetProxyID	repaired-contained	00983ea0	containing-function-fallback	medium	True	ENGINE_IMPLEMENTATION|P1|INFERRED->ENGINE_INTERFACE|P3|CONFIRMED	sdk=UTFWin::SpinnerDrawable::GetProxyID; containing=00983ea0(off+48,tail-120,00983ea0..00983f48,FUN_00983ea0); xrefs_to=0; bytes=068b9098000000538b9e0c0200006a01; prologue=False padding=False; neighbors=00983ea0|00983fb0
00983f20	UTFWin::SpinnerDrawable::GetDimensions	repaired-contained	00983ea0	containing-function-fallback	medium	True	ENGINE_IMPLEMENTATION|P1|INFERRED->ENGINE_INTERFACE|P3|CONFIRMED	sdk=UTFWin::SpinnerDrawable::GetDimensions; containing=00983ea0(off+128,tail-40,00983ea0..00983f48,FUN_00983ea0); xrefs_to=0; bytes=14d91c24ffd038862402000074148b56; prologue=False padding=False; neighbors=00983ea0|00983fb0
00983f70	UTFWin::SpinnerDrawable::SetImage	adjudicated-dead-address	NULL	no-container-no-callers-no-prologue	low	False	no-triage-row-affected	sdk=UTFWin::SpinnerDrawable::SetImage; containing=NONE(No function found for 0x00983f70); xrefs_to=0; bytes=158b41048b9090000000c68124020000; prologue=False padding=False; neighbors=00983ea0|00983fb0
009848d0	UTFWin::SpinnerDrawable::SetSerializer	repaired-contained	00984880	containing-function-fallback	medium	True	ENGINE_IMPLEMENTATION|P1|INFERRED->ENGINE_INTERFACE|P3|CONFIRMED	sdk=UTFWin::SpinnerDrawable::SetSerializer; containing=00984880(off+80,tail-201,00984880..00984999,FUN_00984880); xrefs_to=0; bytes=0000f30f5c8e48020000eb42f30f108e; prologue=False padding=False; neighbors=00984880|009849a0
009878a0	UTFWin::StdDrawable::SetImage	repaired-contained	00987590	containing-function-fallback	medium	True	ENGINE_IMPLEMENTATION|P1|INFERRED->ENGINE_INTERFACE|P3|CONFIRMED	sdk=UTFWin::StdDrawable::SetImage; containing=00987590(off+784,tail-62,00987590..009878de,FUN_00987590); xrefs_to=0; bytes=018b9090000000ffd28b4c241c8b4424; prologue=False padding=False; neighbors=00987590|009878e0
00987910	UTFWin::StdDrawable::GetProxyID	repaired-contained	00987900	containing-function-fallback	medium	False	stable:ENGINE_INTERFACE|P3|CONFIRMED	sdk=UTFWin::StdDrawable::GetProxyID; containing=00987900(off+16,tail-20,00987900..00987924,UTFWin::StdDrawable::SetScaleType); xrefs_to=0; bytes=8bcfe86989eaff8b4e58518bcfe82e88; prologue=False padding=False; neighbors=00987900|00987930
00987a10	UTFWin::StdDrawable::SetSerializer	repaired-contained	009879f0	containing-function-fallback	medium	True	UNKNOWN|P3|UNKNOWN->ENGINE_INTERFACE|P1|CONFIRMED	sdk=UTFWin::StdDrawable::SetSerializer; containing=009879f0(off+32,tail-86,009879f0..00987a66,FUN_009879f0); xrefs_to=0; bytes=50c20400f6c20874078b412485c07544; prologue=False padding=False; neighbors=009879f0|00987ae0
00987c70	UTFWin::StdDrawable::Paint	repaired-contained	00987bf0	containing-function-fallback	medium	True	UNKNOWN|P3|UNKNOWN->ENGINE_INTERFACE|P1|CONFIRMED	sdk=UTFWin::StdDrawable::Paint; containing=00987bf0(off+128,tail-188,00987bf0..00987d2c,FUN_00987bf0); xrefs_to=0; bytes=30528b54243052ffd083c420c20c00d9; prologue=False padding=False; neighbors=00987bf0|00987d40
00988010	UTFWin::StdDrawable::IsColliding	repaired-contained	00987d40	containing-function-fallback	medium	True	ENGINE_IMPLEMENTATION|P1|INFERRED->ENGINE_INTERFACE|P3|CONFIRMED	sdk=UTFWin::StdDrawable::IsColliding; containing=00987d40(off+720,tail-200,00987d40..009880d8,FUN_00987d40); xrefs_to=0; bytes=8b442414508d4c245451568bcfe8cefb; prologue=False padding=False; neighbors=00987d40|009880e0
009882f0	UTFWin::StdDrawable::UseCollision	repaired-contained	009880e0	containing-function-fallback	medium	True	ENGINE_IMPLEMENTATION|P1|INFERRED->ENGINE_INTERFACE|P3|CONFIRMED	sdk=UTFWin::StdDrawable::UseCollision; containing=009880e0(off+528,tail-182,009880e0..009883a6,FUN_009880e0); xrefs_to=0; bytes=108b4104f30f2ac00f2ff077790f2fc5; prologue=False padding=False; neighbors=009880e0|00988420
00988320	UTFWin::StdDrawable::GetDimensions	repaired-contained	009880e0	containing-function-fallback	medium	True	ENGINE_IMPLEMENTATION|P1|INFERRED->ENGINE_INTERFACE|P3|CONFIRMED	sdk=UTFWin::StdDrawable::GetDimensions; containing=009880e0(off+576,tail-134,009880e0..009883a6,FUN_009880e0); xrefs_to=0; bytes=0f1054242473420f28caf30f5cce0f2f; prologue=False padding=False; neighbors=009880e0|00988420
0098caa0	UTFWin::ITextEdit::Create	repaired-contained	0098c9d0	containing-function-fallback	medium	True	UNKNOWN|P3|UNKNOWN->ENGINE_INTERFACE|P1|CONFIRMED	sdk=UTFWin::ITextEdit::Create; containing=0098c9d0(off+208,tail-121,0098c9d0..0098cb19,FUN_0098c9d0); xrefs_to=0; bytes=2418d852159b85c074068944241ceb0a; prologue=False padding=False; neighbors=0098c9d0|0098cb20
0098f640	UTFWin::TreeNode::GetProxyID	repaired-contained	0098f620	containing-function-fallback	medium	True	UNKNOWN|P3|UNKNOWN->ENGINE_INTERFACE|P1|CONFIRMED	sdk=UTFWin::TreeNode::GetProxyID; containing=0098f620(off+32,tail-145,0098f620..0098f6d1,FUN_0098f620); xrefs_to=0; bytes=c074238b8fc000000056518bc8e81e50; prologue=False padding=False; neighbors=0098f620|0098f7a0
0098f650	UTFWin::TreeNode::func28h	repaired-contained	0098f620	containing-function-fallback	medium	True	UNKNOWN|P3|UNKNOWN->ENGINE_INTERFACE|P1|CONFIRMED	sdk=UTFWin::TreeNode::func28h; containing=0098f620(off+48,tail-129,0098f620..0098f6d1,FUN_0098f620); xrefs_to=0; bytes=f0ff8bf085f6740e6a006a00568d4c24; prologue=False padding=False; neighbors=0098f620|0098f7a0
0098f870	UTFWin::Window::GetState	adjudicated-dead-address	NULL	no-container-no-callers-no-prologue	low	False	no-triage-row-affected	sdk=UTFWin::Window::GetState; containing=NONE(No function found for 0x0098f870); xrefs_to=0; bytes=b3a400000085ff74098b078b50048bcf; prologue=False padding=False; neighbors=0098f7d0|0098f8b0
0098ff40	UTFWin::TreeNode::SetSerializer	repaired-contained	0098fd20	containing-function-fallback	medium	True	UNKNOWN|P3|UNKNOWN->ENGINE_INTERFACE|P1|CONFIRMED	sdk=UTFWin::TreeNode::SetSerializer; containing=0098fd20(off+544,tail-202,0098fd20..0099000a,FUN_0098fd20); xrefs_to=0; bytes=442410f30f1086a0000000f30f5c8698; prologue=False padding=False; neighbors=0098fd20|00990010
009913a0	UTFWin::TreeNode::func24h	adjudicated-dead-address	NULL	no-container-no-callers-no-prologue	low	False	no-triage-row-affected	sdk=UTFWin::TreeNode::func24h; containing=NONE(No function found for 0x009913a0); xrefs_to=0; bytes=c0741ec740042ca73f01c74008000000; prologue=False padding=False; neighbors=009912e0|00991410
00991620	UTFWin::TreeNode::func1Ch	adjudicated-dead-address	NULL	no-container-no-callers-no-prologue	low	False	no-triage-row-affected	sdk=UTFWin::TreeNode::func1Ch; containing=NONE(No function found for 0x00991620); xrefs_to=0; bytes=eb0233ff8b10895a048b138b1289133b; prologue=False padding=False; neighbors=00991520|009917b0
00991630	UTFWin::TreeNode::func20h	adjudicated-dead-address	NULL	no-container-no-callers-no-prologue	low	False	no-triage-row-affected	sdk=UTFWin::TreeNode::func20h; containing=NONE(No function found for 0x00991630); xrefs_to=0; bytes=c3740589680489288b41143bc5740e39; prologue=False padding=False; neighbors=00991520|009917b0
00a02c70	UTFWin::Window::GetControlID	repaired-contained	00a02c40	containing-function-fallback	medium	True	UNKNOWN|P3|UNKNOWN->ENGINE_INTERFACE|P1|CONFIRMED	sdk=UTFWin::Window::GetControlID; containing=00a02c40(off+48,tail-92,00a02c40..00a02ccc,FUN_00a02c40); xrefs_to=0; bytes=008d7c02088b87d80000003de51d4802; prologue=False padding=False; neighbors=00a02c40|00a02d30
00a0aac0	UTFWin::RotateEffect::GetRotationAngle	repaired-contained	00a0aaa0	containing-function-fallback	medium	True	UNKNOWN|P3|UNKNOWN->ENGINE_INTERFACE|P1|CONFIRMED	sdk=UTFWin::RotateEffect::GetRotationAngle; containing=00a0aaa0(off+32,tail-157,00a0aaa0..00a0ab5d,FUN_00a0aaa0); xrefs_to=0; bytes=74248d4104578bd083cffff00fc13a4f; prologue=False padding=False; neighbors=00a0aaa0|00a0ab60
00a13540	App::Canvas::func0Ch	repaired-contained	00a13300	containing-function-fallback	medium	True	ENGINE_IMPLEMENTATION|P1|INFERRED->ENGINE_INTERFACE|P3|CONFIRMED	sdk=App::Canvas::func0Ch; containing=00a13300(off+576,tail-99,00a13300..00a135a3,FUN_00a13300); xrefs_to=0; bytes=68307561508bcf8986780d0000e8de0c; prologue=False padding=False; neighbors=00a13300|00a135c0
00a169b0	App::Canvas::SetMessageServer	adjudicated-dead-address	NULL	no-container-no-callers-no-prologue	low	False	no-triage-row-affected	sdk=App::Canvas::SetMessageServer; containing=NONE(No function found for 0x00a169b0); xrefs_to=0; bytes=0000f30f118e18010000f30f118eec00; prologue=False padding=False; neighbors=00a168c0|00a16a20
00a1ace0	UTFWin::StdDrawable::GetHitMask	adjudicated-dead-address	NULL	no-container-no-callers-no-prologue	low	False	no-triage-row-affected	sdk=UTFWin::StdDrawable::GetHitMask; containing=NONE(No function found for 0x00a1ace0); xrefs_to=0; bytes=0000fe8b018b9094000000ffd2b001c3; prologue=False padding=False; neighbors=00a1ac70|00a1ad10
00a21090	App::cCameraManager::GetViewer	adjudicated-dead-address	NULL	no-container-no-callers-no-prologue	low	False	no-triage-row-affected	sdk=App::cCameraManager::GetViewer; containing=NONE(No function found for 0x00a21090); xrefs_to=0; bytes=c074075f32c05ec208008b078b504453; prologue=False padding=False; neighbors=00a20df0|00a21170
00a42700	Resource::DatabasePackedFile::GetLocation	repaired-contained	00a426f0	containing-function-fallback	medium	True	UNKNOWN|P3|UNKNOWN->ENGINE_INTERFACE|P1|CONFIRMED	sdk=Resource::DatabasePackedFile::GetLocation; containing=00a426f0(off+16,tail-38,00a426f0..00a42726,FUN_00a426f0); xrefs_to=0; bytes=330489be38bc1500ffd28b068b504057; prologue=False padding=False; neighbors=00a426f0|00a42730
00a68f70	Math::RandomNumberGenerator::RandomInt	repaired-contained	00a68e90	containing-function-fallback	medium	True	UNKNOWN|P3|UNKNOWN->ENGINE_INTERFACE|P1|CONFIRMED	sdk=Math::RandomNumberGenerator::RandomInt; containing=00a68e90(off+224,tail-59,00a68e90..00a68fab,FUN_00a68e90); xrefs_to=0; bytes=ff8b0dd45867018b118b026a008bf1ff; prologue=False padding=False; neighbors=00a68e90|00a68fb0
00a6d750	Swarm::cEffectsManager::GetDirectoryAndEffectIndex	repaired-contained	00a6d730	containing-function-fallback	medium	True	ENGINE_IMPLEMENTATION|P1|INFERRED->ENGINE_INTERFACE|P3|CONFIRMED	sdk=Swarm::cEffectsManager::GetDirectoryAndEffectIndex; containing=00a6d730(off+32,tail-85,00a6d730..00a6d7a5,FUN_00a6d730); xrefs_to=0; bytes=0000518bcbe856759eff53e85032ddff; prologue=False padding=False; neighbors=00a6d730|00a6d7b0
00a6fe70	UTFWin::BiStateEffect::SetInterpolationType	repaired-contained	00a6fe20	containing-function-fallback	medium	True	ENGINE_IMPLEMENTATION|P1|INFERRED->ENGINE_INTERFACE|P3|CONFIRMED	sdk=UTFWin::BiStateEffect::SetInterpolationType; containing=00a6fe20(off+80,tail-82,00a6fe20..00a6fec2,FUN_00a6fe20); xrefs_to=0; bytes=04f30f104424040f2e82880000009ff6; prologue=False padding=False; neighbors=00a6fe20|00a6ff50
00ab2ff0	App::Canvas::IsFullscreen	repaired-contained	00ab2ea0	containing-function-fallback	medium	True	UNKNOWN|P3|UNKNOWN->ENGINE_INTERFACE|P1|CONFIRMED	sdk=App::Canvas::IsFullscreen; containing=00ab2ea0(off+336,tail-98,00ab2ea0..00ab3052,FUN_00ab2ea0); xrefs_to=0; bytes=508bceffd26a006a018d872c01000050; prologue=False padding=False; neighbors=00ab2ea0|00ab30c0
00ac0c00	Simulator::cAnimalSpeciesManager::CreateAnimalItem	adjudicated-dead-address	NULL	no-container-no-callers-no-prologue	low	False	no-triage-row-affected	sdk=Simulator::cAnimalSpeciesManager::CreateAnimalItem; containing=NONE(No function found for 0x00ac0c00); xrefs_to=0; bytes=74068b577c89567c8b068b50048bceff; prologue=False padding=False; neighbors=00ac0b30|00ac0c30
00ad2740	UTFWin::StdDrawable::GetScaleFactor	adjudicated-tail-alias	NULL	tail-bytes-no-callers	medium	False	no-triage-row-affected	sdk=UTFWin::StdDrawable::GetScaleFactor; containing=00ad2730(off+16,tail-10,00ad2730..00ad274a,FUN_00ad2730); xrefs_to=0; bytes=6803b433b0ffd2c333c0c3cccccccccc; prologue=False padding=False; neighbors=00ad2730|00ad2750
00ae0620	Editors::EditorCamera::Release	adjudicated-dead-address	NULL	no-container-no-callers-no-prologue	low	False	no-triage-row-affected	sdk=Editors::EditorCamera::Release; containing=NONE(No function found for 0x00ae0620); xrefs_to=0; bytes=74240c85f6740a8b068b50048bce5eff; prologue=False padding=False; neighbors=00ae00d0|00ae0640
00aeb0e0	Simulator::cCommManager::CreateSpaceCommEvent	repaired-contained	00aeb090	containing-function-fallback	medium	True	UNKNOWN|P3|UNKNOWN->GAMEPLAY_LOGIC|P1|CONFIRMED	sdk=Simulator::cCommManager::CreateSpaceCommEvent; containing=00aeb090(off+80,tail-117,00aeb090..00aeb155,FUN_00aeb090); xrefs_to=0; bytes=e8eb7a51008b481883c018e8e0b15800; prologue=False padding=False; neighbors=00aeb090|00aeb160
00aeb1c0	Simulator::cCommManager::CreateCivCommEvent	repaired-contained	00aeb160	containing-function-fallback	medium	True	UNKNOWN|P3|UNKNOWN->GAMEPLAY_LOGIC|P1|CONFIRMED	sdk=Simulator::cCommManager::CreateCivCommEvent; containing=00aeb160(off+96,tail-124,00aeb160..00aeb23c,FUN_00aeb160); xrefs_to=0; bytes=db74088b138b028bcbffd0895e4085ff; prologue=False padding=False; neighbors=00aeb160|00aeb240
00aeb730	Simulator::cCommManager::HandleSpaceCommAction	repaired-contained	00aeb720	containing-function-fallback	medium	True	UNKNOWN|P3|SUPPORTED->GAMEPLAY_LOGIC|P1|CONFIRMED	sdk=Simulator::cCommManager::HandleSpaceCommAction; containing=00aeb720(off+16,tail-37,00aeb720..00aeb755,j_Sim_cCommManager_CreateSpaceCommEvent); xrefs_to=0; bytes=8bf18b4c2420518b4c2418528b542418; prologue=False padding=False; neighbors=00aeb720|00aeb760
00aeb810	Simulator::cCommManager::HandleCivCommAction	repaired-contained	00aeb7b0	containing-function-fallback	medium	True	UNKNOWN|P3|UNKNOWN->GAMEPLAY_LOGIC|P1|CONFIRMED	sdk=Simulator::cCommManager::HandleCivCommAction; containing=00aeb7b0(off+96,tail-118,00aeb7b0..00aeb886,FUN_00aeb7b0); xrefs_to=0; bytes=006a008bc88b42186829d49004ffd0eb; prologue=False padding=False; neighbors=00aeb7b0|00aeb890
00aebe10	Simulator::cCommManager::ShowCommEvent	repaired-contained	00aebde0	containing-function-fallback	medium	True	UNKNOWN|P3|UNKNOWN->GAMEPLAY_LOGIC|P1|CONFIRMED	sdk=Simulator::cCommManager::ShowCommEvent; containing=00aebde0(off+48,tail-83,00aebde0..00aebe63,FUN_00aebde0); xrefs_to=0; bytes=89462489462889462c83c9ff894e3889; prologue=False padding=False; neighbors=00aebde0|00aebe70
00af9c70	Simulator::cCommunityLayout::SetParameters	repaired-contained	00af9b50	containing-function-fallback	medium	True	UNKNOWN|P3|UNKNOWN->GAMEPLAY_LOGIC|P1|CONFIRMED	sdk=Simulator::cCommunityLayout::SetParameters; containing=00af9b50(off+288,tail-34,00af9b50..00af9c92,FUN_00af9b50); xrefs_to=0; bytes=0f100d2057480183c40c899eb0000000; prologue=False padding=False; neighbors=00af9b50|00af9ca0
00af9fb0	Simulator::cLayoutSlot::SetObject	adjudicated-dead-address	NULL	no-container-no-callers-no-prologue	low	False	no-triage-row-affected	sdk=Simulator::cLayoutSlot::SetObject; containing=NONE(No function found for 0x00af9fb0); xrefs_to=0; bytes=8bc2c1e81f5603c233f685c07e118b51; prologue=False padding=False; neighbors=00af9f60|00af9ff0
00afa020	Simulator::cLayoutSlot::RemoveObject	adjudicated-tail-alias	NULL	tail-bytes-no-callers	medium	False	no-triage-row-affected	sdk=Simulator::cLayoutSlot::RemoveObject; containing=00af9ff0(off+48,tail-1,00af9ff0..00afa021,FUN_00af9ff0); xrefs_to=0; bytes=0400cccccccccccccccccccccccccccc; prologue=False padding=False; neighbors=00af9ff0|00afa030
00afae40	Simulator::cCommunityLayout::SnapSlotsToPlanet	adjudicated-tail-alias	NULL	tail-bytes-no-callers	medium	False	no-triage-row-affected	sdk=Simulator::cCommunityLayout::SnapSlotsToPlanet; containing=00afadb0(off+144,tail-14,00afadb0..00afae4e,FUN_00afadb0); xrefs_to=0; bytes=7608b801000000c2080033c0c20800cc; prologue=False padding=False; neighbors=00afadb0|00afae50
00afeb80	Simulator::cCommunityLayout::InitializeSlots	repaired-contained	00afe670	containing-function-fallback	medium	True	UNKNOWN|P3|UNKNOWN->GAMEPLAY_LOGIC|P1|CONFIRMED	sdk=Simulator::cCommunityLayout::InitializeSlots; containing=00afe670(off+1296,tail-117,00afe670..00afebf5,FUN_00afe670); xrefs_to=0; bytes=cee8cad5ffff8b4c24543bcb74078b01; prologue=False padding=False; neighbors=00afe670|00afec00
00affd20	Simulator::cGameData::RemoveOwner	repaired-contained	00affd00	containing-function-fallback	medium	True	UNKNOWN|P3|UNKNOWN->GAMEPLAY_LOGIC|P1|CONFIRMED	sdk=Simulator::cGameData::RemoveOwner; containing=00affd00(off+32,tail-19,00affd00..00affd33,FUN_00affd00); xrefs_to=0; bytes=83c7243bf375ec8bc75f5e5bc38b4424; prologue=False padding=False; neighbors=00affd00|00affde0
00b18310	Simulator::cGameData::IsDestroyed	repaired-contained	00b182f0	containing-function-fallback	medium	True	UNKNOWN|P3|UNKNOWN->GAMEPLAY_LOGIC|P1|CONFIRMED	sdk=Simulator::cGameData::IsDestroyed; containing=00b182f0(off+32,tail-187,00b182f0..00b183cb,FUN_00b182f0); xrefs_to=0; bytes=d4000000008b4648d900d86060d94004; prologue=False padding=False; neighbors=00b182f0|00b183f0
00b18320	Simulator::cGameData::ISimulatorSerializable_func18h	repaired-contained	00b182f0	containing-function-fallback	medium	True	UNKNOWN|P3|UNKNOWN->GAMEPLAY_LOGIC|P1|CONFIRMED	sdk=Simulator::cGameData::ISimulatorSerializable_func18h; containing=00b182f0(off+48,tail-171,00b182f0..00b183cb,FUN_00b182f0); xrefs_to=0; bytes=d86064d94008d86068d9c2decbdcc8de; prologue=False padding=False; neighbors=00b182f0|00b183f0
00b18330	Simulator::cGameData::cGameData_func3Ch	repaired-contained	00b182f0	containing-function-fallback	medium	True	UNKNOWN|P3|UNKNOWN->GAMEPLAY_LOGIC|P1|CONFIRMED	sdk=Simulator::cGameData::cGameData_func3Ch; containing=00b182f0(off+64,tail-155,00b182f0..00b183cb,FUN_00b182f0); xrefs_to=0; bytes=c2dcc8dec1d9fad80d64104701d99ecc; prologue=False padding=False; neighbors=00b182f0|00b183f0
00b18340	Simulator::cGameData::SetDefinitionID	repaired-contained	00b182f0	containing-function-fallback	medium	True	UNKNOWN|P3|UNKNOWN->GAMEPLAY_LOGIC|P1|CONFIRMED	sdk=Simulator::cGameData::SetDefinitionID; containing=00b182f0(off+80,tail-139,00b182f0..00b183cb,FUN_00b182f0); xrefs_to=0; bytes=000000751383bed000000000750a5656; prologue=False padding=False; neighbors=00b182f0|00b183f0
00b18360	Simulator::cGameData::WriteAsText	repaired-contained	00b182f0	containing-function-fallback	medium	True	UNKNOWN|P3|UNKNOWN->GAMEPLAY_LOGIC|P1|CONFIRMED	sdk=Simulator::cGameData::WriteAsText; containing=00b182f0(off+112,tail-107,00b182f0..00b183cb,FUN_00b182f0); xrefs_to=0; bytes=24208bd1894c24088d4c240851895424; prologue=False padding=False; neighbors=00b182f0|00b183f0
00b18440	Simulator::cGameData::WriteToXML	repaired-contained	00b18420	containing-function-fallback	medium	True	ENGINE_IMPLEMENTATION|P1|INFERRED->GAMEPLAY_LOGIC|P3|CONFIRMED	sdk=Simulator::cGameData::WriteToXML; containing=00b18420(off+32,tail-19,00b18420..00b18453,FUN_00b18420); xrefs_to=0; bytes=00508d4c2404e815d5b7ff81c4140a00; prologue=False padding=False; neighbors=00b18420|00b18460
00b184d0	Simulator::cGameData::Write	repaired-contained	00b184c0	containing-function-fallback	medium	True	UNKNOWN|P3|UNKNOWN->GAMEPLAY_LOGIC|P1|CONFIRMED	sdk=Simulator::cGameData::Write; containing=00b184c0(off+16,tail-34,00b184c0..00b184f2,FUN_00b184c0); xrefs_to=0; bytes=ff0d2cbe67018b4e2c85c974078b018b; prologue=False padding=False; neighbors=00b184c0|00b18530
00b18540	Simulator::cGameData::Read	adjudicated-tail-alias	NULL	tail-bytes-no-callers	medium	False	no-triage-row-affected	sdk=Simulator::cGameData::Read; containing=00b18530(off+16,tail-10,00b18530..00b1854a,FUN_00b18530); xrefs_to=0; bytes=018b497450e856634200c3cccccccccc; prologue=False padding=False; neighbors=00b18530|00b18550
00b1da30	Simulator::cGameModeManager::GetDifficultyTuning	adjudicated-dead-address	NULL	no-container-no-callers-no-prologue	low	False	no-triage-row-affected	sdk=Simulator::cGameModeManager::GetDifficultyTuning; containing=NONE(No function found for 0x00b1da30); xrefs_to=0; bytes=048b018b5010ffd23bc6741b8b4b383b; prologue=False padding=False; neighbors=00b1d970|00b1daf0
00b1ddc0	Simulator::cGameModeManager::GetActiveDifficultyTuning	repaired-contained	00b1dc60	containing-function-fallback	medium	True	ENGINE_IMPLEMENTATION|P1|INFERRED->GAMEPLAY_SUPPORT|P3|CONFIRMED	sdk=Simulator::cGameModeManager::GetActiveDifficultyTuning; containing=00b1dc60(off+352,tail-181,00b1dc60..00b1de75,FUN_00b1dc60); xrefs_to=0; bytes=64d845016a04680c020000e80035e3ff; prologue=False padding=False; neighbors=00b1dc60|00b1de80
00b1de20	Simulator::cGameModeManager::SubmitEditorRequest	repaired-contained	00b1dc60	containing-function-fallback	medium	True	ENGINE_IMPLEMENTATION|P1|INFERRED->GAMEPLAY_LOGIC|P3|CONFIRMED	sdk=Simulator::cGameModeManager::SubmitEditorRequest; containing=00b1dc60(off+448,tail-85,00b1dc60..00b1de75,FUN_00b1dc60); xrefs_to=0; bytes=442424f30f11442428f30f1144242cf3; prologue=False padding=False; neighbors=00b1dc60|00b1de80
00b1fca0	Simulator::cGameNounManager::SetAvatar	adjudicated-dead-address	NULL	no-container-no-callers-no-prologue	low	False	no-triage-row-affected	sdk=Simulator::cGameNounManager::SetAvatar; containing=NONE(No function found for 0x00b1fca0); xrefs_to=0; bytes=4218ffd06a006a018d4c24185150e8cd; prologue=False padding=False; neighbors=00b1fc00|00b1fd50
00b20bf0	Simulator::cGameNounManager::CreateInstance	adjudicated-tail-alias	NULL	tail-bytes-no-callers	medium	False	no-triage-row-affected	sdk=Simulator::cGameNounManager::CreateInstance; containing=00b20b90(off+96,tail-0,00b20b90..00b20bf0,FUN_00b20b90); xrefs_to=0; bytes=00cccccccccccccccccccccccccccccc; prologue=False padding=False; neighbors=00b20b90|00b20c00
00b20dd0	Simulator::cGameNounManager::CreateNest	repaired-contained	00b20d30	containing-function-fallback	medium	True	UNKNOWN|P3|UNKNOWN->GAMEPLAY_LOGIC|P1|CONFIRMED	sdk=Simulator::cGameNounManager::CreateNest; containing=00b20d30(off+160,tail-106,00b20d30..00b20e3a,FUN_00b20d30); xrefs_to=0; bytes=000000ffd0c64621018b4e2c3bcf740a; prologue=False padding=False; neighbors=00b20d30|00b20e40
00b20f40	Simulator::cGameNounManager::EnsurePlayer	repaired-contained	00b20ee0	containing-function-fallback	medium	True	UNKNOWN|P3|UNKNOWN->GAMEPLAY_LOGIC|P1|CONFIRMED	sdk=Simulator::cGameNounManager::EnsurePlayer; containing=00b20ee0(off+96,tail-75,00b20ee0..00b20f8b,FUN_00b20ee0); xrefs_to=0; bytes=28ed45018bcee83534b8ff8bc65ec208; prologue=False padding=False; neighbors=00b20ee0|00b20fb0
00b221a0	Simulator::GetNounCreateMap	repaired-contained	00b22180	containing-function-fallback	medium	True	UNKNOWN|P3|UNKNOWN->GAMEPLAY_LOGIC|P1|CONFIRMED	sdk=Simulator::GetNounCreateMap; containing=00b22180(off+32,tail-68,00b22180..00b221e4,FUN_00b22180); xrefs_to=0; bytes=f372ef8b477c85c0740f8378fc007409; prologue=False padding=False; neighbors=00b22180|00b221f0
00b22560	Simulator::cGameNounManager::DestroyInstance	adjudicated-tail-alias	NULL	tail-bytes-no-callers	medium	False	no-triage-row-affected	sdk=Simulator::cGameNounManager::DestroyInstance; containing=00b22440(off+288,tail-3,00b22440..00b22563,FUN_00b22440); xrefs_to=0; bytes=015e5bc3cccccccccccccccccccccccc; prologue=False padding=False; neighbors=00b22440|00b225b0
00b228f0	Simulator::cGameNounManager::UpdateModels	repaired-contained	00b227c0	containing-function-fallback	medium	True	UNKNOWN|P3|UNKNOWN->GAMEPLAY_LOGIC|P1|CONFIRMED	sdk=Simulator::cGameNounManager::UpdateModels; containing=00b227c0(off+304,tail-54,00b227c0..00b22926,FUN_00b227c0); xrefs_to=0; bytes=c1731a8b0e85c974078b118b4204ffd0; prologue=False padding=False; neighbors=00b227c0|00b22930
00b23e40	Simulator::RegisterNounType	repaired-contained	00b23c60	containing-function-fallback	medium	True	UNKNOWN|P3|UNKNOWN->GAMEPLAY_LOGIC|P1|CONFIRMED	sdk=Simulator::RegisterNounType; containing=00b23c60(off+480,tail-30,00b23c60..00b23e5e,FUN_00b23c60); xrefs_to=0; bytes=83c4042bdf83fb017e0d85ff740957e8; prologue=False padding=False; neighbors=00b23c60|00b23e60
00b25f90	Simulator::cGameNounManager::GetPlayerCivilization	adjudicated-tail-alias	NULL	tail-bytes-no-callers	medium	False	no-triage-row-affected	sdk=Simulator::cGameNounManager::GetPlayerCivilization; containing=00b25f40(off+80,tail-16,00b25f40..00b25fa0,FUN_00b25f40); xrefs_to=0; bytes=5e5d33c05bc204005f5e5d8bc35bc204; prologue=False padding=False; neighbors=00b25f40|00b25fb0
00b30eb0	Simulator::cGameTerrainCursor::GetTerrainCursor	repaired-contained	00b30e80	containing-function-fallback	medium	True	ENGINE_IMPLEMENTATION|P1|INFERRED->GAMEPLAY_SUPPORT|P3|CONFIRMED	sdk=Simulator::cGameTerrainCursor::GetTerrainCursor; containing=00b30e80(off+48,tail-85,00b30e80..00b30f05,FUN_00b30e80); xrefs_to=0; bytes=85c074318b48042b0833d2c1f90285c9; prologue=False padding=False; neighbors=00b30e80|00b30f10
00b31da0	Simulator::cGameTimeManager::ConvertDeltaTime	repaired-contained	00b31cc0	containing-function-fallback	medium	True	ENGINE_IMPLEMENTATION|P1|INFERRED->GAMEPLAY_LOGIC|P3|CONFIRMED	sdk=Simulator::cGameTimeManager::ConvertDeltaTime; containing=00b31cc0(off+224,tail-248,00b31cc0..00b31e98,FUN_00b31cc0); xrefs_to=0; bytes=0f1144243cf30f1005b8e8670166894c; prologue=False padding=False; neighbors=00b31cc0|00b31ea0
00b321e0	Simulator::cGameTimeManager::GetPauseCount	repaired-contained	00b32190	containing-function-fallback	medium	True	UNKNOWN|P3|UNKNOWN->GAMEPLAY_LOGIC|P1|CONFIRMED	sdk=Simulator::cGameTimeManager::GetPauseCount; containing=00b32190(off+80,tail-53,00b32190..00b32215,FUN_00b32190); xrefs_to=0; bytes=44241800000000e8d41202008b476c83; prologue=False padding=False; neighbors=00b32190|00b32220
00b32330	Simulator::cGameTimeManager::Pause	repaired-contained	00b322c0	containing-function-fallback	medium	True	UNKNOWN|P3|UNKNOWN->GAMEPLAY_LOGIC|P1|CONFIRMED	sdk=Simulator::cGameTimeManager::Pause; containing=00b322c0(off+112,tail-182,00b322c0..00b323e6,FUN_00b322c0); xrefs_to=0; bytes=0cd944240cdf7c24108b442410014630; prologue=False padding=False; neighbors=00b322c0|00b323f0
00b32390	Simulator::cGameTimeManager::Toggle	repaired-contained	00b322c0	containing-function-fallback	medium	True	UNKNOWN|P3|UNKNOWN->GAMEPLAY_LOGIC|P1|CONFIRMED	sdk=Simulator::cGameTimeManager::Toggle; containing=00b322c0(off+208,tail-86,00b322c0..00b323e6,FUN_00b322c0); xrefs_to=0; bytes=b9b4ffd945088b10518bc8d91c248b42; prologue=False padding=False; neighbors=00b322c0|00b323f0
00b32560	Simulator::cGameTimeManager::SetSpeed	repaired-contained	00b324f0	containing-function-fallback	medium	True	ENGINE_IMPLEMENTATION|P1|INFERRED->GAMEPLAY_SUPPORT|P3|CONFIRMED	sdk=Simulator::cGameTimeManager::SetSpeed; containing=00b324f0(off+112,tail-803,00b324f0..00b32883,FUN_00b324f0); xrefs_to=0; bytes=8d04463bc1740d6683385e740c83c002; prologue=False padding=False; neighbors=00b324f0|00b32890
00b3d530	Simulator::cTerraformingManager::Get	repaired-contained	00b3d520	containing-function-fallback	medium	False	stable:GAMEPLAY_SUPPORT|P3|CONFIRMED	sdk=Simulator::cTerraformingManager::Get; containing=00b3d520(off+16,tail-30,00b3d520..00b3d54e,Simulator::cPlantSpeciesManager::Get); xrefs_to=0; bytes=eb00ffd08bf085f674138b168b028bce; prologue=False padding=False; neighbors=00b3d520|00b3d550
00b3d570	Simulator::cSpaceGfx::Get	repaired-contained	00b3d550	containing-function-fallback	medium	False	stable:GAMEPLAY_SUPPORT|P3|CONFIRMED	sdk=Simulator::cSpaceGfx::Get; containing=00b3d550(off+32,tail-115,00b3d550..00b3d5e3,Simulator::cAnimalSpeciesManager::Get); xrefs_to=0; bytes=0000807f3d0000007f7366f30f1001f3; prologue=False padding=False; neighbors=00b3d550|00b3d5f0
00b3d5a0	Simulator::cCommManager::Get	repaired-contained	00b3d550	containing-function-fallback	medium	False	stable:GAMEPLAY_SUPPORT|P3|CONFIRMED	sdk=Simulator::cCommManager::Get; containing=00b3d550(off+80,tail-67,00b3d550..00b3d5e3,Simulator::cAnimalSpeciesManager::Get); xrefs_to=0; bytes=40f30f104104f30f114424048b442404; prologue=False padding=False; neighbors=00b3d550|00b3d5f0
00b5e160	Simulator::cSimulatorSystem::Create	repaired-contained	00b5e0b0	containing-function-fallback	medium	True	UNKNOWN|P3|UNKNOWN->GAMEPLAY_LOGIC|P1|CONFIRMED	sdk=Simulator::cSimulatorSystem::Create; containing=00b5e0b0(off+176,tail-245,00b5e0b0..00b5e255,FUN_00b5e0b0); xrefs_to=0; bytes=3b4108730e8d500489510485c0740f89; prologue=False padding=False; neighbors=00b5e0b0|00b5e260
00b6f480	Simulator::cIdentityColorable::AssignNames	repaired-contained	00b6f380	containing-function-fallback	medium	True	UNKNOWN|P3|UNKNOWN->GAMEPLAY_LOGIC|P1|CONFIRMED	sdk=Simulator::cIdentityColorable::AssignNames; containing=00b6f380(off+256,tail-38,00b6f380..00b6f4a6,FUN_00b6f380); xrefs_to=0; bytes=5f83e1fe83f9025e5b7e0d85c0740950; prologue=False padding=False; neighbors=00b6f380|00b6f4c0
00b72190	Simulator::cObjectPool_::Initialize	repaired-contained	00b72160	containing-function-fallback	medium	True	UNKNOWN|P3|UNKNOWN->GAMEPLAY_LOGIC|P1|CONFIRMED	sdk=Simulator::cObjectPool_::Initialize; containing=00b72160(off+48,tail-48,00b72160..00b721c0,FUN_00b72160); xrefs_to=0; bytes=8bf20faff003318b1e895904ff410847; prologue=False padding=False; neighbors=00b72160|00b721d0
00b72220	Simulator::cObjectPool_::Clear	adjudicated-tail-alias	NULL	tail-bytes-no-callers	medium	False	no-triage-row-affected	sdk=Simulator::cObjectPool_::Clear; containing=00b72210(off+16,tail-1,00b72210..00b72221,FUN_00b72210); xrefs_to=0; bytes=0400cccccccccccccccccccccccccccc; prologue=False padding=False; neighbors=00b72210|00b72230
00b72270	Simulator::cObjectPool_::CreateObject	repaired-contained	00b72260	containing-function-fallback	medium	True	UNKNOWN|P3|UNKNOWN->GAMEPLAY_LOGIC|P1|CONFIRMED	sdk=Simulator::cObjectPool_::CreateObject; containing=00b72260(off+16,tail-19,00b72260..00b72283,FUN_00b72260); xrefs_to=0; bytes=8b31578b7904893c32ff490c5f894104; prologue=False padding=False; neighbors=00b72260|00b72320
00b722e0	Simulator::cObjectPool_::GetIfNotDeleted	adjudicated-dead-address	NULL	no-container-no-callers-no-prologue	low	False	no-triage-row-affected	sdk=Simulator::cObjectPool_::GetIfNotDeleted; containing=NONE(No function found for 0x00b722e0); xrefs_to=0; bytes=0f58c10f28cbf30f59cbf30f58c10f2f; prologue=False padding=False; neighbors=00b72260|00b72320
00b72340	Simulator::cObjectPool_::Iterate	adjudicated-tail-alias	NULL	tail-bytes-no-callers	medium	False	no-triage-row-affected	sdk=Simulator::cObjectPool_::Iterate; containing=00b72320(off+32,tail-9,00b72320..00b72349,Simulator::cObjectPool_::Get); xrefs_to=0; bytes=389c02c3b828e48b3ac3cccccccccccc; prologue=False padding=False; neighbors=00b72320|00b72370
00b7d550	IO::StreamNull::SetSize	repaired-contained	00b7d4f0	containing-function-fallback	medium	True	UNKNOWN|P3|UNKNOWN->ENGINE_INTERFACE|P1|CONFIRMED	sdk=IO::StreamNull::SetSize; containing=00b7d4f0(off+96,tail-41,00b7d4f0..00b7d579,FUN_00b7d4f0); xrefs_to=0; bytes=8b10558bc88b422853ffd084c0740f5f; prologue=False padding=False; neighbors=00b7d4f0|00b7d580
00b7e530	Simulator::cPlanetModel::IsInWater	repaired-contained	00b7e500	containing-function-fallback	medium	True	UNKNOWN|P3|UNKNOWN->GAMEPLAY_LOGIC|P1|CONFIRMED	sdk=Simulator::cPlanetModel::IsInWater; containing=00b7e500(off+48,tail-28,00b7e500..00b7e54c,FUN_00b7e500); xrefs_to=0; bytes=045edcc059c3f30f100514544601f30f; prologue=False padding=False; neighbors=00b7e500|00b7e560
00b7e5e0	Simulator::cPlanetModel::GetGravity	repaired-contained	00b7e560	containing-function-fallback	medium	True	UNKNOWN|P3|UNKNOWN->GAMEPLAY_LOGIC|P1|CONFIRMED	sdk=Simulator::cPlanetModel::GetGravity; containing=00b7e560(off+128,tail-145,00b7e560..00b7e671,FUN_00b7e560); xrefs_to=0; bytes=02ddd8f30f10542404d95c240cf30f10; prologue=False padding=False; neighbors=00b7e560|00b7e680
00b7f0c0	Simulator::cPlanetModel::GetHeightAt	repaired-contained	00b7f060	containing-function-fallback	medium	True	UNKNOWN|P3|UNKNOWN->GAMEPLAY_LOGIC|P1|CONFIRMED	sdk=Simulator::cPlanetModel::GetHeightAt; containing=00b7f060(off+96,tail-203,00b7f060..00b7f18b,FUN_00b7f060); xrefs_to=0; bytes=10442424f30f104c240c8b442428578d; prologue=False padding=False; neighbors=00b7f060|00b7f190
00b7f3a0	Simulator::cPlanetModel::GetOrientation	repaired-contained	00b7f390	containing-function-fallback	medium	True	UNKNOWN|P3|UNKNOWN->GAMEPLAY_LOGIC|P1|CONFIRMED	sdk=Simulator::cPlanetModel::GetOrientation; containing=00b7f390(off+16,tail-51,00b7f390..00b7f3d3,FUN_00b7f390); xrefs_to=0; bytes=8b4e2085c974228d87ffb39afe83f80f; prologue=False padding=False; neighbors=00b7f390|00b7f3f0
00b895f0	Simulator::cPlanetModel::GetNearestCity	repaired-contained	00b894a0	containing-function-fallback	medium	True	UNKNOWN|P3|UNKNOWN->GAMEPLAY_LOGIC|P1|CONFIRMED	sdk=Simulator::cPlanetModel::GetNearestCity; containing=00b894a0(off+336,tail-375,00b894a0..00b89767,FUN_00b894a0); xrefs_to=0; bytes=5c242cf30f2c44242cf30f105f08f30f; prologue=False padding=False; neighbors=00b894a0|00b89770
00ba65f0	Simulator::cStarManager::CalculatePlanetScores	adjudicated-dead-address	NULL	no-container-no-callers-no-prologue	low	False	no-triage-row-affected	sdk=Simulator::cStarManager::CalculatePlanetScores; containing=NONE(No function found for 0x00ba65f0); xrefs_to=0; bytes=5601518d4c2414e894c9aeff8bb42420; prologue=False padding=False; neighbors=00ba64a0|00ba6630
00ba6780	Simulator::cStarManager::NextPoliticalID	repaired-contained	00ba6750	containing-function-fallback	medium	True	UNKNOWN|P3|UNKNOWN->GAMEPLAY_LOGIC|P1|CONFIRMED	sdk=Simulator::cStarManager::NextPoliticalID; containing=00ba6750(off+48,tail-123,00ba6750..00ba67fb,FUN_00ba6750); xrefs_to=0; bytes=1cb83bf3742885f6740c8b068b108bce; prologue=False padding=False; neighbors=00ba6750|00ba6800
00ba6f10	Simulator::cStarManager::GetPlanetRecord	adjudicated-tail-alias	NULL	tail-bytes-no-callers	medium	False	no-triage-row-affected	sdk=Simulator::cStarManager::GetPlanetRecord; containing=00ba6e80(off+144,tail-13,00ba6e80..00ba6f1d,FUN_00ba6e80); xrefs_to=0; bytes=f78bd87cbb5e5f5d8bc35bc21000cccc; prologue=False padding=False; neighbors=00ba6e80|00ba6f20
00ba7250	Simulator::cStarManager::GetStarGridPosition	repaired-contained	00ba7220	containing-function-fallback	medium	True	UNKNOWN|P3|UNKNOWN->GAMEPLAY_LOGIC|P1|CONFIRMED	sdk=Simulator::cStarManager::GetStarGridPosition; containing=00ba7220(off+48,tail-39,00ba7220..00ba7277,FUN_00ba7220); xrefs_to=0; bytes=0d8b417c3b43087505e84230010083c6; prologue=False padding=False; neighbors=00ba7220|00ba7280
00ba8d90	Simulator::cStarManager::GenerateEllipticalOrbit	repaired-contained	00ba8c40	containing-function-fallback	medium	True	UNKNOWN|P3|UNKNOWN->GAMEPLAY_LOGIC|P1|CONFIRMED	sdk=Simulator::cStarManager::GenerateEllipticalOrbit; containing=00ba8c40(off+336,tail-1047,00ba8c40..00ba91a7,FUN_00ba8c40); xrefs_to=0; bytes=442424dce9d9cbdec9d8c2dbf17206dd; prologue=False padding=False; neighbors=00ba8c40|00ba91b0
00bb1020	Simulator::cStarManager::FindClosestStar	repaired-contained	00bb0e90	containing-function-fallback	medium	True	UNKNOWN|P3|UNKNOWN->GAMEPLAY_LOGIC|P1|CONFIRMED	sdk=Simulator::cStarManager::FindClosestStar; containing=00bb0e90(off+400,tail-84,00bb0e90..00bb1074,FUN_00bb0e90); xrefs_to=0; bytes=fffff30f104c2414f30f10542418f30f; prologue=False padding=False; neighbors=00bb0e90|00bb1080
00bb1210	Simulator::cStarManager::FindStars	repaired-contained	00bb1200	containing-function-fallback	medium	True	UNKNOWN|P3|UNKNOWN->GAMEPLAY_LOGIC|P1|CONFIRMED	sdk=Simulator::cStarManager::FindStars; containing=00bb1200(off+16,tail-289,00bb1200..00bb1331,FUN_00bb1200); xrefs_to=0; bytes=7710f30f100538c65601f30f59054cf5; prologue=False padding=False; neighbors=00bb1200|00bb1340
00bb14d0	Simulator::cStarManager::GetEmpireForStar	repaired-contained	00bb14a0	containing-function-fallback	medium	True	UNKNOWN|P3|UNKNOWN->GAMEPLAY_LOGIC|P1|CONFIRMED	sdk=Simulator::cStarManager::GetEmpireForStar; containing=00bb14a0(off+48,tail-137,00bb14a0..00bb1559,FUN_00bb14a0); xrefs_to=0; bytes=8b5c242c8b53048b0b8b4424208bf22b; prologue=False padding=False; neighbors=00bb14a0|00bb1560
00bb2bf0	Simulator::cStarManager::GenerateSolSystem	repaired-contained	00bb2a50	containing-function-fallback	medium	True	UNKNOWN|P3|UNKNOWN->GAMEPLAY_LOGIC|P1|CONFIRMED	sdk=Simulator::cStarManager::GenerateSolSystem; containing=00bb2a50(off+416,tail-2910,00bb2a50..00bb374e,FUN_00bb2a50); xrefs_to=0; bytes=bc35ffff8b8648010000fe80ac000000; prologue=False padding=False; neighbors=00bb2a50|00bb3750
00bb42a0	Simulator::cStarManager::GeneratePlanetsForStar	repaired-contained	00bb4100	containing-function-fallback	medium	True	UNKNOWN|P3|UNKNOWN->GAMEPLAY_LOGIC|P1|CONFIRMED	sdk=Simulator::cStarManager::GeneratePlanetsForStar; containing=00bb4100(off+416,tail-2067,00bb4100..00bb4ab3,FUN_00bb4100); xrefs_to=0; bytes=2434c74424603c000000c74424480200; prologue=False padding=False; neighbors=00bb4100|00bb4af0
00bb4c90	Simulator::cStarManager::RequirePlanetsForStar	repaired-contained	00bb4ba0	containing-function-fallback	medium	True	UNKNOWN|P3|UNKNOWN->GAMEPLAY_LOGIC|P1|CONFIRMED	sdk=Simulator::cStarManager::RequirePlanetsForStar; containing=00bb4ba0(off+240,tail-669,00bb4ba0..00bb4f2d,FUN_00bb4ba0); xrefs_to=0; bytes=00e86ac646008bc8e8c3bf070085c074; prologue=False padding=False; neighbors=00bb4ba0|00bb4f30
00bb5f00	Simulator::cStarManager::StarGenerationMessageHandler	repaired-contained	00bb5d80	containing-function-fallback	medium	True	UNKNOWN|P3|UNKNOWN->GAMEPLAY_LOGIC|P1|CONFIRMED	sdk=Simulator::cStarManager::StarGenerationMessageHandler; containing=00bb5d80(off+384,tail-311,00bb5d80..00bb6037,FUN_00bb5d80); xrefs_to=0; bytes=ceffd2eb0f8d5424145250e8c046f3ff; prologue=False padding=False; neighbors=00bb5d80|00bb6040
00bbabd0	Simulator::cStarRecord::GetPlanetRecord	repaired-contained	00bbaa80	containing-function-fallback	medium	True	UNKNOWN|P3|UNKNOWN->GAMEPLAY_LOGIC|P1|CONFIRMED	sdk=Simulator::cStarRecord::GetPlanetRecord; containing=00bbaa80(off+336,tail-171,00bbaa80..00bbac7b,FUN_00bbaa80); xrefs_to=0; bytes=0950e8a9c7380083c4048b5424708b44; prologue=False padding=False; neighbors=00bbaa80|00bbac80
00bbc7e0	Simulator::cTerraformingManager::GetTScore	repaired-contained	00bbc7c0	containing-function-fallback	medium	True	UNKNOWN|P3|UNKNOWN->GAMEPLAY_LOGIC|P1|CONFIRMED	sdk=Simulator::cTerraformingManager::GetTScore; containing=00bbc7c0(off+32,tail-85,00bbc7c0..00bbc835,FUN_00bbc7c0); xrefs_to=0; bytes=c08b450050742a8b0f51ffd683c40884; prologue=False padding=False; neighbors=00bbc7c0|00bbc840
00bc29a0	Simulator::cTimeOfDay::SetDayDuration	repaired-contained	00bc2900	containing-function-fallback	medium	True	UNKNOWN|P3|UNKNOWN->GAMEPLAY_LOGIC|P1|CONFIRMED	sdk=Simulator::cTimeOfDay::SetDayDuration; containing=00bc2900(off+160,tail-28,00bc2900..00bc29bc,FUN_00bc2900); xrefs_to=0; bytes=00f30f10442434f30f114004f30f1044; prologue=False padding=False; neighbors=00bc2900|00bc29c0
00bc2a30	Simulator::cTimeOfDay::SetSpeedMultiplier	repaired-contained	00bc29c0	containing-function-fallback	medium	True	UNKNOWN|P3|UNKNOWN->GAMEPLAY_LOGIC|P1|CONFIRMED	sdk=Simulator::cTimeOfDay::SetSpeedMultiplier; containing=00bc29c0(off+112,tail-219,00bc29c0..00bc2b0b,FUN_00bc29c0); xrefs_to=0; bytes=5cc1eb26f30f1005d0cf56010f5705b0; prologue=False padding=False; neighbors=00bc29c0|00bc2b30
00bc3070	Simulator::cTimeOfDay::SetTimeOfDay	repaired-contained	00bc3040	containing-function-fallback	medium	True	UNKNOWN|P3|UNKNOWN->GAMEPLAY_LOGIC|P1|CONFIRMED	sdk=Simulator::cTimeOfDay::SetTimeOfDay; containing=00bc3040(off+48,tail-57,00bc3040..00bc30a9,FUN_00bc3040); xrefs_to=0; bytes=894618e828433800f30f100560674601; prologue=False padding=False; neighbors=00bc3040|00bc30b0
00bc3220	Simulator::cTimeOfDay::Get	adjudicated-tail-alias	NULL	tail-bytes-no-callers	medium	False	no-triage-row-affected	sdk=Simulator::cTimeOfDay::Get; containing=00bc31f0(off+48,tail-3,00bc31f0..00bc3223,FUN_00bc31f0); xrefs_to=0; bytes=00c20400cccccccccccccccccccccccc; prologue=False padding=False; neighbors=00bc31f0|00bc3230
00bd6310	Simulator::cCelestialBody::RemoveOwner	repaired-contained	00bd6300	containing-function-fallback	medium	True	UNKNOWN|P3|UNKNOWN->GAMEPLAY_LOGIC|P1|CONFIRMED	sdk=Simulator::cCelestialBody::RemoveOwner; containing=00bd6300(off+16,tail-243,00bd6300..00bd6403,FUN_00bd6300); xrefs_to=0; bytes=b960176001dd5c240cdd5c2404e8aefd; prologue=False padding=False; neighbors=00bd6300|00bd6410
00bd6380	Simulator::cCelestialBody::Write	repaired-contained	00bd6300	containing-function-fallback	medium	True	UNKNOWN|P3|UNKNOWN->GAMEPLAY_LOGIC|P1|CONFIRMED	sdk=Simulator::cCelestialBody::Write; containing=00bd6300(off+128,tail-131,00bd6300..00bd6403,FUN_00bd6300); xrefs_to=0; bytes=2404f30f10542404d9fef30f59daf30f; prologue=False padding=False; neighbors=00bd6300|00bd6410
00bd63f0	Simulator::cCelestialBody::Read	repaired-contained	00bd6300	containing-function-fallback	medium	True	UNKNOWN|P3|UNKNOWN->GAMEPLAY_LOGIC|P1|CONFIRMED	sdk=Simulator::cCelestialBody::Read; containing=00bd6300(off+240,tail-19,00bd6300..00bd6403,FUN_00bd6300); xrefs_to=0; bytes=0f1196a4000000f30f119ea80000005e; prologue=False padding=False; neighbors=00bd6300|00bd6410
00bd6630	Simulator::cCelestialBody::WriteToXML	repaired-contained	00bd6590	containing-function-fallback	medium	True	UNKNOWN|P3|UNKNOWN->GAMEPLAY_LOGIC|P1|CONFIRMED	sdk=Simulator::cCelestialBody::WriteToXML; containing=00bd6590(off+160,tail-240,00bd6590..00bd6720,FUN_00bd6590); xrefs_to=0; bytes=243cf30f1144244ce8036584ff8b8dc0; prologue=False padding=False; neighbors=00bd6590|00bd6730
00bd9d50	Simulator::cCity::IsAboveCity	repaired-contained	00bd9d20	containing-function-fallback	medium	True	UNKNOWN|P3|UNKNOWN->GAMEPLAY_LOGIC|P1|CONFIRMED	sdk=Simulator::cCity::IsAboveCity; containing=00bd9d20(off+48,tail-30,00bd9d20..00bd9d6e,FUN_00bd9d20); xrefs_to=0; bytes=740a8b063b8720030000750d83c6043b; prologue=False padding=False; neighbors=00bd9d20|00bd9d70
00bddef0	Simulator::cCity::SpawnVehicle	repaired-contained	00bdde70	containing-function-fallback	medium	True	UNKNOWN|P3|UNKNOWN->GAMEPLAY_LOGIC|P1|CONFIRMED	sdk=Simulator::cCity::SpawnVehicle; containing=00bdde70(off+128,tail-1446,00bdde70..00bde496,FUN_00bdde70); xrefs_to=0; bytes=1056e88936d4ff8bf08d87a405000083; prologue=False padding=False; neighbors=00bdde70|00bde4a0
00be2040	Simulator::cCity::AddBuilding	repaired-contained	00be1fb0	containing-function-fallback	medium	True	UNKNOWN|P3|UNKNOWN->GAMEPLAY_LOGIC|P1|CONFIRMED	sdk=Simulator::cCity::AddBuilding; containing=00be1fb0(off+144,tail-43,00be1fb0..00be206b,FUN_00be1fb0); xrefs_to=0; bytes=e8cb02ffff8b83200100008b502c8b6e; prologue=False padding=False; neighbors=00be1fb0|00be2070
00be2590	Simulator::cCity::ProcessBuildingUpdate	repaired-contained	00be2440	containing-function-fallback	medium	True	UNKNOWN|P3|UNKNOWN->GAMEPLAY_LOGIC|P1|CONFIRMED	sdk=Simulator::cCity::ProcessBuildingUpdate; containing=00be2440(off+336,tail-1403,00be2440..00be2b0b,FUN_00be2440); xrefs_to=0; bytes=010000898424380100008984243c0100; prologue=False padding=False; neighbors=00be2440|00be2b10
00bf9840	Simulator::cCultureSet::PickCreation	repaired-contained	00bf9820	containing-function-fallback	medium	True	UNKNOWN|P3|UNKNOWN->GAMEPLAY_LOGIC|P1|CONFIRMED	sdk=Simulator::cCultureSet::PickCreation; containing=00bf9820(off+32,tail-1581,00bf9820..00bf9e6d,FUN_00bf9820); xrefs_to=0; bytes=8b8e9c0000008b0133db894424203bc3; prologue=False padding=False; neighbors=00bf9820|00bf9e70
00c033c0	Simulator::cScenarioSimulator::Get	adjudicated-tail-alias	NULL	tail-bytes-no-callers	medium	False	no-triage-row-affected	sdk=Simulator::cScenarioSimulator::Get; containing=00c033a0(off+32,tail-15,00c033a0..00c033cf,FUN_00c033a0); xrefs_to=0; bytes=f3a583c22083c0203bd375e75f5e5bc3; prologue=False padding=False; neighbors=00c033a0|00c033d0
00c04020	Simulator::cCreatureAnimal::AvatarTickAI	repaired-contained	00c04010	containing-function-fallback	medium	True	ENGINE_IMPLEMENTATION|P1|INFERRED->GAMEPLAY_LOGIC|P3|CONFIRMED	sdk=Simulator::cCreatureAnimal::AvatarTickAI; containing=00c04010(off+16,tail-283,00c04010..00c0413b,FUN_00c04010); xrefs_to=0; bytes=dc77f5ff3d104c650175268b068b90d8; prologue=False padding=False; neighbors=00c04010|00c04140
00c09570	Simulator::cCreatureAnimal::NPCTickAI	repaired-contained	00c09410	containing-function-fallback	medium	True	UNKNOWN|P3|UNKNOWN->GAMEPLAY_LOGIC|P1|CONFIRMED	sdk=Simulator::cCreatureAnimal::NPCTickAI; containing=00c09410(off+352,tail-1129,00c09410..00c099d9,FUN_00c09410); xrefs_to=0; bytes=4c2438f30f58c1f30f104c243cf30f59; prologue=False padding=False; neighbors=00c09410|00c099e0
00c09b40	Simulator::cCreatureAnimal::Create	repaired-contained	00c099e0	containing-function-fallback	medium	True	UNKNOWN|P3|UNKNOWN->GAMEPLAY_LOGIC|P1|CONFIRMED	sdk=Simulator::cCreatureAnimal::Create; containing=00c099e0(off+352,tail-1114,00c099e0..00c09f9a,FUN_00c099e0); xrefs_to=0; bytes=744af30f1005b8965d01f30f1186a802; prologue=False padding=False; neighbors=00c099e0|00c09fa0
00c0c1e0	Simulator::cCreatureBase::GetAbilityIndexByType	repaired-contained	00c0c1c0	containing-function-fallback	medium	True	ENGINE_IMPLEMENTATION|P1|INFERRED->GAMEPLAY_SUPPORT|P3|CONFIRMED	sdk=Simulator::cCreatureBase::GetAbilityIndexByType; containing=00c0c1c0(off+32,tail-17,00c0c1c0..00c0c1f1,FUN_00c0c1c0); xrefs_to=0; bytes=1005ccc85001f30f110424d9042459c2; prologue=False padding=False; neighbors=00c0c1c0|00c0c200
00c0eff0	Simulator::cCreatureBase::GetAnimalTarget	repaired-contained	00c0eec0	containing-function-fallback	medium	True	UNKNOWN|P3|UNKNOWN->GAMEPLAY_LOGIC|P1|CONFIRMED	sdk=Simulator::cCreatureBase::GetAnimalTarget; containing=00c0eec0(off+304,tail-649,00c0eec0..00c0f279,FUN_00c0eec0); xrefs_to=0; bytes=cfe81a161100f30f10008b17f30f1144; prologue=False padding=False; neighbors=00c0eec0|00c0f280
00c12470	Simulator::cCreatureBase::PlayAnimation	repaired-contained	00c12410	containing-function-fallback	medium	True	UNKNOWN|P3|UNKNOWN->GAMEPLAY_LOGIC|P1|CONFIRMED	sdk=Simulator::cCreatureBase::PlayAnimation; containing=00c12410(off+96,tail-448,00c12410..00c12630,FUN_00c12410); xrefs_to=0; bytes=114424143bc30f86a8010000895c240c; prologue=False padding=False; neighbors=00c12410|00c12640
00c14b20	Simulator::cCreatureBase::PlayAnimationTo	repaired-contained	00c14aa0	containing-function-fallback	medium	True	ENGINE_IMPLEMENTATION|P1|INFERRED->GAMEPLAY_LOGIC|P3|CONFIRMED	sdk=Simulator::cCreatureBase::PlayAnimationTo; containing=00c14aa0(off+128,tail-389,00c14aa0..00c14ca5,FUN_00c14aa0); xrefs_to=0; bytes=8bc88b4218ffd06a006a018d4c241851; prologue=False padding=False; neighbors=00c14aa0|00c14cb0
00c14fd0	Simulator::cCreatureBase::GetEffectFromPools	repaired-contained	00c14f70	containing-function-fallback	medium	True	UNKNOWN|P3|UNKNOWN->GAMEPLAY_LOGIC|P1|CONFIRMED	sdk=Simulator::cCreatureBase::GetEffectFromPools; containing=00c14f70(off+96,tail-371,00c14f70..00c15143,FUN_00c14f70); xrefs_to=0; bytes=e8fbdbdeff85c0757c8d4c2434e85ef0; prologue=False padding=False; neighbors=00c14f70|00c15150
00c174b0	Simulator::cCreatureBase::StopEffectFromPools	repaired-contained	00c17420	containing-function-fallback	medium	True	UNKNOWN|P3|UNKNOWN->GAMEPLAY_LOGIC|P1|CONFIRMED	sdk=Simulator::cCreatureBase::StopEffectFromPools; containing=00c17420(off+144,tail-205,00c17420..00c1757d,FUN_00c17420); xrefs_to=0; bytes=c410c38b8e200b000050e8911b8cff8b; prologue=False padding=False; neighbors=00c17420|00c17580
00c1c720	Simulator::cCreatureBase::WalkTo	repaired-contained	00c1c5c0	containing-function-fallback	medium	True	UNKNOWN|P3|UNKNOWN->GAMEPLAY_LOGIC|P1|CONFIRMED	sdk=Simulator::cCreatureBase::WalkTo; containing=00c1c5c0(off+352,tail-445,00c1c5c0..00c1c8dd,FUN_00c1c5c0); xrefs_to=0; bytes=447a0d0f2e2518d968019ff6c4447b5f; prologue=False padding=False; neighbors=00c1c5c0|00c1c8e0
00c1d280	Simulator::cCreatureBase::CreateEffectForPool1Renamed	adjudicated-tail-alias	NULL	tail-bytes-no-callers	medium	False	no-triage-row-affected	sdk=Simulator::cCreatureBase::CreateEffectForPool1Renamed; containing=00c1d120(off+352,tail-4,00c1d120..00c1d284,FUN_00c1d120); xrefs_to=0; bytes=c460c20800cccccccccccccccccccccc; prologue=False padding=False; neighbors=00c1d120|00c1d290
00c1d3f0	Simulator::cCreatureBase::CreateEffectForPool1	adjudicated-tail-alias	NULL	tail-bytes-no-callers	medium	False	no-triage-row-affected	sdk=Simulator::cCreatureBase::CreateEffectForPool1; containing=00c1d290(off+352,tail-4,00c1d290..00c1d3f4,FUN_00c1d290); xrefs_to=0; bytes=c460c20400cccccccccccccccccccccc; prologue=False padding=False; neighbors=00c1d290|00c1d400
00c1d560	Simulator::cCreatureBase::CreateAndStartEffectForPool1Renamed	repaired-contained	00c1d460	containing-function-fallback	medium	True	UNKNOWN|P3|UNKNOWN->GAMEPLAY_LOGIC|P1|CONFIRMED	sdk=Simulator::cCreatureBase::CreateAndStartEffectForPool1Renamed; containing=00c1d460(off+256,tail-117,00c1d460..00c1d5d5,FUN_00c1d460); xrefs_to=0; bytes=4230bb0100000066015c243a8bceffd0; prologue=False padding=False; neighbors=00c1d460|00c1d5e0
00c1d590	Simulator::cCreatureBase::CreateAndStartEffectForPool1	repaired-contained	00c1d460	containing-function-fallback	medium	True	UNKNOWN|P3|UNKNOWN->GAMEPLAY_LOGIC|P1|CONFIRMED	sdk=Simulator::cCreatureBase::CreateAndStartEffectForPool1; containing=00c1d460(off+304,tail-69,00c1d460..00c1d5d5,FUN_00c1d460); xrefs_to=0; bytes=4c24400266015c24428b118b521883c4; prologue=False padding=False; neighbors=00c1d460|00c1d5e0
00c1d5c0	Simulator::cCreatureBase::CreateEffectForPool2Renamed	repaired-contained	00c1d460	containing-function-fallback	medium	True	UNKNOWN|P3|UNKNOWN->GAMEPLAY_LOGIC|P1|CONFIRMED	sdk=Simulator::cCreatureBase::CreateEffectForPool2Renamed; containing=00c1d460(off+352,tail-21,00c1d460..00c1d5d5,FUN_00c1d460); xrefs_to=0; bytes=85c974078b018b5004ffd25f8bc65e5b; prologue=False padding=False; neighbors=00c1d460|00c1d5e0
00c1d740	Simulator::cCreatureBase::StartOrStopEffectFromPool2	repaired-contained	00c1d640	containing-function-fallback	medium	True	UNKNOWN|P3|UNKNOWN->GAMEPLAY_LOGIC|P1|CONFIRMED	sdk=Simulator::cCreatureBase::StartOrStopEffectFromPool2; containing=00c1d640(off+256,tail-1014,00c1d640..00c1db36,FUN_00c1d640); xrefs_to=0; bytes=45008944244c8b87140e00008daf0c0e; prologue=False padding=False; neighbors=00c1d640|00c1db40
00c1d7a0	Simulator::cCreatureBase::PlayVoice	repaired-contained	00c1d640	containing-function-fallback	medium	True	UNKNOWN|P3|UNKNOWN->GAMEPLAY_LOGIC|P1|CONFIRMED	sdk=Simulator::cCreatureBase::PlayVoice; containing=00c1d640(off+352,tail-918,00c1d640..00c1db36,FUN_00c1d640); xrefs_to=0; bytes=d10000006838bb3e016a006a0068b409; prologue=False padding=False; neighbors=00c1d640|00c1db40
00c20300	Simulator::cCreatureBase::StartOrStopEffectFromPool1	repaired-contained	00c20230	containing-function-fallback	medium	True	UNKNOWN|P3|UNKNOWN->GAMEPLAY_LOGIC|P1|CONFIRMED	sdk=Simulator::cCreatureBase::StartOrStopEffectFromPool1; containing=00c20230(off+208,tail-3376,00c20230..00c21030,FUN_00c20230); xrefs_to=0; bytes=14837b7c00751b8b8d200b0000f30f10; prologue=False padding=False; neighbors=00c20230|00c21090
00c30de0	Simulator::cEmpire::GetSpeciesProfile	repaired-contained	00c30cc0	containing-function-fallback	medium	True	UNKNOWN|P3|UNKNOWN->GAMEPLAY_LOGIC|P1|CONFIRMED	sdk=Simulator::cEmpire::GetSpeciesProfile; containing=00c30cc0(off+288,tail-63,00c30cc0..00c30e1f,FUN_00c30cc0); xrefs_to=0; bytes=e901740b83e901755bb850152718c3b8; prologue=False padding=False; neighbors=00c30cc0|00c30e20
00c337f0	Simulator::cEmpire::SetSpeciesProfile	repaired-contained	00c33690	containing-function-fallback	medium	True	UNKNOWN|P3|UNKNOWN->GAMEPLAY_LOGIC|P1|CONFIRMED	sdk=Simulator::cEmpire::SetSpeciesProfile; containing=00c33690(off+352,tail-36,00c33690..00c33814,FUN_00c33690); xrefs_to=0; bytes=8b44242c2bc883e1fe83f9027e0d85c0; prologue=False padding=False; neighbors=00c33690|00c338f0
00c38b50	Simulator::cGameDataUFO::ChangeEnergy	repaired-contained	00c38b10	containing-function-fallback	medium	True	UNKNOWN|P3|UNKNOWN->GAMEPLAY_LOGIC|P1|CONFIRMED	sdk=Simulator::cGameDataUFO::ChangeEnergy; containing=00c38b10(off+64,tail-46,00c38b10..00c38b7e,FUN_00c38b10); xrefs_to=0; bytes=24020000eb0a85c07406ff883c060000; prologue=False padding=False; neighbors=00c38b10|00c38b80
00c6ab00	App::cCameraManager::AddRef	repaired-contained	00c6aab0	containing-function-fallback	medium	True	UNKNOWN|P3|UNKNOWN->ENGINE_INTERFACE|P1|CONFIRMED	sdk=App::cCameraManager::AddRef; containing=00c6aab0(off+80,tail-143,00c6aab0..00c6ab8f,FUN_00c6aab0); xrefs_to=0; bytes=007436e84828edff85c0742de83f28ed; prologue=False padding=False; neighbors=00c6aab0|00c6ab90
00c70990	Simulator::cPlanet::GetRingEffect	repaired-contained	00c70980	containing-function-fallback	medium	True	UNKNOWN|P3|UNKNOWN->GAMEPLAY_LOGIC|P1|CONFIRMED	sdk=Simulator::cPlanet::GetRingEffect; containing=00c70980(off+16,tail-30,00c70980..00c709ae,FUN_00c70980); xrefs_to=0; bytes=000000f30f110424d9042459c3f30f10; prologue=False padding=False; neighbors=00c70980|00c709b0
00c70fc0	Simulator::cPlanetRecord::GetPerihelion	adjudicated-tail-alias	NULL	tail-bytes-no-callers	medium	False	no-triage-row-affected	sdk=Simulator::cPlanetRecord::GetPerihelion; containing=00c70fb0(off+16,tail-3,00c70fb0..00c70fc3,FUN_00c70fb0); xrefs_to=0; bytes=b6f4ffc3cccccccccccccccccccccccc; prologue=False padding=False; neighbors=00c70fb0|00c70fd0
00c71b70	Simulator::cPlanet::SetRepresentationMode	repaired-contained	00c719d0	containing-function-fallback	medium	True	UNKNOWN|P3|UNKNOWN->GAMEPLAY_LOGIC|P1|CONFIRMED	sdk=Simulator::cPlanet::SetRepresentationMode; containing=00c719d0(off+416,tail-118,00c719d0..00c71be6,FUN_00c719d0); xrefs_to=0; bytes=ff8bcee808edffff83f801750af30f10; prologue=False padding=False; neighbors=00c719d0|00c71bf0
00c83e80	Simulator::cSolarSystem::CreateStarEffect	repaired-contained	00c83e40	containing-function-fallback	medium	True	UNKNOWN|P3|UNKNOWN->GAMEPLAY_LOGIC|P1|CONFIRMED	sdk=Simulator::cSolarSystem::CreateStarEffect; containing=00c83e40(off+64,tail-327,00c83e40..00c83fc7,FUN_00c83e40); xrefs_to=0; bytes=0000894c24288bf8e8a39f9fff8b1057; prologue=False padding=False; neighbors=00c83e40|00c83fd0
00c842b0	Simulator::GetSolarStarRadius	repaired-contained	00c842a0	containing-function-fallback	medium	True	UNKNOWN|P3|UNKNOWN->GAMEPLAY_LOGIC|P1|CONFIRMED	sdk=Simulator::GetSolarStarRadius; containing=00c842a0(off+16,tail-83,00c842a0..00c84303,FUN_00c842a0); xrefs_to=0; bytes=f30f1104247c4883f8067f438b0d544c; prologue=False padding=False; neighbors=00c842a0|00c84310
00c84330	Simulator::GetSolarStarMass	repaired-contained	00c84310	containing-function-fallback	medium	True	UNKNOWN|P3|UNKNOWN->GAMEPLAY_LOGIC|P1|CONFIRMED	sdk=Simulator::GetSolarStarMass; containing=00c84310(off+32,tail-155,00c84310..00c843cb,FUN_00c84310); xrefs_to=0; bytes=008b15544c69018d0424508b048a6821; prologue=False padding=False; neighbors=00c84310|00c84420
00c84430	Simulator::GetSolarStarRotationRate	repaired-contained	00c84420	containing-function-fallback	medium	True	UNKNOWN|P3|UNKNOWN->GAMEPLAY_LOGIC|P1|CONFIRMED	sdk=Simulator::GetSolarStarRotationRate; containing=00c84420(off+16,tail-484,00c84420..00c84614,FUN_00c84420); xrefs_to=0; bytes=0c508d4c24205152e8337000008b4424; prologue=False padding=False; neighbors=00c84420|00c84620
00c844a0	Simulator::GetSolarStarTemperature	repaired-contained	00c84420	containing-function-fallback	medium	True	UNKNOWN|P3|UNKNOWN->GAMEPLAY_LOGIC|P1|CONFIRMED	sdk=Simulator::GetSolarStarTemperature; containing=00c84420(off+128,tail-372,00c84420..00c84614,FUN_00c84420); xrefs_to=0; bytes=def9d80558344701d95c2408f30f1044; prologue=False padding=False; neighbors=00c84420|00c84620
00c845b0	Simulator::GetBinarySystemBaseRadius	repaired-contained	00c84420	containing-function-fallback	medium	True	UNKNOWN|P3|UNKNOWN->GAMEPLAY_LOGIC|P1|CONFIRMED	sdk=Simulator::GetBinarySystemBaseRadius; containing=00c84420(off+400,tail-100,00c84420..00c84614,FUN_00c84420); xrefs_to=0; bytes=2410894424288b442414894c243c8d4c; prologue=False padding=False; neighbors=00c84420|00c84620
00c847b0	Simulator::cSolarSystem::GenerateCelestialBodiesEffects	repaired-contained	00c84620	containing-function-fallback	medium	True	UNKNOWN|P3|UNKNOWN->GAMEPLAY_LOGIC|P1|CONFIRMED	sdk=Simulator::cSolarSystem::GenerateCelestialBodiesEffects; containing=00c84620(off+400,tail-415,00c84620..00c8494f,FUN_00c84620); xrefs_to=0; bytes=f30f11442420bf0100000066017c2412; prologue=False padding=False; neighbors=00c84620|00c84950
00c84df0	Simulator::GetSolarStarOrbitRadius	repaired-contained	00c84d60	containing-function-fallback	medium	True	UNKNOWN|P3|UNKNOWN->GAMEPLAY_LOGIC|P1|CONFIRMED	sdk=Simulator::GetSolarStarOrbitRadius; containing=00c84d60(off+144,tail-1001,00c84d60..00c851d9,FUN_00c84d60); xrefs_to=0; bytes=598424a8000000f30f1144242c8bcee8; prologue=False padding=False; neighbors=00c84d60|00c851e0
00c856d0	Simulator::cSolarSystem::LoadBinaryStar	repaired-contained	00c85540	containing-function-fallback	medium	True	UNKNOWN|P3|UNKNOWN->GAMEPLAY_LOGIC|P1|CONFIRMED	sdk=Simulator::cSolarSystem::LoadBinaryStar; containing=00c85540(off+400,tail-848,00c85540..00c85a20,FUN_00c85540); xrefs_to=0; bytes=0d6a008bc8e8360df5ff8bd8eb0233db; prologue=False padding=False; neighbors=00c85540|00c85a30
00c85bc0	Simulator::cSolarSystem::LoadAsteroids	repaired-contained	00c85a30	containing-function-fallback	medium	True	UNKNOWN|P3|UNKNOWN->GAMEPLAY_LOGIC|P1|CONFIRMED	sdk=Simulator::cSolarSystem::LoadAsteroids; containing=00c85a30(off+400,tail-1946,00c85a30..00c8635a,FUN_00c85a30); xrefs_to=0; bytes=def30f59d80f28e1f30f59e5f30f5cdc; prologue=False padding=False; neighbors=00c85a30|00c86390
00c868f0	Simulator::cSolarSystem::Load	repaired-contained	00c86760	containing-function-fallback	medium	True	UNKNOWN|P3|UNKNOWN->GAMEPLAY_LOGIC|P1|CONFIRMED	sdk=Simulator::cSolarSystem::Load; containing=00c86760(off+400,tail-423,00c86760..00c86a97,FUN_00c86760); xrefs_to=0; bytes=242cf30f1044242cf30f590570344701; prologue=False padding=False; neighbors=00c86760|00c86aa0
00c86c00	Simulator::cSpaceInventoryItem::CreateMultiDeliveryObject	repaired-contained	00c86aa0	containing-function-fallback	medium	True	UNKNOWN|P3|UNKNOWN->GAMEPLAY_LOGIC|P1|CONFIRMED	sdk=Simulator::cSpaceInventoryItem::CreateMultiDeliveryObject; containing=00c86aa0(off+352,tail-96,00c86aa0..00c86c60,FUN_00c86aa0); xrefs_to=0; bytes=5e83c40cc204008bf03b7744744b8bff; prologue=False padding=False; neighbors=00c86aa0|00c86c70
00c87980	Simulator::cSpaceInventoryItem::SetPropList	repaired-contained	00c878d0	containing-function-fallback	medium	True	UNKNOWN|P3|UNKNOWN->GAMEPLAY_LOGIC|P1|CONFIRMED	sdk=Simulator::cSpaceInventoryItem::SetPropList; containing=00c878d0(off+176,tail-31,00c878d0..00c8799f,FUN_00c878d0); xrefs_to=0; bytes=315e59c38b4c240833c0890159c38b54; prologue=False padding=False; neighbors=00c878d0|00c879a0
00c8b600	Simulator::GetBinarySystemStarTypes	repaired-contained	00c8b5e0	containing-function-fallback	medium	False	stable:GAMEPLAY_LOGIC|P3|CONFIRMED	sdk=Simulator::GetBinarySystemStarTypes; containing=00c8b5e0(off+32,tail-55,00c8b5e0..00c8b637,Simulator::IsBinaryStar); xrefs_to=0; bytes=24558b038b2cb88bcde8a224f0ff3b44; prologue=False padding=False; neighbors=00c8b5e0|00c8b640
00c8b900	Simulator::cStar::GetSolarSystem	repaired-contained	00c8b820	containing-function-fallback	medium	True	UNKNOWN|P3|UNKNOWN->GAMEPLAY_LOGIC|P1|CONFIRMED	sdk=Simulator::cStar::GetSolarSystem; containing=00c8b820(off+224,tail-25,00c8b820..00c8b919,FUN_00c8b820); xrefs_to=0; bytes=148b6c2424473bfd897c24140f8c3eff; prologue=False padding=False; neighbors=00c8b820|00c8b920
00c8b970	Simulator::cStar::IsBinaryStar	repaired-contained	00c8b920	containing-function-fallback	medium	True	UNKNOWN|P3|UNKNOWN->GAMEPLAY_LOGIC|P1|CONFIRMED	sdk=Simulator::cStar::IsBinaryStar; containing=00c8b920(off+80,tail-143,00c8b920..00c8b9ff,FUN_00c8b920); xrefs_to=0; bytes=6c24108944241485c07e63eb038d4900; prologue=False padding=False; neighbors=00c8b920|00c8ba00
00c8b990	Simulator::cStar::IsStarOrBinaryStar	repaired-contained	00c8b920	containing-function-fallback	medium	True	UNKNOWN|P3|UNKNOWN->GAMEPLAY_LOGIC|P1|CONFIRMED	sdk=Simulator::cStar::IsStarOrBinaryStar; containing=00c8b920(off+112,tail-111,00c8b920..00c8b9ff,FUN_00c8b920); xrefs_to=0; bytes=33ffc1fe0285f67e368da42400000000; prologue=False padding=False; neighbors=00c8b920|00c8ba00
00c8d190	Simulator::cEmpire::CaptureSystem	repaired-contained	00c8d060	containing-function-fallback	medium	True	UNKNOWN|P3|UNKNOWN->GAMEPLAY_LOGIC|P1|CONFIRMED	sdk=Simulator::cEmpire::CaptureSystem; containing=00c8d060(off+304,tail-337,00c8d060..00c8d2e1,FUN_00c8d060); xrefs_to=0; bytes=24188b6c2428433bde895c24180f8cfd; prologue=False padding=False; neighbors=00c8d060|00c8d2f0
00ca67c0	Simulator::cVehicle::Load	repaired-contained	00ca6630	containing-function-fallback	medium	True	UNKNOWN|P3|UNKNOWN->GAMEPLAY_LOGIC|P1|CONFIRMED	sdk=Simulator::cVehicle::Load; containing=00ca6630(off+400,tail-1516,00ca6630..00ca6dac,FUN_00ca6630); xrefs_to=0; bytes=ff8bf8568d4c2468897c242ce85f208b; prologue=False padding=False; neighbors=00ca6630|00ca6db0
00cb71c0	Simulator::cArtilleryProjectile::LaunchProjectile	repaired-contained	00cb7110	containing-function-fallback	medium	True	ENGINE_IMPLEMENTATION|P1|INFERRED->GAMEPLAY_LOGIC|P3|CONFIRMED	sdk=Simulator::cArtilleryProjectile::LaunchProjectile; containing=00cb7110(off+176,tail-309,00cb7110..00cb72f5,FUN_00cb7110); xrefs_to=0; bytes=0f28e0f30f59e3f30f59c8f30f59d057; prologue=False padding=False; neighbors=00cb7110|00cb7310
00cb7cf0	Simulator::cFlakProjectile::LaunchProjectile	repaired-contained	00cb7ce0	containing-function-fallback	medium	True	ENGINE_IMPLEMENTATION|P1|INFERRED->GAMEPLAY_LOGIC|P3|CONFIRMED	sdk=Simulator::cFlakProjectile::LaunchProjectile; containing=00cb7ce0(off+16,tail-341,00cb7ce0..00cb7e45,FUN_00cb7ce0); xrefs_to=0; bytes=1400008b068b5020578bf98bceffd28b; prologue=False padding=False; neighbors=00cb7ce0|00cb7e50
00cb88b0	Simulator::cSpaceDefenseMissile::LaunchProjectile	repaired-contained	00cb8760	containing-function-fallback	medium	True	UNKNOWN|P3|UNKNOWN->GAMEPLAY_LOGIC|P1|CONFIRMED	sdk=Simulator::cSpaceDefenseMissile::LaunchProjectile; containing=00cb8760(off+336,tail-45,00cb8760..00cb88dd,FUN_00cb8760); xrefs_to=0; bytes=8b8e0806000083ec08d95c2404d90510; prologue=False padding=False; neighbors=00cb8760|00cb88e0
00cbdb90	Simulator::cCulturalProjectile::LaunchProjectile	repaired-contained	00cbda10	containing-function-fallback	medium	True	UNKNOWN|P3|UNKNOWN->GAMEPLAY_LOGIC|P1|CONFIRMED	sdk=Simulator::cCulturalProjectile::LaunchProjectile; containing=00cbda10(off+384,tail-2728,00cbda10..00cbe638,FUN_00cbda10); xrefs_to=0; bytes=c5558d8c248c0000000f95c3c7872402; prologue=False padding=False; neighbors=00cbda10|00cbe640
00cbe7c0	Simulator::cResourceProjectile::LaunchProjectile	repaired-contained	00cbe640	containing-function-fallback	medium	True	UNKNOWN|P3|UNKNOWN->GAMEPLAY_LOGIC|P1|CONFIRMED	sdk=Simulator::cResourceProjectile::LaunchProjectile; containing=00cbe640(off+384,tail-606,00cbe640..00cbea1e,FUN_00cbe640); xrefs_to=0; bytes=d95c245cf30f1064245cf30f10052057; prologue=False padding=False; neighbors=00cbe640|00cbf120
00ccea90	App::Property::GetValueVector3	repaired-contained	00ccea10	containing-function-fallback	medium	True	UNKNOWN|P3|UNKNOWN->ENGINE_INTERFACE|P1|CONFIRMED	sdk=App::Property::GetValueVector3; containing=00ccea10(off+128,tail-78,00ccea10..00cceade,FUN_00ccea10); xrefs_to=0; bytes=d289bec00000003beb740a8b45008b50; prologue=False padding=False; neighbors=00ccea10|00ccec20
00d01b90	Simulator::cRelationshipManager::RelationshipExists	repaired-contained	00d01b80	containing-function-fallback	medium	True	UNKNOWN|P3|UNKNOWN->GAMEPLAY_LOGIC|P1|CONFIRMED	sdk=Simulator::cRelationshipManager::RelationshipExists; containing=00d01b80(off+16,tail-22,00d01b80..00d01ba6,FUN_00d01b80); xrefs_to=0; bytes=505150518bcee815ffffff508bcee8cd; prologue=False padding=False; neighbors=00d01b80|00d01bb0
00d01bc0	Simulator::cRelationshipManager::GetRelationshipEventValue	repaired-contained	00d01bb0	containing-function-fallback	medium	True	UNKNOWN|P3|UNKNOWN->GAMEPLAY_LOGIC|P1|CONFIRMED	sdk=Simulator::cRelationshipManager::GetRelationshipEventValue; containing=00d01bb0(off+16,tail-485,00d01bb0..00d01da5,FUN_00d01bb0); xrefs_to=0; bytes=24483b5c244c8b6c24448bf00f94c0c7; prologue=False padding=False; neighbors=00d01bb0|00d01db0
00d01e70	Simulator::cRelationshipManager::BreakAlliance	repaired-contained	00d01e30	containing-function-fallback	medium	True	UNKNOWN|P3|UNKNOWN->GAMEPLAY_LOGIC|P1|CONFIRMED	sdk=Simulator::cRelationshipManager::BreakAlliance; containing=00d01e30(off+64,tail-164,00d01e30..00d01f14,FUN_00d01e30); xrefs_to=0; bytes=7404836004fd3b6c2410741b56575657; prologue=False padding=False; neighbors=00d01e30|00d01f20
00d01f60	Simulator::cRelationshipManager::IsAtWar2	repaired-contained	00d01f50	containing-function-fallback	medium	True	UNKNOWN|P3|UNKNOWN->GAMEPLAY_LOGIC|P1|CONFIRMED	sdk=Simulator::cRelationshipManager::IsAtWar2; containing=00d01f50(off+16,tail-66,00d01f50..00d01fa2,FUN_00d01f50); xrefs_to=0; bytes=3bd0750885c974088bd18bc885c97502; prologue=False padding=False; neighbors=00d01f50|00d01fb0
00d01f90	Simulator::cRelationshipManager::IsAtWar	repaired-contained	00d01f50	containing-function-fallback	medium	True	UNKNOWN|P3|UNKNOWN->GAMEPLAY_LOGIC|P1|CONFIRMED	sdk=Simulator::cRelationshipManager::IsAtWar; containing=00d01f50(off+64,tail-18,00d01f50..00d01fa2,FUN_00d01f50); xrefs_to=0; bytes=ff5e85c074088a40042401c2080032c0; prologue=False padding=False; neighbors=00d01f50|00d01fb0
00d02030	Simulator::cRelationshipManager::IsAllied	repaired-contained	00d01ff0	containing-function-fallback	medium	False	stable:GAMEPLAY_LOGIC|P3|CONFIRMED	sdk=Simulator::cRelationshipManager::IsAllied; containing=00d01ff0(off+64,tail-20,00d01ff0..00d02044,Simulator::cRelationshipManager::IsAllied2); xrefs_to=0; bytes=ff5e85c0740a8b4004d1e82401c20800; prologue=False padding=False; neighbors=00d01ff0|00d02050
00d03920	Simulator::cRelationshipManager::DeclarePeace	repaired-contained	00d038e0	containing-function-fallback	medium	True	UNKNOWN|P3|UNKNOWN->GAMEPLAY_LOGIC|P1|CONFIRMED	sdk=Simulator::cRelationshipManager::DeclarePeace; containing=00d038e0(off+64,tail-121,00d038e0..00d03999,FUN_00d038e0); xrefs_to=0; bytes=ff508bcbe8e7daffff85c07404836004; prologue=False padding=False; neighbors=00d038e0|00d039a0
00d05870	Simulator::cRelationshipManager::ResetRelationship	repaired-contained	00d05830	containing-function-fallback	medium	True	UNKNOWN|P3|UNKNOWN->GAMEPLAY_LOGIC|P1|CONFIRMED	sdk=Simulator::cRelationshipManager::ResetRelationship; containing=00d05830(off+64,tail-42,00d05830..00d0589a,FUN_00d05830); xrefs_to=0; bytes=feffff8b50148d7008528bcee87f3dca; prologue=False padding=False; neighbors=00d05830|00d05a20
00d06280	Simulator::cRelationshipManager::ApplyRelationship	repaired-contained	00d06270	containing-function-fallback	medium	True	UNKNOWN|P3|UNKNOWN->GAMEPLAY_LOGIC|P1|CONFIRMED	sdk=Simulator::cRelationshipManager::ApplyRelationship; containing=00d06270(off+16,tail-377,00d06270..00d063f9,FUN_00d06270); xrefs_to=0; bytes=5c2410558b6c2410578bf90f86420100; prologue=False padding=False; neighbors=00d06270|00d06400
00d065e0	Simulator::cRelationshipManager::DeclareWar	repaired-contained	00d065a0	containing-function-fallback	medium	True	UNKNOWN|P3|UNKNOWN->GAMEPLAY_LOGIC|P1|CONFIRMED	sdk=Simulator::cRelationshipManager::DeclareWar; containing=00d065a0(off+64,tail-289,00d065a0..00d06701,FUN_00d065a0); xrefs_to=0; bytes=e8cbb4ffff508bcbe823aeffff85c074; prologue=False padding=False; neighbors=00d065a0|00d06710
00d06960	Simulator::cRelationshipManager::DeclareAlliance	repaired-contained	00d06920	containing-function-fallback	medium	True	UNKNOWN|P3|UNKNOWN->GAMEPLAY_LOGIC|P1|CONFIRMED	sdk=Simulator::cRelationshipManager::DeclareAlliance; containing=00d06920(off+64,tail-224,00d06920..00d06a40,FUN_00d06920); xrefs_to=0; bytes=8bcde8a9aaffff85c07404834804023b; prologue=False padding=False; neighbors=00d06920|00d06a50
00dd6ca0	Simulator::cUIEventLog::HideEvent	repaired-contained	00dd6bc0	containing-function-fallback	medium	True	UNKNOWN|P3|UNKNOWN->GAMEPLAY_LOGIC|P1|CONFIRMED	sdk=Simulator::cUIEventLog::HideEvent; containing=00dd6bc0(off+224,tail-100,00dd6bc0..00dd6d04,FUN_00dd6bc0); xrefs_to=0; bytes=1bc025000000ff05ffffff00508bceff; prologue=False padding=False; neighbors=00dd6bc0|00dd6d10
00dd85e0	Simulator::cUIEventLog::ShowEvent	repaired-contained	00dd85c0	containing-function-fallback	medium	True	UNKNOWN|P3|UNKNOWN->GAMEPLAY_LOGIC|P1|CONFIRMED	sdk=Simulator::cUIEventLog::ShowEvent; containing=00dd85c0(off+32,tail-92,00dd85c0..00dd863c,FUN_00dd85c0); xrefs_to=0; bytes=4004eb028b0085c075ee3bd674078b07; prologue=False padding=False; neighbors=00dd85c0|00dd8640
00dd8d40	Simulator::cUIEventLog::SetVisible	repaired-contained	00dd8640	containing-function-fallback	medium	True	UNKNOWN|P3|UNKNOWN->GAMEPLAY_LOGIC|P1|CONFIRMED	sdk=Simulator::cUIEventLog::SetVisible; containing=00dd8640(off+1792,tail-34,00dd8640..00dd8d62,FUN_00dd8640); xrefs_to=0; bytes=000000c218008b4c24103bcf74078b11; prologue=False padding=False; neighbors=00dd8640|00dd8d80
00dde930	IO::StreamChild::SetSize;Resource::PFRecordRead::SetSize	repaired-contained	00dde900	containing-function-fallback	medium	True	UNKNOWN|P3|UNKNOWN->ENGINE_INTERFACE|P1|CONFIRMED	sdk=IO::StreamChild::SetSize;Resource::PFRecordRead::SetSize; containing=00dde900(off+48,tail-79,00dde900..00dde97f,FUN_00dde900); xrefs_to=0; bytes=5a018b15f4305a01a314315a01a1ec30; prologue=False padding=False; neighbors=00dde900|00dde9e0
00de5900	GalaxyGameEntry::GlobalGGEUI::InitializeUI	repaired-contained	00de58c0	containing-function-fallback	medium	True	UNKNOWN|P3|UNKNOWN->GAMEPLAY_LOGIC|P1|CONFIRMED	sdk=GalaxyGameEntry::GlobalGGEUI::InitializeUI; containing=00de58c0(off+64,tail-69,00de58c0..00de5945,FUN_00de58c0); xrefs_to=0; bytes=85c0740950e8761a160083c4048b068b; prologue=False padding=False; neighbors=00de58c0|00de5950
00dea1b0	GalaxyGameEntry::GlobalGGEUI::Initialize	repaired-contained	00de9fc0	containing-function-fallback	medium	True	UNKNOWN|P3|UNKNOWN->GAMEPLAY_LOGIC|P1|CONFIRMED	sdk=GalaxyGameEntry::GlobalGGEUI::Initialize; containing=00de9fc0(off+496,tail-75,00de9fc0..00dea1fb,FUN_00de9fc0); xrefs_to=0; bytes=cde85aceffff8b4424383bc6740e3970; prologue=False padding=False; neighbors=00de9fc0|00dea200
00e4cbf0	Simulator::Cell::GetData	repaired-contained	00e4cad0	containing-function-fallback	medium	True	UNKNOWN|P3|UNKNOWN->GAMEPLAY_LOGIC|P1|CONFIRMED	sdk=Simulator::Cell::GetData; containing=00e4cad0(off+288,tail-17,00e4cad0..00e4cc01,FUN_00e4cad0); xrefs_to=0; bytes=0d85c0740950e885a70f0083c40483c4; prologue=False padding=False; neighbors=00e4cad0|00e4cc10
00e4fc00	Simulator::Cell::cCellGFX::PreloadLootTableResource	repaired-contained	00e4fbb0	containing-function-fallback	medium	True	UNKNOWN|P3|UNKNOWN->GAMEPLAY_LOGIC|P1|CONFIRMED	sdk=Simulator::Cell::cCellGFX::PreloadLootTableResource; containing=00e4fbb0(off+80,tail-31,00e4fbb0..00e4fc1f,FUN_00e4fbb0); xrefs_to=0; bytes=010000008b5120833c90027507c70490; prologue=False padding=False; neighbors=00e4fbb0|00e4fc20
00e50fe0	App::cCellModeStrategy::func20h	repaired-contained	00e50f60	containing-function-fallback	medium	True	UNKNOWN|P3|UNKNOWN->ENGINE_INTERFACE|P1|CONFIRMED	sdk=App::cCellModeStrategy::func20h; containing=00e50f60(off+128,tail-22,00e50f60..00e50ff6,FUN_00e50f60); xrefs_to=0; bytes=0000008b150c3c6b01c7828800000000; prologue=False padding=False; neighbors=00e50f60|00e51010
00e50ff0	App::cCellModeStrategy::OnKeyUp	adjudicated-tail-alias	NULL	tail-bytes-no-callers	medium	False	no-triage-row-affected	sdk=App::cCellModeStrategy::OnKeyUp; containing=00e50f60(off+144,tail-6,00e50f60..00e50ff6,FUN_00e50f60); xrefs_to=0; bytes=00000083c414c3cccccccccccccccccc; prologue=False padding=False; neighbors=00e50f60|00e51010
00e62700	App::cCellModeStrategy::HandleMessage	adjudicated-data/vtable-slot-not-code	NULL	vtable-slot-ptr-no-container	high	False	no-triage-row-affected	sdk=App::cCellModeStrategy::HandleMessage; containing=NONE(No function found for 0x00e62700); xrefs_to=0; bytes=8b4424043d620212057763742e3d5a9b; prologue=False padding=True; vtable_slots=1(01485550); neighbors=00e62500|00e627a0
00e87210	Simulator::Cell::FindCellsInRadius	repaired-contained	00e87200	containing-function-fallback	medium	True	UNKNOWN|P3|UNKNOWN->GAMEPLAY_LOGIC|P1|CONFIRMED	sdk=Simulator::Cell::FindCellsInRadius; containing=00e87200(off+16,tail-67,00e87200..00e87253,FUN_00e87200); xrefs_to=0; bytes=ff83c4048b46085e85c07501c3d94424; prologue=False padding=False; neighbors=00e87200|00e87260
00eecd40	Simulator::cScenarioClass::GetObjectType	repaired-contained	00eeccb0	containing-function-fallback	medium	True	UNKNOWN|P3|UNKNOWN->GAMEPLAY_LOGIC|P1|CONFIRMED	sdk=Simulator::cScenarioClass::GetObjectType; containing=00eeccb0(off+144,tail-217,00eeccb0..00eece19,FUN_00eeccb0); xrefs_to=0; bytes=cee89af3d1ff8a4c24103ac80f848500; prologue=False padding=False; neighbors=00eeccb0|00eece20
00eedd40	Simulator::cScenarioData::CreateObjectInstance	repaired-contained	00eedc10	containing-function-fallback	medium	True	UNKNOWN|P3|UNKNOWN->GAMEPLAY_LOGIC|P1|CONFIRMED	sdk=Simulator::cScenarioData::CreateObjectInstance; containing=00eedc10(off+304,tail-113,00eedc10..00eeddb1,FUN_00eedc10); xrefs_to=0; bytes=00898c2488000000898c248c0000008b; prologue=False padding=False; neighbors=00eedc10|00eeddc0
00efc410	Simulator::cScenarioData::GetEditModeActIndex	adjudicated-dead-address	NULL	no-container-no-callers-no-prologue	low	False	no-triage-row-affected	sdk=Simulator::cScenarioData::GetEditModeActIndex; containing=NONE(No function found for 0x00efc410); xrefs_to=0; bytes=5ec208008b54240c817a0870513cd275; prologue=False padding=False; neighbors=00efbf00|00efc4c0
00f1ee70	Simulator::cScenarioPlayMode::SetCurrentAct	repaired-contained	00f1ecf0	containing-function-fallback	medium	True	UNKNOWN|P3|UNKNOWN->GAMEPLAY_LOGIC|P1|CONFIRMED	sdk=Simulator::cScenarioPlayMode::SetCurrentAct; containing=00f1ecf0(off+384,tail-278,00f1ecf0..00f1ef86,FUN_00f1ecf0); xrefs_to=0; bytes=8bcbe839280200894630837e24087540; prologue=False padding=False; neighbors=00f1ecf0|00f1ef90
00f1f060	Simulator::cScenarioPlayMode::Initialize	repaired-contained	00f1ef90	containing-function-fallback	medium	True	UNKNOWN|P3|UNKNOWN->GAMEPLAY_LOGIC|P1|CONFIRMED	sdk=Simulator::cScenarioPlayMode::Initialize; containing=00f1ef90(off+208,tail-283,00f1ef90..00f1f17b,FUN_00f1ef90); xrefs_to=0; bytes=8c16b0ff85c0740b8b108bc88b4220ff; prologue=False padding=False; neighbors=00f1ef90|00f1f180
00f1f3c0	Simulator::cScenarioPlayMode::JumpToAct	repaired-contained	00f1f3b0	containing-function-fallback	medium	True	UNKNOWN|P3|UNKNOWN->GAMEPLAY_LOGIC|P1|CONFIRMED	sdk=Simulator::cScenarioPlayMode::JumpToAct; containing=00f1f3b0(off+16,tail-283,00f1f3b0..00f1f4db,FUN_00f1f3b0); xrefs_to=0; bytes=4cf7e9c1fa078beac1ed1f03ea33db85; prologue=False padding=False; neighbors=00f1f3b0|00f1f4e0
00f207d0	Simulator::cScenarioPowerup::ActivateMine	repaired-contained	00f20620	containing-function-fallback	medium	True	UNKNOWN|P3|UNKNOWN->GAMEPLAY_LOGIC|P1|CONFIRMED	sdk=Simulator::cScenarioPowerup::ActivateMine; containing=00f20620(off+432,tail-297,00f20620..00f208f9,FUN_00f20620); xrefs_to=0; bytes=0f114c24248b4c2424f30f115424288b; prologue=False padding=False; neighbors=00f20620|00f20900
00f20860	Simulator::cScenarioPowerup::ActivateGrenade	repaired-contained	00f20620	containing-function-fallback	medium	True	UNKNOWN|P3|UNKNOWN->GAMEPLAY_LOGIC|P1|CONFIRMED	sdk=Simulator::cScenarioPowerup::ActivateGrenade; containing=00f20620(off+576,tail-153,00f20620..00f208f9,FUN_00f20620); xrefs_to=0; bytes=0f59cbf30f59d3f30f1144242cf30f11; prologue=False padding=False; neighbors=00f20620|00f20900
00f225e0	Simulator::cScenarioPowerup::ActivateMedKit	repaired-contained	00f22070	containing-function-fallback	medium	True	UNKNOWN|P3|UNKNOWN->GAMEPLAY_LOGIC|P1|CONFIRMED	sdk=Simulator::cScenarioPowerup::ActivateMedKit; containing=00f22070(off+1392,tail-77,00f22070..00f2262d,FUN_00f22070); xrefs_to=0; bytes=84c075318b4c246483c104894c24643b; prologue=False padding=False; neighbors=00f22070|00f22630
00f22800	Simulator::cScenarioPowerup::ActivateEnergyKit	repaired-contained	00f22710	containing-function-fallback	medium	True	UNKNOWN|P3|UNKNOWN->GAMEPLAY_LOGIC|P1|CONFIRMED	sdk=Simulator::cScenarioPowerup::ActivateEnergyKit; containing=00f22710(off+240,tail-288,00f22710..00f22920,FUN_00f22710); xrefs_to=0; bytes=016a005150e89667baff8b5424785052; prologue=False padding=False; neighbors=00f22710|00f22930
00f22970	Simulator::cScenarioPowerup::ActivateArmorBoost	repaired-contained	00f22930	containing-function-fallback	medium	True	UNKNOWN|P3|UNKNOWN->GAMEPLAY_LOGIC|P1|CONFIRMED	sdk=Simulator::cScenarioPowerup::ActivateArmorBoost; containing=00f22930(off+64,tail-295,00f22930..00f22a97,FUN_00f22930); xrefs_to=0; bytes=e88b46185150e82566baff8b1783c40c; prologue=False padding=False; neighbors=00f22930|00f22aa0
00f22c20	Simulator::cScenarioPowerup::ActivateDamageBoost	repaired-contained	00f22aa0	containing-function-fallback	medium	True	UNKNOWN|P3|UNKNOWN->GAMEPLAY_LOGIC|P1|CONFIRMED	sdk=Simulator::cScenarioPowerup::ActivateDamageBoost; containing=00f22aa0(off+384,tail-294,00f22aa0..00f22d46,FUN_00f22aa0); xrefs_to=0; bytes=c0743c8b4c24180fb741126683f80d74; prologue=False padding=False; neighbors=00f22aa0|00f22d50
00f22ed0	Simulator::cScenarioPowerup::ActivateSpeedBoost	repaired-contained	00f22d50	containing-function-fallback	medium	True	UNKNOWN|P3|UNKNOWN->GAMEPLAY_LOGIC|P1|CONFIRMED	sdk=Simulator::cScenarioPowerup::ActivateSpeedBoost; containing=00f22d50(off+384,tail-294,00f22d50..00f22ff6,FUN_00f22d50); xrefs_to=0; bytes=c0743c8b4c24180fb741126683f80d74; prologue=False padding=False; neighbors=00f22d50|00f23000
00f23280	Simulator::cScenarioPowerup::ActivateTeleporter	repaired-contained	00f23220	containing-function-fallback	medium	True	UNKNOWN|P3|UNKNOWN->GAMEPLAY_LOGIC|P1|CONFIRMED	sdk=Simulator::cScenarioPowerup::ActivateTeleporter; containing=00f23220(off+96,tail-23,00f23220..00f23297,FUN_00f23220); xrefs_to=0; bytes=1c245051e8f7ddffff83c4148d0c24e8; prologue=False padding=False; neighbors=00f23220|00f232a0
00f234b0	Simulator::cScenarioPowerup::ActivateJumpPad	repaired-contained	00f233b0	containing-function-fallback	medium	True	UNKNOWN|P3|UNKNOWN->GAMEPLAY_LOGIC|P1|CONFIRMED	sdk=Simulator::cScenarioPowerup::ActivateJumpPad; containing=00f233b0(off+256,tail-297,00f233b0..00f235d9,FUN_00f233b0); xrefs_to=0; bytes=008b4230518bcdd91c24ffd08b4c2454; prologue=False padding=False; neighbors=00f233b0|00f235e0
00f23ab0	Simulator::cScenarioPowerup::ActivateGate	repaired-contained	00f239f0	containing-function-fallback	medium	True	UNKNOWN|P3|UNKNOWN->GAMEPLAY_LOGIC|P1|CONFIRMED	sdk=Simulator::cScenarioPowerup::ActivateGate; containing=00f239f0(off+192,tail-290,00f239f0..00f23bd2,FUN_00f239f0); xrefs_to=0; bytes=088b0dd0836c0133d28950048b561833; prologue=False padding=False; neighbors=00f239f0|00f23be0
00f23bf0	Simulator::cScenarioPowerup::ReactToPowerup	repaired-contained	00f23be0	containing-function-fallback	medium	True	UNKNOWN|P3|UNKNOWN->GAMEPLAY_LOGIC|P1|CONFIRMED	sdk=Simulator::cScenarioPowerup::ReactToPowerup; containing=00f23be0(off+16,tail-130,00f23be0..00f23c72,FUN_00f23be0); xrefs_to=0; bytes=b0836c018b74241c8b46186a005150e8; prologue=False padding=False; neighbors=00f23be0|00f23c80
00f2fc40	Simulator::cScenarioResource::Read	repaired-contained	00f2f830	containing-function-fallback	medium	True	UNKNOWN|P3|UNKNOWN->GAMEPLAY_LOGIC|P1|CONFIRMED	sdk=Simulator::cScenarioResource::Read; containing=00f2f830(off+1040,tail-339,00f2f830..00f2fd93,FUN_00f2f830); xrefs_to=0; bytes=b439700100008b7e04535757e8dfbcec; prologue=False padding=False; neighbors=00f2f830|00f2fda0
00f32040	Simulator::cScenarioTerraformMode::SetBeachColor	repaired-contained	00f32030	containing-function-fallback	medium	True	UNKNOWN|P3|UNKNOWN->GAMEPLAY_LOGIC|P1|CONFIRMED	sdk=Simulator::cScenarioTerraformMode::SetBeachColor; containing=00f32030(off+16,tail-181,00f32030..00f320f5,FUN_00f32030); xrefs_to=0; bytes=8b018b5004ffd28b4e103bcf741d897e; prologue=False padding=False; neighbors=00f32030|00f32100
00f32090	Simulator::cScenarioTerraformMode::SetCliffColor	repaired-contained	00f32030	containing-function-fallback	medium	True	UNKNOWN|P3|UNKNOWN->GAMEPLAY_LOGIC|P1|CONFIRMED	sdk=Simulator::cScenarioTerraformMode::SetCliffColor; containing=00f32030(off+96,tail-101,00f32030..00f320f5,FUN_00f32030); xrefs_to=0; bytes=3bcf742168a0856c01e892cfc5ff8b0d; prologue=False padding=False; neighbors=00f32030|00f32100
00f33a90	Simulator::cScenarioTerraformMode::StartHistoryEntry	repaired-contained	00f33a80	containing-function-fallback	medium	True	UNKNOWN|P3|UNKNOWN->GAMEPLAY_LOGIC|P1|CONFIRMED	sdk=Simulator::cScenarioTerraformMode::StartHistoryEntry; containing=00f33a80(off+16,tail-33,00f33a80..00f33ab1,FUN_00f33a80); xrefs_to=0; bytes=7c241883ee3883ef38568bcfe81f4360; prologue=False padding=False; neighbors=00f33a80|00f33ac0
00f34400	Simulator::cScenarioTerraformMode::CommitHistoryEntry	repaired-contained	00f343a0	containing-function-fallback	medium	True	UNKNOWN|P3|UNKNOWN->GAMEPLAY_LOGIC|P1|CONFIRMED	sdk=Simulator::cScenarioTerraformMode::CommitHistoryEntry; containing=00f343a0(off+96,tail-208,00f343a0..00f344d0,FUN_00f343a0); xrefs_to=0; bytes=0100008b50088b8e94010000578d4424; prologue=False padding=False; neighbors=00f343a0|00f344e0
00f3e740	Simulator::cScenarioData::GetClass	repaired-contained	00f3e6d0	containing-function-fallback	medium	True	UNKNOWN|P3|UNKNOWN->GAMEPLAY_LOGIC|P1|CONFIRMED	sdk=Simulator::cScenarioData::GetClass; containing=00f3e6d0(off+112,tail-198,00f3e6d0..00f3e806,FUN_00f3e6d0); xrefs_to=0; bytes=c780840100000d00000032c05bc21000; prologue=False padding=False; neighbors=00f3e6d0|00f3e810
00f3f7f0	Simulator::cScenarioData::GetCurrentClassAct	repaired-contained	00f3f110	containing-function-fallback	medium	True	UNKNOWN|P3|UNKNOWN->GAMEPLAY_LOGIC|P1|CONFIRMED	sdk=Simulator::cScenarioData::GetCurrentClassAct; containing=00f3f110(off+1760,tail-348,00f3f110..00f3f94c,FUN_00f3f110); xrefs_to=0; bytes=c2140081ff0d1d3d5b744481ff3ac031; prologue=False padding=False; neighbors=00f3f110|00f3f950
00f44690	Simulator::cScenarioData::Initialize	repaired-contained	00f445c0	containing-function-fallback	medium	True	UNKNOWN|P3|UNKNOWN->GAMEPLAY_LOGIC|P1|CONFIRMED	sdk=Simulator::cScenarioData::Initialize; containing=00f445c0(off+208,tail-95,00f445c0..00f446ef,FUN_00f445c0); xrefs_to=0; bytes=e8518d8f90000000896c241ce81f2ec0; prologue=False padding=False; neighbors=00f445c0|00f446f0
00f45810	Simulator::cScenarioData::StartHistoryEntry	repaired-contained	00f455e0	containing-function-fallback	medium	True	UNKNOWN|P3|UNKNOWN->GAMEPLAY_LOGIC|P1|CONFIRMED	sdk=Simulator::cScenarioData::StartHistoryEntry; containing=00f455e0(off+560,tail-351,00f455e0..00f4596f,FUN_00f455e0); xrefs_to=0; bytes=00886c01894808eb278944241c895424; prologue=False padding=False; neighbors=00f455e0|00f45970
00f47220	GeneralAllocator::delete_	repaired-contained	00f47170	containing-function-fallback	medium	True	UNKNOWN|P3|UNKNOWN->ENGINE_INTERFACE|P1|CONFIRMED	sdk=GeneralAllocator::delete_; containing=00f47170(off+176,tail-346,00f47170..00f4737a,FUN_00f47170); xrefs_to=0; bytes=8b467483c4186a006a0052508d4e0ce8; prologue=False padding=False; neighbors=00f47170|00f47380
00f47240	GeneralAllocator::new_	repaired-contained	00f47170	containing-function-fallback	medium	True	UNKNOWN|P3|UNKNOWN->ENGINE_INTERFACE|P1|CONFIRMED	sdk=GeneralAllocator::new_; containing=00f47170(off+208,tail-314,00f47170..00f4737a,FUN_00f47170); xrefs_to=0; bytes=2bc883e1fe83f9027e0d85c0740950e8; prologue=False padding=False; neighbors=00f47170|00f47380
00f47420	App::cSporeApp::Run	adjudicated-tail-alias	NULL	tail-bytes-no-callers	medium	False	no-triage-row-affected	sdk=App::cSporeApp::Run; containing=00f47410(off+16,tail-0,00f47410..00f47420,FUN_00f47410); xrefs_to=0; bytes=c3cccccccccccccccccccccccccccccc; prologue=False padding=False; neighbors=00f47410|00f47430
00f475a0	App::cSporeApp::Shutdown	adjudicated-tail-alias	NULL	tail-bytes-no-callers	medium	False	no-triage-row-affected	sdk=App::cSporeApp::Shutdown; containing=00f47580(off+32,tail-12,00f47580..00f475ac,FUN_00f47580); xrefs_to=0; bytes=d084c07406807e0d0075e55ec3cccccc; prologue=False padding=False; neighbors=00f47580|00f475b0
00f47e90	App::cSporeApp::Init	repaired-contained	00f47d80	containing-function-fallback	medium	True	UNKNOWN|P3|UNKNOWN->ENGINE_INTERFACE|P1|CONFIRMED	sdk=App::cSporeApp::Init; containing=00f47d80(off+272,tail-48,00f47d80..00f47ec0,FUN_00f47d80); xrefs_to=0; bytes=0950e8e9f4ffff83c4048b54240c8b44; prologue=False padding=False; neighbors=00f47d80|00f47ed0
00f48810	App::cSporeApp::EAMain	repaired-contained	00f47ed0	containing-function-fallback	medium	True	UNKNOWN|P3|UNKNOWN->ENGINE_INTERFACE|P1|CONFIRMED	sdk=App::cSporeApp::EAMain; containing=00f47ed0(off+2368,tail-60,00f47ed0..00f4884c,FUN_00f47ed0); xrefs_to=0; bytes=00c6460c01e846b19eff8d4c247ce83d; prologue=False padding=False; neighbors=00f47ed0|00f48850
00f48a40	Terrain::ITerrainResourceManager::Get	repaired-contained	00f48a20	containing-function-fallback	medium	True	GAMEPLAY_SUPPORT|P3|SUPPORTED->GAMEPLAY_SUPPORT|P1|CONFIRMED	sdk=Terrain::ITerrainResourceManager::Get; containing=00f48a20(off+32,tail-18,00f48a20..00f48a52,GetTerrainShaderMgr); xrefs_to=0; bytes=4c24048bf0e806ea68ff8bc65e83c438; prologue=False padding=False; neighbors=00f48a20|00f48a60
00f67d40	App::Canvas::GetWindow	repaired-contained	00f67aa0	containing-function-fallback	medium	True	UNKNOWN|P3|UNKNOWN->ENGINE_INTERFACE|P1|CONFIRMED	sdk=App::Canvas::GetWindow; containing=00f67aa0(off+672,tail-74,00f67aa0..00f67d8a,FUN_00f67aa0); xrefs_to=0; bytes=24103bc3740c8b088b510850ffd28b54; prologue=False padding=False; neighbors=00f67aa0|00f67d90
00f92760	Terrain::cTerrainMapSet::GetHeight	repaired-contained	00f925b0	containing-function-fallback	medium	True	UNKNOWN|P3|UNKNOWN->GAMEPLAY_LOGIC|P1|CONFIRMED	sdk=Terrain::cTerrainMapSet::GetHeight; containing=00f925b0(off+432,tail-90,00f925b0..00f927ba,FUN_00f925b0); xrefs_to=0; bytes=837c241000744a837c2430007e438b44; prologue=False padding=False; neighbors=00f925b0|00f927c0
00f96ae0	Terrain::CreateRefractionRTTs	adjudicated-dead-address	NULL	no-container-no-callers-no-prologue	low	False	no-triage-row-affected	sdk=Terrain::CreateRefractionRTTs; containing=NONE(No function found for 0x00f96ae0); xrefs_to=0; bytes=00c20c00f30f1044240cf30f1181200a; prologue=False padding=False; neighbors=00f96a00|00f96b40
00f96c00	Terrain::DisposeRefractionRTTs	repaired-contained	00f96b40	containing-function-fallback	medium	True	UNKNOWN|P3|UNKNOWN->GAMEPLAY_LOGIC|P1|CONFIRMED	sdk=Terrain::DisposeRefractionRTTs; containing=00f96b40(off+192,tail-82,00f96b40..00f96c52,FUN_00f96b40); xrefs_to=0; bytes=685861ec436a006a1568000100006800; prologue=False padding=False; neighbors=00f96b40|00f96c60
00f97fc0	Terrain::cTerrainSphere::RenderTerrainWater	repaired-contained	00f97f50	containing-function-fallback	medium	True	UNKNOWN|P3|UNKNOWN->GAMEPLAY_LOGIC|P1|CONFIRMED	sdk=Terrain::cTerrainSphere::RenderTerrainWater; containing=00f97f50(off+112,tail-86,00f97f50..00f98016,FUN_00f97f50); xrefs_to=0; bytes=0089440f0ceb0e8b9690010000c74417; prologue=False padding=False; neighbors=00f97f50|00f98020
00f984d0	Terrain::cTerrainSphere::RenderTerrainSeabedAsLand	repaired-contained	00f98290	containing-function-fallback	medium	True	UNKNOWN|P3|UNKNOWN->GAMEPLAY_LOGIC|P1|CONFIRMED	sdk=Terrain::cTerrainSphere::RenderTerrainSeabedAsLand; containing=00f98290(off+576,tail-88,00f98290..00f98528,FUN_00f98290); xrefs_to=0; bytes=f30f104424340f2f44241c761a8b068b; prologue=False padding=False; neighbors=00f98290|00f98530
00f98910	Terrain::cTerrainSphere::PrepareShaderData	adjudicated-dead-address	NULL	no-container-no-callers-no-prologue	low	False	no-triage-row-affected	sdk=Terrain::cTerrainSphere::PrepareShaderData; containing=NONE(No function found for 0x00f98910); xrefs_to=0; bytes=0857833a0074068b3a3937741c8bb9bc; prologue=False padding=False; neighbors=00f98890|00f98970
00f9b860	Terrain::cTerrainSphere::Generate	repaired-contained	00f9b7f0	containing-function-fallback	medium	True	ENGINE_IMPLEMENTATION|P1|INFERRED->GAMEPLAY_LOGIC|P3|CONFIRMED	sdk=Terrain::cTerrainSphere::Generate; containing=00f9b7f0(off+112,tail-80,00f9b7f0..00f9b8b0,FUN_00f9b7f0); xrefs_to=0; bytes=2424e869c748ff8b078b50148d4c2410; prologue=False padding=False; neighbors=00f9b7f0|00f9b8c0
00f9bbe0	Terrain::cTerrainSphere::RenderTerrainRibbons	repaired-contained	00f9bb50	containing-function-fallback	medium	True	UNKNOWN|P3|UNKNOWN->GAMEPLAY_LOGIC|P1|CONFIRMED	sdk=Terrain::cTerrainSphere::RenderTerrainRibbons; containing=00f9bb50(off+144,tail-93,00f9bb50..00f9bc3d,FUN_00f9bb50); xrefs_to=0; bytes=04f30f116208eb410f2fc376030f28c3; prologue=False padding=False; neighbors=00f9bb50|00f9bc40
00f9bca0	Terrain::cTerrainSphere::MainRenderPass	repaired-contained	00f9bc40	containing-function-fallback	medium	True	UNKNOWN|P3|UNKNOWN->GAMEPLAY_LOGIC|P1|CONFIRMED	sdk=Terrain::cTerrainSphere::MainRenderPass; containing=00f9bc40(off+96,tail-86,00f9bc40..00f9bcf6,FUN_00f9bc40); xrefs_to=0; bytes=869001000083c40cc1f80485c07e3655; prologue=False padding=False; neighbors=00f9bc40|00f9bd00
00f9c420	Terrain::cTerrainSphere::RenderWaterReflection	repaired-contained	00f9c0d0	containing-function-fallback	medium	True	UNKNOWN|P3|UNKNOWN->GAMEPLAY_LOGIC|P1|CONFIRMED	sdk=Terrain::cTerrainSphere::RenderWaterReflection; containing=00f9c0d0(off+848,tail-70,00f9c0d0..00f9c466,FUN_00f9c0d0); xrefs_to=0; bytes=24e8dac501008b44245851d91c245350; prologue=False padding=False; neighbors=00f9c0d0|00f9c470
00f9e0e0	Terrain::CreateScatterRTTs	repaired-contained	00f9df20	containing-function-fallback	medium	True	UNKNOWN|P3|UNKNOWN->GAMEPLAY_LOGIC|P1|CONFIRMED	sdk=Terrain::CreateScatterRTTs; containing=00f9df20(off+448,tail-63,00f9df20..00f9e11f,FUN_00f9df20); xrefs_to=0; bytes=ccf8ffffeb1f8b6c24648b5c246033ff; prologue=False padding=False; neighbors=00f9df20|00f9e120
00f9e240	Terrain::CreateReflectionRTTs	repaired-contained	00f9e1f0	containing-function-fallback	medium	True	UNKNOWN|P3|UNKNOWN->GAMEPLAY_LOGIC|P1|CONFIRMED	sdk=Terrain::CreateReflectionRTTs; containing=00f9e1f0(off+80,tail-51,00f9e1f0..00f9e273,FUN_00f9e1f0); xrefs_to=0; bytes=83c008c705589f6c01000000008bc883; prologue=False padding=False; neighbors=00f9e1f0|00f9e280
00f9e310	Terrain::DisposeReflectionRTTs	repaired-contained	00f9e280	containing-function-fallback	medium	True	UNKNOWN|P3|UNKNOWN->GAMEPLAY_LOGIC|P1|CONFIRMED	sdk=Terrain::DisposeReflectionRTTs; containing=00f9e280(off+144,tail-58,00f9e280..00f9e34a,FUN_00f9e280); xrefs_to=0; bytes=a26c01d91c24e8b57082ffa1c8145b01; prologue=False padding=False; neighbors=00f9e280|00f9e350
00fa03c0	Terrain::cTerrainSphere::CreateRTTs	repaired-contained	00fa0360	containing-function-fallback	medium	True	UNKNOWN|P3|UNKNOWN->GAMEPLAY_LOGIC|P1|CONFIRMED	sdk=Terrain::cTerrainSphere::CreateRTTs; containing=00fa0360(off+96,tail-63,00fa0360..00fa03ff,FUN_00fa0360); xrefs_to=0; bytes=6c017cdca11c125b018b0d18125b018b; prologue=False padding=False; neighbors=00fa0360|00fa0400
00fa2350	Terrain::cTerrainSphere::Create	repaired-contained	00fa1bc0	containing-function-fallback	medium	True	UNKNOWN|P3|UNKNOWN->GAMEPLAY_LOGIC|P1|CONFIRMED	sdk=Terrain::cTerrainSphere::Create; containing=00fa1bc0(off+1936,tail-37,00fa1bc0..00fa2375,FUN_00fa1bc0); xrefs_to=0; bytes=0f1186900400005f899e44030000889e; prologue=False padding=False; neighbors=00fa1bc0|00fa2380
00fa3810	Terrain::cTerrainSphere::RenderWaterRefraction	repaired-contained	00fa2a20	containing-function-fallback	medium	True	UNKNOWN|P3|UNKNOWN->GAMEPLAY_LOGIC|P1|CONFIRMED	sdk=Terrain::cTerrainSphere::RenderWaterRefraction; containing=00fa2a20(off+3568,tail-68,00fa2a20..00fa3854,FUN_00fa2a20); xrefs_to=0; bytes=24ec00000085c074193b8424fc000000; prologue=False padding=False; neighbors=00fa2a20|00fa3860
00fa5c70	Terrain::cTerrainSphere::RenderWaterReflectionAndRefraction	repaired-contained	00fa5610	containing-function-fallback	medium	True	UNKNOWN|P3|UNKNOWN->GAMEPLAY_LOGIC|P1|CONFIRMED	sdk=Terrain::cTerrainSphere::RenderWaterReflectionAndRefraction; containing=00fa5610(off+1632,tail-77,00fa5610..00fa5cbd,FUN_00fa5610); xrefs_to=0; bytes=3b420873238d5810895a043bc574268b; prologue=False padding=False; neighbors=00fa5610|00fa5cc0
00fb1750	Terrain::cTerrainSphereQuad::LoadTerrainTransform	repaired-contained	00fb0e00	containing-function-fallback	medium	True	UNKNOWN|P3|UNKNOWN->GAMEPLAY_LOGIC|P1|CONFIRMED	sdk=Terrain::cTerrainSphereQuad::LoadTerrainTransform; containing=00fb0e00(off+2384,tail-43,00fb0e00..00fb177b,FUN_00fb0e00); xrefs_to=0; bytes=ff8b442470403bc1894424700f8c5ef8; prologue=False padding=False; neighbors=00fb0e00|00fb1780
00fb3010	Terrain::cTerrainSphereQuad::RenderDecals	repaired-contained	00fb2e70	containing-function-fallback	medium	True	UNKNOWN|P3|UNKNOWN->GAMEPLAY_LOGIC|P1|CONFIRMED	sdk=Terrain::cTerrainSphereQuad::RenderDecals; containing=00fb2e70(off+416,tail-42,00fb2e70..00fb303a,FUN_00fb2e70); xrefs_to=0; bytes=c800000081c1c800000081c7c8000000; prologue=False padding=False; neighbors=00fb2e70|00fb3040
00fb4380	Terrain::cTerrainSphereQuad::UpdateIndexBuffer	repaired-contained	00fb4340	containing-function-fallback	medium	True	UNKNOWN|P3|UNKNOWN->GAMEPLAY_LOGIC|P1|CONFIRMED	sdk=Terrain::cTerrainSphereQuad::UpdateIndexBuffer; containing=00fb4340(off+64,tail-46,00fb4340..00fb43ae,FUN_00fb4340); xrefs_to=0; bytes=85f6740f837efc00740956e8f02ff9ff; prologue=False padding=False; neighbors=00fb4340|00fb43b0
00fb4de0	Terrain::cTerrainSphereQuad::Initialize	repaired-contained	00fb4c90	containing-function-fallback	medium	True	UNKNOWN|P3|UNKNOWN->GAMEPLAY_LOGIC|P1|CONFIRMED	sdk=Terrain::cTerrainSphereQuad::Initialize; containing=00fb4c90(off+336,tail-44,00fb4c90..00fb4e0c,FUN_00fb4c90); xrefs_to=0; bytes=000089480889480c8948108948148b0d; prologue=False padding=False; neighbors=00fb4c90|00fb4e10
00fb6600	Terrain::cTerrainSphereQuad::UpdateVertexBuffer	repaired-contained	00fb65f0	containing-function-fallback	medium	True	UNKNOWN|P3|UNKNOWN->GAMEPLAY_LOGIC|P1|CONFIRMED	sdk=Terrain::cTerrainSphereQuad::UpdateVertexBuffer; containing=00fb65f0(off+16,tail-39,00fb65f0..00fb6627,FUN_00fb65f0); xrefs_to=0; bytes=7c241881ee1001000081ef1001000056; prologue=False padding=False; neighbors=00fb65f0|00fb6630
00fb66a0	Terrain::cTerrainSphereQuad::RenderLand	repaired-contained	00fb6690	containing-function-fallback	medium	True	UNKNOWN|P3|UNKNOWN->GAMEPLAY_LOGIC|P1|CONFIRMED	sdk=Terrain::cTerrainSphereQuad::RenderLand; containing=00fb6690(off+16,tail-45,00fb6690..00fb66cd,FUN_00fb6690); xrefs_to=0; bytes=44241074258b0e85c9740a50e88f31ff; prologue=False padding=False; neighbors=00fb6690|00fb66d0
00fb6820	Terrain::cTerrainSphereQuad::RenderWater	repaired-contained	00fb66d0	containing-function-fallback	medium	True	UNKNOWN|P3|UNKNOWN->GAMEPLAY_LOGIC|P1|CONFIRMED	sdk=Terrain::cTerrainSphereQuad::RenderWater; containing=00fb66d0(off+336,tail-44,00fb66d0..00fb684c,FUN_00fb66d0); xrefs_to=0; bytes=8c000000bf070000008da42400000000; prologue=False padding=False; neighbors=00fb66d0|00fb6850
00fb6ca0	Terrain::cTerrainSphereQuad::RenderAtmosphere	adjudicated-data/vtable-slot-not-code	NULL	data-xrefs-no-prologue	medium	False	no-triage-row-affected	sdk=Terrain::cTerrainSphereQuad::RenderAtmosphere; containing=NONE(No function found for 0x00fb6ca0); xrefs_to=1; callers=00fb6850; bytes=1d69fb00206bfb007369fb007a6afb00; prologue=False padding=False; neighbors=00fb6850|00fb6cd0
00fb6dd0	Terrain::cTerrainSphereQuad::RenderSeabedAsLand	repaired-contained	00fb6cd0	containing-function-fallback	medium	True	UNKNOWN|P3|UNKNOWN->GAMEPLAY_LOGIC|P1|CONFIRMED	sdk=Terrain::cTerrainSphereQuad::RenderSeabedAsLand; containing=00fb6cd0(off+256,tail-47,00fb6cd0..00fb6dff,FUN_00fb6cd0); xrefs_to=0; bytes=08014824ff40288db4248c000000bf07; prologue=False padding=False; neighbors=00fb6cd0|00fb6e00
00fc1f90	Simulator::GetPlanetTemperatureType	adjudicated-tail-alias	NULL	tail-bytes-no-callers	medium	False	no-triage-row-affected	sdk=Simulator::GetPlanetTemperatureType; containing=00fc1e40(off+336,tail-13,00fc1e40..00fc1f9d,FUN_00fc1e40); xrefs_to=0; bytes=c88b42506824aefb03ffd0b001c3cccc; prologue=False padding=False; neighbors=00fc1e40|00fc1fa0
00fc27a0	RenderWare::TextureSlot::SetTexture	repaired-contained	00fc23b0	containing-function-fallback	medium	True	UNKNOWN|P3|UNKNOWN->ENGINE_INTERFACE|P1|CONFIRMED	sdk=RenderWare::TextureSlot::SetTexture; containing=00fc23b0(off+1008,tail-63,00fc23b0..00fc27df,FUN_00fc23b0); xrefs_to=0; bytes=248d5424085268624b2a03ffd084c074; prologue=False padding=False; neighbors=00fc23b0|00fc27e0
00fcc1d0	App::Canvas::GetStyle	repaired-prologue-recoverable	00fcc1d0	prologue-at-va(strength1)	low	True	adds-row;hypothetical:adds-row-or-live-only (no v4 triage row at 00fcc1d0)	sdk=App::Canvas::GetStyle; containing=NONE(No function found for 0x00fcc1d0); xrefs_to=0; bytes=56e8aab1f7ff83c4048bc65ec20400cc; prologue=True padding=False; neighbors=00fcc190|00fcc200
00fccd90	UTFWin::DialogDrawable::SetBackgroundColor	adjudicated-dead-address	NULL	no-container-no-callers-no-prologue	low	False	no-triage-row-affected	sdk=UTFWin::DialogDrawable::SetBackgroundColor; containing=NONE(No function found for 0x00fccd90); xrefs_to=0; bytes=8b0c9e433b5f0c72ec8b470c8b4c86fc; prologue=False padding=False; neighbors=00fccc40|00fccdd0
00fe52c0	Simulator::cBadgeManager::AddToBadgeProgress	repaired-contained	00fe4fa0	containing-function-fallback	medium	True	UNKNOWN|P3|UNKNOWN->GAMEPLAY_LOGIC|P1|CONFIRMED	sdk=Simulator::cBadgeManager::AddToBadgeProgress; containing=00fe4fa0(off+800,tail-366,00fe4fa0..00fe542e,FUN_00fe4fa0); xrefs_to=0; bytes=849b0000008b4f0833d28bc5f7f18bc2; prologue=False padding=False; neighbors=00fe4fa0|00fe5430
00feb880	Simulator::cMissionManager::Get	repaired-contained	00feb770	containing-function-fallback	medium	True	UNKNOWN|P3|UNKNOWN->GAMEPLAY_LOGIC|P1|CONFIRMED	sdk=Simulator::cMissionManager::Get; containing=00feb770(off+272,tail-361,00feb770..00feb9e9,FUN_00feb770); xrefs_to=0; bytes=01e8694f1f0083c4048b35e8ab6d01a1; prologue=False padding=False; neighbors=00feb770|00feb9f0
00fec420	Simulator::cMissionManager::CreateMission	adjudicated-tail-alias	NULL	tail-bytes-no-callers	medium	False	no-triage-row-affected	sdk=Simulator::cMissionManager::CreateMission; containing=00fec3c0(off+96,tail-10,00fec3c0..00fec42a,FUN_00fec3c0); xrefs_to=0; bytes=e594ff83c40c8bc65e5bc3cccccccccc; prologue=False padding=False; neighbors=00fec3c0|00fec430
00fee020	Simulator::cMissionManager::ThereIsEventInPlanet	repaired-contained	00fedfe0	containing-function-fallback	medium	True	UNKNOWN|P3|UNKNOWN->GAMEPLAY_LOGIC|P1|CONFIRMED	sdk=Simulator::cMissionManager::ThereIsEventInPlanet; containing=00fedfe0(off+64,tail-118,00fedfe0..00fee096,FUN_00fedfe0); xrefs_to=0; bytes=e5b1006810d0fe006820d4d30068107d; prologue=False padding=False; neighbors=00fedfe0|00fee0a0
00fee260	Simulator::cMissionManager::HasMissionsAvailable	repaired-contained	00fee220	containing-function-fallback	medium	True	UNKNOWN|P3|UNKNOWN->GAMEPLAY_LOGIC|P1|CONFIRMED	sdk=Simulator::cMissionManager::HasMissionsAvailable; containing=00fee220(off+64,tail-69,00fee220..00fee2a5,FUN_00fee220); xrefs_to=0; bytes=8b500c689e326304ffd28bf085f6741d; prologue=False padding=False; neighbors=00fee220|00fee2b0
00feebc0	Simulator::cMissionManager::ChooseMission	repaired-contained	00feebb0	containing-function-fallback	medium	True	UNKNOWN|P3|UNKNOWN->GAMEPLAY_LOGIC|P1|CONFIRMED	sdk=Simulator::cMissionManager::ChooseMission; containing=00feebb0(off+16,tail-106,00feebb0..00feec2a,FUN_00feebb0); xrefs_to=0; bytes=0057c1fb0233ff85db7e528d6e608bff; prologue=False padding=False; neighbors=00feebb0|00feec30
00ff02d0	UTFWin::ImageDrawable::GetAlignmentVertical	repaired-contained	00feff80	containing-function-fallback	medium	True	UNKNOWN|P3|UNKNOWN->ENGINE_INTERFACE|P1|CONFIRMED	sdk=UTFWin::ImageDrawable::GetAlignmentVertical; containing=00feff80(off+848,tail-95,00feff80..00ff032f,FUN_00feff80); xrefs_to=0; bytes=010f8529ffffff8b742450397424100f; prologue=False padding=False; neighbors=00feff80|00ff0330
00ff3480	UTFWin::StdDrawable::GetScaleType	repaired-contained	00ff3440	containing-function-fallback	medium	True	UNKNOWN|P3|UNKNOWN->ENGINE_INTERFACE|P1|CONFIRMED	sdk=UTFWin::StdDrawable::GetScaleType; containing=00ff3440(off+64,tail-55,00ff3440..00ff34b7,FUN_00ff3440); xrefs_to=0; bytes=1446ff33c0eb098da424000000008bff; prologue=False padding=False; neighbors=00ff3440|00ff34c0
00ff3a50	ArgScript::FormatParser::GetLexer	adjudicated-dead-address	NULL	no-container-no-callers-no-prologue	low	False	no-triage-row-affected	sdk=ArgScript::FormatParser::GetLexer; containing=NONE(No function found for 0x00ff3a50); xrefs_to=0; bytes=2428f30f2c4424280f2f0d78534801bb; prologue=False padding=False; neighbors=00ff38a0|00ff3ab0
00ffa7b0	Simulator::cSimPlanetHighLOD::DestroyCity	repaired-contained	00ffa780	containing-function-fallback	medium	True	UNKNOWN|P3|UNKNOWN->GAMEPLAY_LOGIC|P1|CONFIRMED	sdk=Simulator::cSimPlanetHighLOD::DestroyCity; containing=00ffa780(off+48,tail-334,00ffa780..00ffa8fe,FUN_00ffa780); xrefs_to=0; bytes=8b8e84000000508d542418526a06894c; prologue=False padding=False; neighbors=00ffa780|00ffa900
00ffbd00	Simulator::cSimulatorPlayerUFO::Get	adjudicated-dead-address	NULL	no-container-no-callers-no-prologue	low	False	no-triage-row-affected	sdk=Simulator::cSimulatorPlayerUFO::Get; containing=NONE(No function found for 0x00ffbd00); xrefs_to=0; bytes=100518b46d01f30f11442418f30f1005; prologue=False padding=False; neighbors=00ffb830|00ffbe50
01002a70	Simulator::cSimulatorSpaceGame::Get	repaired-contained	010027b0	containing-function-fallback	medium	True	UNKNOWN|P3|UNKNOWN->GAMEPLAY_LOGIC|P1|CONFIRMED	sdk=Simulator::cSimulatorSpaceGame::Get; containing=010027b0(off+704,tail-305,010027b0..01002ba1,FUN_010027b0); xrefs_to=0; bytes=8bcfe8e953c3ffe98b000000e8cfa8b3; prologue=False padding=False; neighbors=010027b0|01002bd0
01020f30	Simulator::GetCurrentContext	adjudicated-dead-address	NULL	no-container-no-callers-no-prologue	low	False	no-triage-row-affected	sdk=Simulator::GetCurrentContext; containing=NONE(No function found for 0x01020f30); xrefs_to=0; bytes=3801000002000000eb1a83be38010000; prologue=False padding=False; neighbors=0101fb40|01020fc0
01020f40	Simulator::GetPlayerEmpireID	adjudicated-dead-address	NULL	no-container-no-callers-no-prologue	low	False	no-triage-row-affected	sdk=Simulator::GetPlayerEmpireID; containing=NONE(No function found for 0x01020f40); xrefs_to=0; bytes=0275178bcee8666cffffc78638010000; prologue=False padding=False; neighbors=0101fb40|01020fc0
010210f0	Simulator::GetActiveStarRecord	repaired-contained	010210e0	containing-function-fallback	medium	False	stable:GAMEPLAY_SUPPORT|P3|CONFIRMED	sdk=Simulator::GetActiveStarRecord; containing=010210e0(off+16,tail-27,010210e0..0102110b,Simulator::GetActiveStar); xrefs_to=0; bytes=740de8c90382ff8bc85ee9011ec6ffe8; prologue=False padding=False; neighbors=010210e0|01021110
010211b0	Simulator::GetPlayerEmpire	repaired-contained	01021180	containing-function-fallback	medium	True	UNKNOWN|P3|UNKNOWN->GAMEPLAY_LOGIC|P1|CONFIRMED	sdk=Simulator::GetPlayerEmpire; containing=01021180(off+48,tail-69,01021180..010211f5,FUN_01021180); xrefs_to=0; bytes=c0753c8b45008b0b5051ffd683c40885; prologue=False padding=False; neighbors=01021180|01021230
010228c0	Simulator::SpaceTeleportTo	repaired-contained	010225d0	containing-function-fallback	medium	True	UNKNOWN|P3|UNKNOWN->GAMEPLAY_LOGIC|P1|CONFIRMED	sdk=Simulator::SpaceTeleportTo; containing=010225d0(off+752,tail-89,010225d0..01022919,FUN_010225d0); xrefs_to=0; bytes=25b8ff8bc883e980e86308baffd94424; prologue=False padding=False; neighbors=010225d0|01022920
01035910	Simulator::cSpaceGfx::InitializeInternal	repaired-contained	01035900	containing-function-fallback	medium	True	UNKNOWN|P3|UNKNOWN->GAMEPLAY_LOGIC|P1|CONFIRMED	sdk=Simulator::cSpaceGfx::InitializeInternal; containing=01035900(off+16,tail-2216,01035900..010361b8,FUN_01035900); xrefs_to=0; bytes=0800005357c6860001000001e80f8564; prologue=False padding=False; neighbors=01035900|010361c0
010372c0	Simulator::cSpaceGfx::DisposeInternal	repaired-contained	010372b0	containing-function-fallback	medium	True	UNKNOWN|P3|UNKNOWN->GAMEPLAY_LOGIC|P1|CONFIRMED	sdk=Simulator::cSpaceGfx::DisposeInternal; containing=010372b0(off+16,tail-1074,010372b0..010376f2,FUN_010372b0); xrefs_to=0; bytes=0000889e000100008b8e3c0100003bcb; prologue=False padding=False; neighbors=010372b0|01037700
01037d40	Simulator::cSpaceTradeRouteManager::HasTradeRoute	repaired-contained	01037d30	containing-function-fallback	medium	True	UNKNOWN|P3|UNKNOWN->GAMEPLAY_LOGIC|P1|CONFIRMED	sdk=Simulator::cSpaceTradeRouteManager::HasTradeRoute; containing=01037d30(off+16,tail-77,01037d30..01037d8d,FUN_01037d30); xrefs_to=0; bytes=8d5e083bc374358b7424188b6c241490; prologue=False padding=False; neighbors=01037d30|01037d90
0103a3d0	Simulator::cSpaceTrading::IsRare	repaired-contained	0103a3c0	containing-function-fallback	medium	True	UNKNOWN|P3|UNKNOWN->GAMEPLAY_LOGIC|P1|CONFIRMED	sdk=Simulator::cSpaceTrading::IsRare; containing=0103a3c0(off+16,tail-160,0103a3c0..0103a470,FUN_0103a3c0); xrefs_to=0; bytes=8b4c24088bf83bce740b897424088b01; prologue=False padding=False; neighbors=0103a3c0|0103a480
0103a490	Simulator::cSpaceInventoryItem::CreateTradingObject	repaired-contained	0103a480	containing-function-fallback	medium	True	UNKNOWN|P3|UNKNOWN->GAMEPLAY_LOGIC|P1|CONFIRMED	sdk=Simulator::cSpaceInventoryItem::CreateTradingObject; containing=0103a480(off+16,tail-175,0103a480..0103a53f,FUN_0103a480); xrefs_to=0; bytes=535368d03547016a7ce802cff0ff83c4; prologue=True padding=False; neighbors=0103a480|0103a540
0103ac50	Simulator::cSpaceTrading::GetRareHasBeenFound	repaired-contained	0103ac40	containing-function-fallback	medium	True	UNKNOWN|P3|UNKNOWN->GAMEPLAY_LOGIC|P1|CONFIRMED	sdk=Simulator::cSpaceTrading::GetRareHasBeenFound; containing=0103ac40(off+16,tail-31,0103ac40..0103ac6f,FUN_0103ac40); xrefs_to=0; bytes=000000e868719eff8b0081c6a4000000; prologue=False padding=False; neighbors=0103ac40|0103ac70
0103ca50	Simulator::cSpaceTrading::AssignPlanetSpice	repaired-contained	0103ca40	containing-function-fallback	medium	True	UNKNOWN|P3|UNKNOWN->GAMEPLAY_LOGIC|P1|CONFIRMED	sdk=Simulator::cSpaceTrading::AssignPlanetSpice; containing=0103ca40(off+16,tail-659,0103ca40..0103cce3,FUN_0103ca40); xrefs_to=0; bytes=b5ff8b083b0d6cf56d0175168b50043b; prologue=False padding=False; neighbors=0103ca40|0103cd00
0103dcd0	Simulator::cSpaceTrading::ClearNPCStores	adjudicated-tail-alias	NULL	tail-bytes-no-callers	medium	False	no-triage-row-affected	sdk=Simulator::cSpaceTrading::ClearNPCStores; containing=0103dcc0(off+16,tail-0,0103dcc0..0103dcd0,FUN_0103dcc0); xrefs_to=0; bytes=c3cccccccccccccccccccccccccccccc; prologue=False padding=False; neighbors=0103dcc0|0103dd20
0103e8f0	Simulator::cSpaceTrading::GenerateNPCStore	repaired-contained	0103e8e0	containing-function-fallback	medium	True	UNKNOWN|P3|UNKNOWN->GAMEPLAY_LOGIC|P1|CONFIRMED	sdk=Simulator::cSpaceTrading::GenerateNPCStore; containing=0103e8e0(off+16,tail-1787,0103e8e0..0103efeb,FUN_0103e8e0); xrefs_to=0; bytes=aaaa2af7e98b4c2434d1fa8bc2c1e81f; prologue=False padding=False; neighbors=0103e8e0|0103eff0
0103fbb0	Simulator::cSpaceTrading::SetRareAsFound	repaired-contained	0103fba0	containing-function-fallback	medium	True	UNKNOWN|P3|UNKNOWN->GAMEPLAY_LOGIC|P1|CONFIRMED	sdk=Simulator::cSpaceTrading::SetRareAsFound; containing=0103fba0(off+16,tail-91,0103fba0..0103fc0b,FUN_0103fba0); xrefs_to=0; bytes=a0000000508bcfe804229eff8b0081c6; prologue=False padding=False; neighbors=0103fba0|0103fc10
0103fc20	Simulator::cSpaceTrading::ObtainTradingObject	repaired-contained	0103fc10	containing-function-fallback	medium	True	UNKNOWN|P3|UNKNOWN->GAMEPLAY_LOGIC|P1|CONFIRMED	sdk=Simulator::cSpaceTrading::ObtainTradingObject; containing=0103fc10(off+16,tail-608,0103fc10..0103fe80,FUN_0103fc10); xrefs_to=0; bytes=7c894c241ce87677f0ff83c4183bc30f; prologue=False padding=False; neighbors=0103fc10|0103fe90
0104cbe0	Simulator::cSpaceToolData::AddAmmo	repaired-contained	0104cbd0	containing-function-fallback	medium	True	UNKNOWN|P3|UNKNOWN->GAMEPLAY_LOGIC|P1|CONFIRMED	sdk=Simulator::cSpaceToolData::AddAmmo; containing=0104cbd0(off+16,tail-17,0104cbd0..0104cbf1,FUN_0104cbd0); xrefs_to=0; bytes=240803c63bc289417c5e7e0389517cc2; prologue=False padding=False; neighbors=0104cbd0|0104cc00
0104cc10	Simulator::cSpaceToolData::ConsumeAmmo	adjudicated-tail-alias	NULL	tail-bytes-no-callers	medium	False	no-triage-row-affected	sdk=Simulator::cSpaceToolData::ConsumeAmmo; containing=0104cc00(off+16,tail-4,0104cc00..0104cc14,FUN_0104cc00); xrefs_to=0; bytes=417cc20400cccccccccccccccccccccc; prologue=False padding=False; neighbors=0104cc00|0104cc20
0104e350	Simulator::cToolManager::LoadTool	repaired-contained	0104e340	containing-function-fallback	medium	True	UNKNOWN|P3|UNKNOWN->GAMEPLAY_LOGIC|P1|CONFIRMED	sdk=Simulator::cToolManager::LoadTool; containing=0104e340(off+16,tail-283,0104e340..0104e46b,FUN_0104e340); xrefs_to=0; bytes=8b4c24088bf085c9740fc74424080000; prologue=False padding=False; neighbors=0104e340|0104e470
0104f860	Simulator::cToolManager::GetStrategy	repaired-contained	0104f850	containing-function-fallback	medium	True	UNKNOWN|P3|UNKNOWN->GAMEPLAY_LOGIC|P1|CONFIRMED	sdk=Simulator::cToolManager::GetStrategy; containing=0104f850(off+16,tail-159,0104f850..0104f8ff,FUN_0104f850); xrefs_to=0; bytes=508d4c240c518bcf895c241ce85f665f; prologue=False padding=False; neighbors=0104f850|0104f900
0104faa0	Simulator::cToolManager::OnMouseUp	repaired-contained	0104fa90	containing-function-fallback	medium	True	UNKNOWN|P3|UNKNOWN->GAMEPLAY_LOGIC|P1|CONFIRMED	sdk=Simulator::cToolManager::OnMouseUp; containing=0104fa90(off+16,tail-256,0104fa90..0104fba0,FUN_0104fa90); xrefs_to=0; bytes=010000535785c0741350e8e1d8aeff8b; prologue=False padding=False; neighbors=0104fa90|0104fbb0
0104fbc0	Simulator::cToolManager::ActivateTool	repaired-contained	0104fbb0	containing-function-fallback	medium	True	UNKNOWN|P3|UNKNOWN->GAMEPLAY_LOGIC|P1|CONFIRMED	sdk=Simulator::cToolManager::ActivateTool; containing=0104fbb0(off+16,tail-79,0104fbb0..0104fc0f,FUN_0104fbb0); xrefs_to=0; bytes=1350e8c9d7aeff8bc8e882fcffff8bf0; prologue=False padding=False; neighbors=0104fbb0|0104fc10
0104fc20	Simulator::cToolManager::DeactivateTool	repaired-contained	0104fc10	containing-function-fallback	medium	True	UNKNOWN|P3|UNKNOWN->GAMEPLAY_LOGIC|P1|CONFIRMED	sdk=Simulator::cToolManager::DeactivateTool; containing=0104fc10(off+16,tail-165,0104fc10..0104fcc5,FUN_0104fc10); xrefs_to=0; bytes=8be93bc3741350e864d7aeff8bc8e81d; prologue=False padding=False; neighbors=0104fc10|0104fcd0
01050030	Simulator::cSpaceToolData::GetStrategy	repaired-contained	01050020	containing-function-fallback	medium	True	UNKNOWN|P3|UNKNOWN->GAMEPLAY_LOGIC|P1|CONFIRMED	sdk=Simulator::cSpaceToolData::GetStrategy; containing=01050020(off+16,tail-48,01050020..01050060,FUN_01050020); xrefs_to=0; bytes=d3aeff8bc8e816f8ffff85c0751168d9; prologue=False padding=False; neighbors=01050020|01050070
01052800	Simulator::cSpaceToolData::ShowEventLog	repaired-contained	010527f0	containing-function-fallback	medium	True	UNKNOWN|P3|UNKNOWN->GAMEPLAY_LOGIC|P1|CONFIRMED	sdk=Simulator::cSpaceToolData::ShowEventLog; containing=010527f0(off+16,tail-113,010527f0..01052871,FUN_010527f0); xrefs_to=0; bytes=0c39b170010000746750505689b17001; prologue=False padding=False; neighbors=010527f0|01052880
01052f10	Simulator::cToolStrategy::GetAimPoint	repaired-contained	01052f00	containing-function-fallback	medium	True	ENGINE_IMPLEMENTATION|P1|INFERRED->GAMEPLAY_SUPPORT|P3|CONFIRMED	sdk=Simulator::cToolStrategy::GetAimPoint; containing=01052f00(off+16,tail-62,01052f00..01052f4e,FUN_01052f00); xrefs_to=0; bytes=85c074088db008050000eb0233f6e81d; prologue=False padding=False; neighbors=01052f00|01052f90
01052fa0	Simulator::cAbductToolStrategy::GetAimPoint	repaired-contained	01052f90	containing-function-fallback	medium	True	GAMEPLAY_LOGIC|P0|CONFIRMED->GAMEPLAY_SUPPORT|P0|CONFIRMED	sdk=Simulator::cAbductToolStrategy::GetAimPoint; containing=01052f90(off+16,tail-33,01052f90..01052fc1,Simulator::cDefaultAoETool::OnMouseDown); xrefs_to=0; bytes=4c2404518bc8ffd28b108b4c24108911; prologue=False padding=False; neighbors=01052f90|01052fd0
010535a0	Simulator::cEnergyRepairToolStrategy::ProcessCost	adjudicated-dead-address	NULL	no-container-no-callers-no-prologue	low	False	no-triage-row-affected	sdk=Simulator::cEnergyRepairToolStrategy::ProcessCost; containing=NONE(No function found for 0x010535a0); xrefs_to=0; bytes=80f4070000f30f110424e8a188faff8b; prologue=False padding=False; neighbors=010534c0|010535e0
010535f0	Simulator::cRepairToolStrategy::ProcessCost	repaired-contained	010535e0	containing-function-fallback	medium	True	ENGINE_IMPLEMENTATION|P1|INFERRED->GAMEPLAY_LOGIC|P3|CONFIRMED	sdk=Simulator::cRepairToolStrategy::ProcessCost; containing=010535e0(off+16,tail-83,010535e0..01053643,FUN_010535e0); xrefs_to=0; bytes=0f1080400500000508050000f30f1144; prologue=False padding=False; neighbors=010535e0|010536a0
01053660	Simulator::cToolStrategy::OnMouseUp	adjudicated-dead-address	NULL	no-container-no-callers-no-prologue	low	False	no-triage-row-affected	sdk=Simulator::cToolStrategy::OnMouseUp; containing=NONE(No function found for 0x01053660); xrefs_to=0; bytes=00e8aafab6ffb001c20400cccccccccc; prologue=False padding=False; neighbors=010535e0|010536a0
01053930	Simulator::cToolStrategy::WhileAiming	repaired-contained	010537e0	containing-function-fallback	medium	True	ENGINE_IMPLEMENTATION|P1|INFERRED->GAMEPLAY_LOGIC|P3|CONFIRMED	sdk=Simulator::cToolStrategy::WhileAiming; containing=010537e0(off+336,tail-70,010537e0..01053976,FUN_010537e0); xrefs_to=0; bytes=088b4804894c240c8b50088954241056; prologue=False padding=False; neighbors=010537e0|01053980
01053b60	Simulator::cToolStrategy::SelectedUpdate	repaired-contained	01053980	containing-function-fallback	medium	True	ENGINE_IMPLEMENTATION|P1|INFERRED->GAMEPLAY_LOGIC|P3|CONFIRMED	sdk=Simulator::cToolStrategy::SelectedUpdate; containing=01053980(off+480,tail-77,01053980..01053bad,FUN_01053980); xrefs_to=0; bytes=92ffffeb05e8a684ffff8844242484c0; prologue=False padding=False; neighbors=01053980|01053bb0
01053b90	Simulator::cToolStrategy::func40h	repaired-contained	01053980	containing-function-fallback	medium	True	ENGINE_IMPLEMENTATION|P1|INFERRED->GAMEPLAY_LOGIC|P3|CONFIRMED	sdk=Simulator::cToolStrategy::func40h; containing=01053980(off+528,tail-29,01053980..01053bad,FUN_01053980); xrefs_to=0; bytes=ffff5057e84798aeff8bc8e85032d8ff; prologue=False padding=False; neighbors=01053980|01053bb0
01053d60	Simulator::cDefaultBeamTool::OnMouseUp	repaired-contained	01053d50	containing-function-fallback	medium	True	ENGINE_IMPLEMENTATION|P1|INFERRED->GAMEPLAY_LOGIC|P3|CONFIRMED	sdk=Simulator::cDefaultBeamTool::OnMouseUp; containing=01053d50(off+16,tail-65,01053d50..01053da1,FUN_01053d50); xrefs_to=0; bytes=578d4c2420e8663ca8ff6a008d4c241c; prologue=False padding=False; neighbors=01053d50|01053db0
01053e90	Simulator::cDefaultAoETool::OnMouseUp	repaired-contained	01053e00	containing-function-fallback	medium	True	ENGINE_IMPLEMENTATION|P1|INFERRED->GAMEPLAY_LOGIC|P3|CONFIRMED	sdk=Simulator::cDefaultAoETool::OnMouseUp; containing=01053e00(off+144,tail-69,01053e00..01053ed5,FUN_01053e00); xrefs_to=0; bytes=11442408f30f1040088b86240100008d; prologue=False padding=False; neighbors=01053e00|01053ee0
01053ed0	Simulator::cDefaultAoETool::func4Ch	adjudicated-tail-alias	NULL	tail-bytes-no-callers	medium	False	no-triage-row-affected	sdk=Simulator::cDefaultAoETool::func4Ch; containing=01053e00(off+208,tail-5,01053e00..01053ed5,FUN_01053e00); xrefs_to=0; bytes=83c418c20800cccccccccccccccccccc; prologue=False padding=False; neighbors=01053e00|01053ee0
01053f60	Simulator::cScanToolStrategy::OnSelect	repaired-contained	01053f20	containing-function-fallback	medium	True	ENGINE_IMPLEMENTATION|P1|INFERRED->GAMEPLAY_LOGIC|P3|CONFIRMED	sdk=Simulator::cScanToolStrategy::OnSelect; containing=01053f20(off+64,tail-73,01053f20..01053fa9,FUN_01053f20); xrefs_to=0; bytes=140100008b018b502cffd28b8e200100; prologue=False padding=False; neighbors=01053f20|01054080
01053fa0	Simulator::cDropCargoToolStrategy::OnMouseUp	adjudicated-tail-alias	NULL	tail-bytes-no-callers	medium	False	no-triage-row-affected	sdk=Simulator::cDropCargoToolStrategy::OnMouseUp; containing=01053f20(off+128,tail-9,01053f20..01053fa9,FUN_01053f20); xrefs_to=0; bytes=5fb0015e83c40cc20800cccccccccccc; prologue=False padding=False; neighbors=01053f20|01054080
01054030	Simulator::cDropCargoToolStrategy::WhileAiming	adjudicated-dead-address	NULL	no-container-no-callers-no-prologue	low	False	no-triage-row-affected	sdk=Simulator::cDropCargoToolStrategy::WhileAiming; containing=NONE(No function found for 0x01054030); xrefs_to=0; bytes=04ffd28b8e2401000085c97420e82efc; prologue=False padding=False; neighbors=01053f20|01054080
01054060	Simulator::cGetOutOfUFOToolStrategy::WhileAiming	adjudicated-dead-address	NULL	no-container-no-callers-no-prologue	low	False	no-triage-row-affected	sdk=Simulator::cGetOutOfUFOToolStrategy::WhileAiming; containing=NONE(No function found for 0x01054060); xrefs_to=0; bytes=ec8cffff5e84c0740ce85293aeff8bc8; prologue=False padding=False; neighbors=01053f20|01054080
010540c0	Simulator::cPlaceColonyToolStrategy::OnSelect	adjudicated-dead-address	NULL	no-container-no-callers-no-prologue	low	False	no-triage-row-affected	sdk=Simulator::cPlaceColonyToolStrategy::OnSelect; containing=NONE(No function found for 0x010540c0); xrefs_to=0; bytes=bcf8ffff84c00f95c0c20c00cccccccc; prologue=False padding=False; neighbors=01054080|010543e0
010541a0	Simulator::cPlaceColonyToolStrategy::OnDeselect	adjudicated-dead-address	NULL	no-container-no-callers-no-prologue	low	False	no-triage-row-affected	sdk=Simulator::cPlaceColonyToolStrategy::OnDeselect; containing=NONE(No function found for 0x010541a0); xrefs_to=0; bytes=01e86a79b9ffe8c5cbadff8b108bc88b; prologue=False padding=False; neighbors=01054080|010543e0
01054250	Simulator::cPlaceObjectToolStrategy::OnDeselect	adjudicated-dead-address	NULL	no-container-no-callers-no-prologue	low	False	no-triage-row-affected	sdk=Simulator::cPlaceObjectToolStrategy::OnDeselect; containing=NONE(No function found for 0x01054250); xrefs_to=0; bytes=ffd08bf885ff74158b178b028bcfffd0; prologue=False padding=False; neighbors=01054080|010543e0
01054300	Simulator::cPlaceObjectToolStrategy::SelectedUpdate	adjudicated-dead-address	NULL	no-container-no-callers-no-prologue	low	False	no-triage-row-affected	sdk=Simulator::cPlaceObjectToolStrategy::SelectedUpdate; containing=NONE(No function found for 0x01054300); xrefs_to=0; bytes=f085f674158b168b028bceffd056e8ed; prologue=False padding=False; neighbors=01054080|010543e0
01054390	Simulator::LaunchDefaultToolProjectile	adjudicated-dead-address	NULL	no-container-no-callers-no-prologue	low	False	no-triage-row-affected	sdk=Simulator::LaunchDefaultToolProjectile; containing=NONE(No function found for 0x01054390); xrefs_to=0; bytes=10568bc88b82b80000006823004502ff; prologue=False padding=False; neighbors=01054080|010543e0
01054e70	Simulator::cDefaultBeamTool::func48h	adjudicated-dead-address	NULL	no-container-no-callers-no-prologue	low	False	no-triage-row-affected	sdk=Simulator::cDefaultBeamTool::func48h; containing=NONE(No function found for 0x01054e70); xrefs_to=0; bytes=4004d8ba4901c2080033c0c20800cccc; prologue=False padding=False; neighbors=010543e0|01055040
01054ff0	Simulator::cDefaultAoETool::func48h	adjudicated-dead-address	NULL	no-container-no-callers-no-prologue	low	False	no-triage-row-affected	sdk=Simulator::cDefaultAoETool::func48h; containing=NONE(No function found for 0x01054ff0); xrefs_to=0; bytes=00003bf3741b8b168b028bceffd089b7; prologue=False padding=False; neighbors=010543e0|01055040
010550e0	Simulator::cAbductToolStrategy::OnMouseUp	repaired-contained	01055040	containing-function-fallback	medium	True	ENGINE_IMPLEMENTATION|P1|INFERRED->GAMEPLAY_LOGIC|P3|CONFIRMED	sdk=Simulator::cAbductToolStrategy::OnMouseUp; containing=01055040(off+160,tail-73,01055040..01055129,FUN_01055040); xrefs_to=0; bytes=ffd08bcee8a70fc6ff8bbb200100005d; prologue=False padding=False; neighbors=01055040|01055130
01055160	Simulator::cDragInputProjectileToolStrategy::OnMouseDown	repaired-contained	01055130	containing-function-fallback	medium	True	UNKNOWN|P3|UNKNOWN->GAMEPLAY_LOGIC|P1|CONFIRMED	sdk=Simulator::cDragInputProjectileToolStrategy::OnMouseDown; containing=01055130(off+48,tail-71,01055130..010551a7,FUN_01055130); xrefs_to=0; bytes=ff8b8e2401000085c97420e800ebc5ff; prologue=False padding=False; neighbors=01055130|01055790
01055470	Simulator::cDragInputProjectileToolStrategy::ProcessCost	adjudicated-dead-address	NULL	no-container-no-callers-no-prologue	low	False	no-triage-row-affected	sdk=Simulator::cDragInputProjectileToolStrategy::ProcessCost; containing=NONE(No function found for 0x01055470); xrefs_to=0; bytes=894424408b44242857894c2448895424; prologue=False padding=False; neighbors=01055130|01055790
01055740	Simulator::cDeepSpaceProjectileToolStrategy::WhileFiring	adjudicated-dead-address	NULL	no-container-no-callers-no-prologue	low	False	no-triage-row-affected	sdk=Simulator::cDeepSpaceProjectileToolStrategy::WhileFiring; containing=NONE(No function found for 0x01055740); xrefs_to=0; bytes=018945008b0d181b6e01894d048b151c; prologue=False padding=False; neighbors=01055130|01055790
01056130	Simulator::cToolStrategy::Update	adjudicated-dead-address	NULL	no-container-no-callers-no-prologue	low	False	no-triage-row-affected	sdk=Simulator::cToolStrategy::Update; containing=NONE(No function found for 0x01056130); xrefs_to=0; bytes=6c12efff83c41885c0741ec7400458c4; prologue=False padding=False; neighbors=01055890|01056160
01056880	Simulator::cToolStrategy::WhileFiring	repaired-contained	01056160	containing-function-fallback	medium	True	ENGINE_IMPLEMENTATION|P1|INFERRED->GAMEPLAY_LOGIC|P3|CONFIRMED	sdk=Simulator::cToolStrategy::WhileFiring; containing=01056160(off+1824,tail-38,01056160..010568a6,FUN_01056160); xrefs_to=0; bytes=000074128bcfe8f554ffff3d3d3f3e29; prologue=False padding=False; neighbors=01056160|010568b0
01056b20	Simulator::cDefaultAoETool::WhileFiring	repaired-contained	010568b0	containing-function-fallback	medium	True	ENGINE_IMPLEMENTATION|P1|INFERRED->GAMEPLAY_LOGIC|P3|CONFIRMED	sdk=Simulator::cDefaultAoETool::WhileFiring; containing=010568b0(off+624,tail-33,010568b0..01056b41,FUN_010568b0); xrefs_to=0; bytes=0884c074128b45006a0050e8e069aeff; prologue=False padding=False; neighbors=010568b0|01056d30
01056b80	Simulator::cDropCargoToolStrategy::Update	adjudicated-dead-address	NULL	no-container-no-callers-no-prologue	low	False	no-triage-row-affected	sdk=Simulator::cDropCargoToolStrategy::Update; containing=NONE(No function found for 0x01056b80); xrefs_to=0; bytes=d4943f01ffd085c0741483be20010000; prologue=False padding=False; neighbors=010568b0|01056d30
01056bc0	Simulator::cEnergyRepairToolStrategy::Update	adjudicated-dead-address	NULL	no-container-no-callers-no-prologue	low	False	no-triage-row-affected	sdk=Simulator::cEnergyRepairToolStrategy::Update; containing=NONE(No function found for 0x01056bc0); xrefs_to=0; bytes=9cf5ffff84c07422e803c0faff8bc8e8; prologue=False padding=False; neighbors=010568b0|01056d30
01056c40	Simulator::cRepairToolStrategy::WhileFiring	adjudicated-dead-address	NULL	no-container-no-callers-no-prologue	low	False	no-triage-row-affected	sdk=Simulator::cRepairToolStrategy::WhileFiring; containing=NONE(No function found for 0x01056c40); xrefs_to=0; bytes=075fb0015ec20c0085ff74106a13e83d; prologue=False padding=False; neighbors=010568b0|01056d30
01056c80	Simulator::cRepairToolStrategy::Update	repaired-prologue-recoverable	01056c80	prologue-at-va(strength2)	medium	True	adds-row;hypothetical:adds-row-or-live-only (no v4 triage row at 01056c80)	sdk=Simulator::cRepairToolStrategy::Update; containing=NONE(No function found for 0x01056c80); xrefs_to=0; bytes=57538bf1e827fcffff84c074178b168b; prologue=True padding=False; neighbors=010568b0|01056d30
01056d00	Simulator::cGetOutOfUFOToolStrategy::Update	adjudicated-dead-address	NULL	no-container-no-callers-no-prologue	low	False	no-triage-row-affected	sdk=Simulator::cGetOutOfUFOToolStrategy::Update; containing=NONE(No function found for 0x01056d00); xrefs_to=0; bytes=d876075fb0015ec20c0085ff74106a14; prologue=False padding=False; neighbors=010568b0|01056d30
01056f10	Simulator::cDefaultProjectileWeapon::WhileFiring	repaired-contained	01056d30	containing-function-fallback	medium	True	UNKNOWN|P3|UNKNOWN->GAMEPLAY_LOGIC|P1|CONFIRMED	sdk=Simulator::cDefaultProjectileWeapon::WhileFiring; containing=01056d30(off+480,tail-32,01056d30..01056f30,FUN_01056d30); xrefs_to=0; bytes=108bc88b4250ffd084c07409803d3d74; prologue=False padding=False; neighbors=01056d30|01057bd0
010571e0	Simulator::cTurretDefenseMissileWeapon::WhileFiring	adjudicated-dead-address	NULL	no-container-no-callers-no-prologue	low	False	no-triage-row-affected	sdk=Simulator::cTurretDefenseMissileWeapon::WhileFiring; containing=NONE(No function found for 0x010571e0); xrefs_to=0; bytes=4c24145f85c974198b018b5004ffd25e; prologue=False padding=False; neighbors=01056d30|01057bd0
01057430	Simulator::cTurretFlakWeapon::WhileFiring	adjudicated-dead-address	NULL	no-container-no-callers-no-prologue	low	False	no-triage-row-affected	sdk=Simulator::cTurretFlakWeapon::WhileFiring; containing=NONE(No function found for 0x01057430); xrefs_to=0; bytes=2ce82a13c6ff8b138b424c8b3e8bcbff; prologue=False padding=False; neighbors=01056d30|01057bd0
01057960	Simulator::cDragInputProjectileToolStrategy::WhileFiring	adjudicated-dead-address	NULL	no-container-no-callers-no-prologue	low	False	no-triage-row-affected	sdk=Simulator::cDragInputProjectileToolStrategy::WhileFiring; containing=NONE(No function found for 0x01057960); xrefs_to=0; bytes=70518d4c2464d91c24518bcee82f02c6; prologue=False padding=False; neighbors=01056d30|01057bd0
01057ba0	Simulator::cPlaceObjectToolStrategy::Update	adjudicated-dead-address	NULL	no-container-no-callers-no-prologue	low	False	no-triage-row-affected	sdk=Simulator::cPlaceObjectToolStrategy::Update; containing=NONE(No function found for 0x01057ba0); xrefs_to=0; bytes=245450ffd28b1b8b038b50086a008bcb; prologue=False padding=False; neighbors=01056d30|01057bd0
01057d20	Simulator::cArtilleryWeaponStrategy::WhileFiring	repaired-contained	01057bd0	containing-function-fallback	medium	True	UNKNOWN|P3|UNKNOWN->GAMEPLAY_LOGIC|P1|CONFIRMED	sdk=Simulator::cArtilleryWeaponStrategy::WhileFiring; containing=01057bd0(off+336,tail-43,01057bd0..01057d4b,FUN_01057bd0); xrefs_to=0; bytes=ffff6a07e86756aeff8bc8e8c047ffff; prologue=False padding=False; neighbors=01057bd0|01058020
01057ff0	Simulator::cRepairAOEToolStrategy::WhileFiring	adjudicated-dead-address	NULL	no-container-no-callers-no-prologue	low	False	no-triage-row-affected	sdk=Simulator::cRepairAOEToolStrategy::WhileFiring; containing=NONE(No function found for 0x01057ff0); xrefs_to=0; bytes=ffd08b13508bceffd28d442428508bce; prologue=False padding=False; neighbors=01057bd0|01058020
01058760	Simulator::cPlaceObjectToolStrategy::OnSelect	repaired-contained	01058680	containing-function-fallback	medium	True	UNKNOWN|P3|UNKNOWN->GAMEPLAY_LOGIC|P1|CONFIRMED	sdk=Simulator::cPlaceObjectToolStrategy::OnSelect; containing=01058680(off+224,tail-38,01058680..01058786,FUN_01058680); xrefs_to=0; bytes=148b542418506a0083ec0c8bc4892889; prologue=False padding=False; neighbors=01058680|01058950
01058b30	Simulator::cPlaceColonyToolStrategy::Update	repaired-contained	01058950	containing-function-fallback	medium	True	UNKNOWN|P3|UNKNOWN->GAMEPLAY_LOGIC|P1|CONFIRMED	sdk=Simulator::cPlaceColonyToolStrategy::Update; containing=01058950(off+480,tail-37,01058950..01058b55,FUN_01058950); xrefs_to=0; bytes=8b068b50048bceffd25e5b8b4424608b; prologue=False padding=False; neighbors=01058950|01058c90
010593b0	Simulator::cToolStrategy::OnHit	repaired-contained	01059170	containing-function-fallback	medium	True	UNKNOWN|P3|UNKNOWN->GAMEPLAY_LOGIC|P1|CONFIRMED	sdk=Simulator::cToolStrategy::OnHit; containing=01059170(off+576,tail-37,01059170..010593d5,FUN_01059170); xrefs_to=0; bytes=242cd91c24518bcee883c1c3ff8b4424; prologue=False padding=False; neighbors=01059170|010593e0
01059ef0	Simulator::cDefaultBeamTool::WhileFiring	repaired-contained	010593e0	containing-function-fallback	medium	True	ENGINE_IMPLEMENTATION|P1|INFERRED->GAMEPLAY_LOGIC|P3|CONFIRMED	sdk=Simulator::cDefaultBeamTool::WhileFiring; containing=010593e0(off+2832,tail-22,010593e0..01059f06,FUN_010593e0); xrefs_to=0; bytes=000000e8f87d3cff5f5e5db0015b81c4; prologue=False padding=False; neighbors=010593e0|01059f20
0105a020	Simulator::cDefaultBeamTool::OnHit	repaired-contained	01059f20	containing-function-fallback	medium	True	ENGINE_IMPLEMENTATION|P1|INFERRED->GAMEPLAY_LOGIC|P3|CONFIRMED	sdk=Simulator::cDefaultBeamTool::OnHit; containing=01059f20(off+256,tail-37,01059f20..0105a045,FUN_01059f20); xrefs_to=0; bytes=4308d95808e846f1ffff83c41085f674; prologue=False padding=False; neighbors=01059f20|0105a050
0105a0d0	Simulator::cAbductToolStrategy::OnHit	repaired-contained	0105a050	containing-function-fallback	medium	True	ENGINE_IMPLEMENTATION|P1|INFERRED->GAMEPLAY_LOGIC|P3|CONFIRMED	sdk=Simulator::cAbductToolStrategy::OnHit; containing=0105a050(off+128,tail-43,0105a050..0105a0fb,FUN_0105a050); xrefs_to=0; bytes=e8db1cffff518d542408d91c2452e84d; prologue=False padding=False; neighbors=0105a050|0105a110
0105a850	Simulator::cScanToolStrategy::OnHit	repaired-contained	0105a110	containing-function-fallback	medium	True	ENGINE_IMPLEMENTATION|P1|INFERRED->GAMEPLAY_LOGIC|P3|CONFIRMED	sdk=Simulator::cScanToolStrategy::OnHit; containing=0105a110(off+1856,tail-27,0105a110..0105a86b,FUN_0105a110); xrefs_to=0; bytes=aeff8bc8e837d5f0ff8bc8e890d3c1ff; prologue=False padding=False; neighbors=0105a110|0105a890
0105aa10	Simulator::cDropCargoToolStrategy::WhileFiring	repaired-contained	0105a890	containing-function-fallback	medium	True	ENGINE_IMPLEMENTATION|P1|INFERRED->GAMEPLAY_LOGIC|P3|CONFIRMED	sdk=Simulator::cDropCargoToolStrategy::WhileFiring; containing=0105a890(off+384,tail-63,0105a890..0105aa4f,FUN_0105a890); xrefs_to=0; bytes=2401000085c97405e893b1c5ff84db5b; prologue=False padding=False; neighbors=0105a890|0105b350
0105b0b0	Simulator::cEnergyRepairToolStrategy::OnHit	adjudicated-dead-address	NULL	no-container-no-callers-no-prologue	low	False	no-triage-row-affected	sdk=Simulator::cEnergyRepairToolStrategy::OnHit; containing=NONE(No function found for 0x0105b0b0); xrefs_to=0; bytes=8bcfe86975a7ff508b46145053e8de80; prologue=False padding=False; neighbors=0105a890|0105b350
0105b140	Simulator::cRepairToolStrategy::OnHit	adjudicated-dead-address	NULL	no-container-no-callers-no-prologue	low	False	no-triage-row-affected	sdk=Simulator::cRepairToolStrategy::OnHit; containing=NONE(No function found for 0x0105b140); xrefs_to=0; bytes=070000f30f114424147626d94424148b; prologue=False padding=False; neighbors=0105a890|0105b350
0105b200	Simulator::cGetOutOfUFOToolStrategy::OnHit	adjudicated-dead-address	NULL	no-container-no-callers-no-prologue	low	False	no-triage-row-affected	sdk=Simulator::cGetOutOfUFOToolStrategy::OnHit; containing=NONE(No function found for 0x0105b200); xrefs_to=0; bytes=d91c24e8981fbaff6a0ce8c179faff8b; prologue=False padding=False; neighbors=0105a890|0105b350
0105b310	Simulator::cDefaultProjectileWeapon::OnHit	adjudicated-dead-address	NULL	no-container-no-callers-no-prologue	low	False	no-triage-row-affected	sdk=Simulator::cDefaultProjectileWeapon::OnHit; containing=NONE(No function found for 0x0105b310); xrefs_to=0; bytes=e85badfbffe8861762ff8bf8e87f1762; prologue=False padding=False; neighbors=0105a890|0105b350
0105b660	Simulator::cDragInputProjectileToolStrategy::OnHit	repaired-contained	0105b350	containing-function-fallback	medium	True	UNKNOWN|P3|UNKNOWN->GAMEPLAY_LOGIC|P1|CONFIRMED	sdk=Simulator::cDragInputProjectileToolStrategy::OnHit; containing=0105b350(off+784,tail-56,0105b350..0105b698,FUN_0105b350); xrefs_to=0; bytes=c4d91855d94304d95804d94308d95808; prologue=False padding=False; neighbors=0105b350|0105b6a0
0105b670	Simulator::cPlaceColonyToolStrategy::WhileAiming	repaired-contained	0105b350	containing-function-fallback	medium	True	UNKNOWN|P3|UNKNOWN->GAMEPLAY_LOGIC|P1|CONFIRMED	sdk=Simulator::cPlaceColonyToolStrategy::WhileAiming; containing=0105b350(off+800,tail-40,0105b350..0105b698,FUN_0105b350); xrefs_to=0; bytes=e8fbdaffff83c410b0015f5e5d5b83c4; prologue=False padding=False; neighbors=0105b350|0105b6a0
0105b930	Simulator::cPlaceColonyToolStrategy::OnHit	repaired-contained	0105b6a0	containing-function-fallback	medium	True	ENGINE_IMPLEMENTATION|P1|INFERRED->GAMEPLAY_LOGIC|P3|CONFIRMED	sdk=Simulator::cPlaceColonyToolStrategy::OnHit; containing=0105b6a0(off+656,tail-32,0105b6a0..0105b950,FUN_0105b6a0); xrefs_to=0; bytes=1451e8b96effff8b4c241c8b118b4204; prologue=False padding=False; neighbors=0105b6a0|0105ba00
0105b9d0	Simulator::cPlaceObjectToolStrategy::WhileAiming	adjudicated-dead-address	NULL	no-container-no-callers-no-prologue	low	False	no-triage-row-affected	sdk=Simulator::cPlaceObjectToolStrategy::WhileAiming; containing=NONE(No function found for 0x0105b9d0); xrefs_to=0; bytes=8bf0e8b956fcff5068908c05018bcee8; prologue=False padding=False; neighbors=0105b6a0|0105ba00
0105bc40	Simulator::cPlaceObjectToolStrategy::OnHit	repaired-contained	0105ba00	containing-function-fallback	medium	True	UNKNOWN|P3|UNKNOWN->GAMEPLAY_LOGIC|P1|CONFIRMED	sdk=Simulator::cPlaceObjectToolStrategy::OnHit; containing=0105ba00(off+576,tail-40,0105ba00..0105bc68,FUN_0105ba00); xrefs_to=0; bytes=688128ab9051e8a56bffff8b4c243083; prologue=False padding=False; neighbors=0105ba00|0105c3d0
0105bcd0	Simulator::cArtilleryWeaponStrategy::OnHit	adjudicated-dead-address	NULL	no-container-no-callers-no-prologue	low	False	no-triage-row-affected	sdk=Simulator::cArtilleryWeaponStrategy::OnHit; containing=NONE(No function found for 0x0105bcd0); xrefs_to=0; bytes=e88bc8f9ff83c40c5fb0015ec210008b; prologue=False padding=False; neighbors=0105ba00|0105c3d0
0105bcf0	Simulator::cMindEraseToolStrategy::OnHit	adjudicated-dead-address	NULL	no-container-no-callers-no-prologue	low	False	no-triage-row-affected	sdk=Simulator::cMindEraseToolStrategy::OnHit; containing=NONE(No function found for 0x0105bcf0); xrefs_to=0; bytes=c4085fb0015ec210005f32c05ec21000; prologue=False padding=False; neighbors=0105ba00|0105c3d0
0105bf20	Simulator::cGenesisDeviceToolStrategy::OnHit	adjudicated-dead-address	NULL	no-container-no-callers-no-prologue	low	False	no-triage-row-affected	sdk=Simulator::cGenesisDeviceToolStrategy::OnHit; containing=NONE(No function found for 0x0105bf20); xrefs_to=0; bytes=8b118b4204ffd05d5fb0015b83c46cc2; prologue=False padding=False; neighbors=0105ba00|0105c3d0
0105bf80	Simulator::cRallyCallToolStrategy::WhileFiring	adjudicated-dead-address	NULL	no-container-no-callers-no-prologue	low	False	no-triage-row-affected	sdk=Simulator::cRallyCallToolStrategy::WhileFiring; containing=NONE(No function found for 0x0105bf80); xrefs_to=0; bytes=017516578bcee8253eacff8bc8e8bea4; prologue=False padding=False; neighbors=0105ba00|0105c3d0
01065a60	Simulator::GalaxyCoordinatesTo3D	repaired-contained	01065a50	containing-function-fallback	medium	True	UNKNOWN|P3|UNKNOWN->GAMEPLAY_LOGIC|P1|CONFIRMED	sdk=Simulator::GalaxyCoordinatesTo3D; containing=01065a50(off+16,tail-78,01065a50..01065aae,FUN_01065a50); xrefs_to=0; bytes=05e0905b01f30f5905ccff4001090534; prologue=False padding=False; neighbors=01065a50|01065ab0
0106e410	UI::SpaceGameUI::SetActivePalette	repaired-contained	0106e3e0	containing-function-fallback	medium	True	UNKNOWN|P3|UNKNOWN->GAMEPLAY_LOGIC|P1|CONFIRMED	sdk=UI::SpaceGameUI::SetActivePalette; containing=0106e3e0(off+48,tail-454,0106e3e0..0106e5d6,FUN_0106e3e0); xrefs_to=0; bytes=018bc88b42286a04ffd08bcfe81f9dff; prologue=False padding=False; neighbors=0106e3e0|0106e5e0
01073730	UI::SpaceGameUI::Load	repaired-contained	01073700	containing-function-fallback	medium	True	UNKNOWN|P3|UNKNOWN->GAMEPLAY_LOGIC|P1|CONFIRMED	sdk=UI::SpaceGameUI::Load; containing=01073700(off+48,tail-3180,01073700..0107439c,FUN_01073700); xrefs_to=0; bytes=49016816716c106804007d2fe8df2b79; prologue=False padding=False; neighbors=01073700|010743a0
01082a20	UTFWin::TreeNode::func30h	repaired-contained	01082a10	containing-function-fallback	medium	True	ENGINE_IMPLEMENTATION|P1|INFERRED->ENGINE_INTERFACE|P3|CONFIRMED	sdk=UTFWin::TreeNode::func30h; containing=01082a10(off+16,tail-23,01082a10..01082a37,FUN_01082a10); xrefs_to=0; bytes=b756048b0d78416e018b016a125256ff; prologue=False padding=False; neighbors=01082a10|01082a40
010e87e0	IO::StreamNull::GetAccessFlags	repaired-contained	010e86c0	containing-function-fallback	medium	True	ENGINE_IMPLEMENTATION|P1|INFERRED->ENGINE_INTERFACE|P3|CONFIRMED	sdk=IO::StreamNull::GetAccessFlags; containing=010e86c0(off+288,tail-66,010e86c0..010e8822,FUN_010e86c0); xrefs_to=0; bytes=5c24288b542428d9465c89542438d80d; prologue=False padding=False; neighbors=010e86c0|010e8830
0111cd70	IO::StreamNull::GetPosition	adjudicated-dead-address	NULL	no-container-no-callers-no-prologue	low	False	no-triage-row-affected	sdk=IO::StreamNull::GetPosition; containing=NONE(No function found for 0x0111cd70); xrefs_to=0; bytes=005e33c05bc20c00cccccccccccccccc; prologue=False padding=False; neighbors=0111ccf0|0111cdb0
01154790	UTFWin::RotateEffect::func80h	repaired-contained	01154770	containing-function-fallback	medium	True	UNKNOWN|P3|UNKNOWN->ENGINE_INTERFACE|P1|CONFIRMED	sdk=UTFWin::RotateEffect::func80h; containing=01154770(off+32,tail-20,01154770..011547a4,FUN_01154770); xrefs_to=0; bytes=8bc1f00fb13b3bc10f95c084c075e15f; prologue=False padding=False; neighbors=01154770|011547b0
011e2920	RenderWare::RWHeader::GetRWObject	repaired-contained	011e28e0	containing-function-fallback	medium	True	UNKNOWN|P3|UNKNOWN->ENGINE_INTERFACE|P1|CONFIRMED	sdk=RenderWare::RWHeader::GetRWObject; containing=011e28e0(off+64,tail-153,011e28e0..011e29b9,FUN_011e28e0); xrefs_to=0; bytes=018b0853e8778700008b5c243c894424; prologue=False padding=False; neighbors=011e28e0|011e29c0
011ee5d0	RenderWare::CompiledState::Load	repaired-contained	011ee580	containing-function-fallback	medium	True	UNKNOWN|P3|UNKNOWN->ENGINE_INTERFACE|P1|CONFIRMED	sdk=RenderWare::CompiledState::Load; containing=011ee580(off+80,tail-223,011ee580..011ee6af,FUN_011ee580); xrefs_to=0; bytes=04890ddc896f018b1083c0048915e089; prologue=False padding=False; neighbors=011ee580|011ee6b0
011ef760	RenderWare::Raster::D3D9AddToUnmanagedList	repaired-contained	011ef750	containing-function-fallback	medium	True	UNKNOWN|P3|UNKNOWN->ENGINE_INTERFACE|P1|CONFIRMED	sdk=RenderWare::Raster::D3D9AddToUnmanagedList; containing=011ef750(off+16,tail-254,011ef750..011ef85e,FUN_011ef750); xrefs_to=0; bytes=f809770e0fb6906cf81e01ff249560f8; prologue=False padding=False; neighbors=011ef750|011ef880
011efbb0	RenderWare::Raster::Create	repaired-contained	011efb60	containing-function-fallback	medium	True	UNKNOWN|P3|UNKNOWN->ENGINE_INTERFACE|P1|CONFIRMED	sdk=RenderWare::Raster::Create; containing=011efb60(off+80,tail-591,011efb60..011efdff,FUN_011efb60); xrefs_to=0; bytes=005f5e5d33c05b81c4c4000000c3a1d0; prologue=False padding=False; neighbors=011efb60|011efe30
011eff00	RenderWare::Raster::CreateRaster	repaired-contained	011efeb0	containing-function-fallback	medium	True	UNKNOWN|P3|UNKNOWN->ENGINE_INTERFACE|P1|CONFIRMED	sdk=RenderWare::Raster::CreateRaster; containing=011efeb0(off+80,tail-86,011efeb0..011eff56,FUN_011efeb0); xrefs_to=0; bytes=0275318a4424203ac27524663bfd0fb7; prologue=False padding=False; neighbors=011efeb0|011eff60
011effb0	RenderWare::Raster::Delete	repaired-contained	011eff60	containing-function-fallback	medium	True	UNKNOWN|P3|UNKNOWN->ENGINE_INTERFACE|P1|CONFIRMED	sdk=RenderWare::Raster::Delete; containing=011eff60(off+80,tail-56,011eff60..011effe8,FUN_011eff60); xrefs_to=0; bytes=50ff5208c74618000000008b46088b08; prologue=False padding=False; neighbors=011eff60|011f0000
011f0050	RenderWare::Raster::D3D9GetStreamedMipLevelSize	repaired-contained	011f0000	containing-function-fallback	medium	True	UNKNOWN|P3|UNKNOWN->ENGINE_INTERFACE|P1|CONFIRMED	sdk=RenderWare::Raster::D3D9GetStreamedMipLevelSize; containing=011f0000(off+80,tail-74,011f0000..011f009a,FUN_011f0000); xrefs_to=0; bytes=b80100000033c981fa445854310f95c1; prologue=False padding=False; neighbors=011f0000|011f00a0
011f02c0	RenderWare::Raster::Fill	repaired-contained	011f0270	containing-function-fallback	medium	True	UNKNOWN|P3|UNKNOWN->ENGINE_INTERFACE|P1|CONFIRMED	sdk=RenderWare::Raster::Fill; containing=011f0270(off+80,tail-374,011f0270..011f0436,FUN_011f0270); xrefs_to=0; bytes=4458543474073d445854357525538bcd; prologue=False padding=False; neighbors=011f0270|011f0440
011f0490	RenderWare::Raster::Extract	repaired-contained	011f0440	containing-function-fallback	medium	True	UNKNOWN|P3|UNKNOWN->ENGINE_INTERFACE|P1|CONFIRMED	sdk=RenderWare::Raster::Extract; containing=011f0440(off+80,tail-559,011f0440..011f06bf,FUN_011f0440); xrefs_to=0; bytes=090100008b44244c3bc70f84fd000000; prologue=False padding=False; neighbors=011f0440|011f06c0
011f12a0	Graphics::ActiveState::SetTexture	repaired-contained	011f1280	containing-function-fallback	medium	True	UNKNOWN|P3|UNKNOWN->ENGINE_INTERFACE|P1|CONFIRMED	sdk=Graphics::ActiveState::SetTexture; containing=011f1280(off+32,tail-59,011f1280..011f12db,FUN_011f1280); xrefs_to=0; bytes=0d10916f01743285ffa1d0896f018b08; prologue=False padding=False; neighbors=011f1280|011f12e0
011f1c40	Graphics::GlobalState::Dispatch	repaired-contained	011f1c20	containing-function-fallback	medium	True	UNKNOWN|P3|UNKNOWN->ENGINE_INTERFACE|P1|CONFIRMED	sdk=Graphics::GlobalState::Dispatch; containing=011f1c20(off+32,tail-298,011f1c20..011f1d6a,FUN_011f1c20); xrefs_to=0; bytes=013bc6a3a4956f01740be861fcffff89; prologue=False padding=False; neighbors=011f1c20|011f1d70
011f21d0	Graphics::GlobalState::D3D9Sync	repaired-contained	011f21a0	containing-function-fallback	medium	True	UNKNOWN|P3|UNKNOWN->ENGINE_INTERFACE|P1|CONFIRMED	sdk=Graphics::GlobalState::D3D9Sync; containing=011f21a0(off+48,tail-675,011f21a0..011f2473,FUN_011f21a0); xrefs_to=0; bytes=0bcd0b0dec896f010b0df0896f018b2d; prologue=False padding=False; neighbors=011f21a0|011f2480
011f2c30	RenderWare::VertexDescriptionBase::D3D9VertexDescriptorAddToList	repaired-contained	011f2c00	containing-function-fallback	medium	True	UNKNOWN|P3|UNKNOWN->ENGINE_INTERFACE|P1|CONFIRMED	sdk=RenderWare::VertexDescriptionBase::D3D9VertexDescriptorAddToList; containing=011f2c00(off+48,tail-237,011f2c00..011f2d1d,FUN_011f2c00); xrefs_to=0; bytes=751e0fb7c98d0c49c1e1028d78188d75; prologue=False padding=False; neighbors=011f2c00|011f2d20
011f42a0	Graphics::RenderUtils::RegisterShaderData	repaired-contained	011f4270	containing-function-fallback	medium	True	UNKNOWN|P3|UNKNOWN->ENGINE_INTERFACE|P1|CONFIRMED	sdk=Graphics::RenderUtils::RegisterShaderData; containing=011f4270(off+48,tail-30,011f4270..011f42be,FUN_011f4270); xrefs_to=0; bytes=6f018888f0a56f018888f1a56f018b4c; prologue=False padding=False; neighbors=011f4270|011f42c0
011f4470	Graphics::MaterialShader::Initialize	repaired-contained	011f4440	containing-function-fallback	medium	True	UNKNOWN|P3|UNKNOWN->ENGINE_INTERFACE|P1|CONFIRMED	sdk=Graphics::MaterialShader::Initialize; containing=011f4440(off+48,tail-116,011f4440..011f44e4,FUN_011f4440); xrefs_to=0; bytes=3c010000008ad08b4424248bc8c1e908; prologue=False padding=False; neighbors=011f4440|011f44f0
011f7d30	Graphics::RenderUtils::SetPresentationParameters	repaired-contained	011f7d00	containing-function-fallback	medium	True	UNKNOWN|P3|UNKNOWN->ENGINE_INTERFACE|P1|CONFIRMED	sdk=Graphics::RenderUtils::SetPresentationParameters; containing=011f7d00(off+48,tail-167,011f7d00..011f7dd7,FUN_011f7d00); xrefs_to=0; bytes=8b6f018b4818890da48b6f0133d28935; prologue=False padding=False; neighbors=011f7d00|011f7de0
011f86b0	Graphics::RenderUtils::CreateDevice	repaired-contained	011f8680	containing-function-fallback	medium	True	UNKNOWN|P3|UNKNOWN->ENGINE_INTERFACE|P1|CONFIRMED	sdk=Graphics::RenderUtils::CreateDevice; containing=011f8680(off+48,tail-527,011f8680..011f88bf,FUN_011f8680); xrefs_to=0; bytes=c8896f018b1083c4048d4c2418518b4e; prologue=False padding=False; neighbors=011f8680|011f88c0
011f95f0	RenderWare::Mesh::CalculateTriangleCount	repaired-contained	011f95c0	containing-function-fallback	medium	True	UNKNOWN|P3|UNKNOWN->ENGINE_INTERFACE|P1|CONFIRMED	sdk=RenderWare::Mesh::CalculateTriangleCount; containing=011f95c0(off+48,tail-78,011f95c0..011f963e,FUN_011f95c0); xrefs_to=0; bytes=248540961f018b44240883f8ff750633; prologue=False padding=False; neighbors=011f95c0|011f9670
011f96a0	RenderWare::Mesh::SetVertexBuffer	adjudicated-tail-alias	NULL	tail-bytes-no-callers	medium	False	no-triage-row-affected	sdk=RenderWare::Mesh::SetVertexBuffer; containing=011f9670(off+48,tail-8,011f9670..011f96a8,FUN_011f9670); xrefs_to=0; bytes=b8010000005ec20800cccccccccccccc; prologue=False padding=False; neighbors=011f9670|011f96b0
011f9740	RenderWare::Mesh::Render	repaired-contained	011f9710	containing-function-fallback	medium	False	stable:ENGINE_INTERFACE|P3|CONFIRMED	sdk=RenderWare::Mesh::Render; containing=011f9710(off+48,tail-468,011f9710..011f9914,RenderWare::Mesh::SetIndexBuffer); xrefs_to=0; bytes=4e1083f90175108b46248b4008a31486; prologue=False padding=False; neighbors=011f9710|011f9920
0980bb00	UTFWin::RotateEffect::GetProxyID	adjudicated-dead-address	NULL	unmapped-unreadable	medium	False	no-triage-row-affected	sdk=UTFWin::RotateEffect::GetProxyID; containing=NONE(No function found for 0x0980bb00); xrefs_to=0; bytes=UNREADABLE; prologue=False padding=False; neighbors=013cbf20|None
